<core:FragmentDefinition xmlns="sap.m" xmlns:core="sap.ui.core">
	<ActionSheet showCancelButton="true">
		<buttons>
			<Button text="{i18n>txt_close}" icon="sap-icon://accept" width="100%" press="onSaveNoteAndClose"
				visible="{parts:[{path: 'UserProfile>/USERNAME/Value'}, {path: 'Detail>/activity_created_by'}, {path: 'Detail>/PartiesInvolved'}, {path: 'Status>/display'}, {path: 'Detail>/activity_status'}], formatter: 'sap.support.mccactivities.util.Formatter.formatMasterBtnEnable'}"/>
			<Button text="{i18n>txt_sendToMCC}" icon="sap-icon://paper-plane" width="100%" press="onSaveNoteAndSendMCC"
				visible="{parts:[{path: 'UserProfile>/USERNAME/Value'}, {path: 'Detail>/activity_created_by'}, {path: 'Detail>/PartiesInvolved'}, {path: 'Status>/display'}, {path: 'Detail>/activity_status'}], formatter: 'sap.support.mccactivities.util.Formatter.formatMasterBtnEnable'}"/>
			<Button text="{i18n>txt_edit}" icon="sap-icon://edit" width="100%" press="onEdit" visible="{Status>/display}"/>
			<Button text="{i18n>txt_createBasedOnActivity}" icon="sap-icon://add" width="100%" press="onUseAsTemplate" visible="{Status>/display}"/>
			<Button text="{i18n>txt_createBasedOnRequestor}" icon="sap-icon://add" width="100%" press="onUseAsRequestor" visible="{Status>/display}"/>
			<Button text="{i18n>txt_shareActivity}" icon="sap-icon://email" width="100%" press="onShareViaMail" visible="{Status>/display}"/>
			<Button text="{i18n>txt_sendEmailLast}" icon="sap-icon://email" width="100%" press="onMailToLastChanger" visible="{Status>/display}"/>
			<Button text="{i18n>txt_sendEmailCreator}" icon="sap-icon://email" width="100%" press="onMailToCreator" visible="{Status>/display}"/>
			<Button text="{i18n>txt_sendEmailPR}" icon="sap-icon://email" width="100%" press="onMailToPersonResponsible" visible="{Status>/display}"/>
			<Button text="{i18n>txt_setFavorite}" icon="sap-icon://favorite" width="100%" press="onSetFavorite"
				visible="{= !(!(${Status>/display}) || (${Detail>/_bFavorite}))}"/>
			<Button text="{i18n>txt_removeFavorite}" icon="sap-icon://unfavorite" width="100%" press="onRemoveFavorite"
				visible="{= !(!(${Status>/display}) || !(${Detail>/_bFavorite}))}"/>
		</buttons>
	</ActionSheet>
</core:FragmentDefinition>