<core:FragmentDefinition xmlns="sap.m" xmlns:core="sap.ui.core">
	<ViewSettingsDialog title="{i18n>txt_filter}" confirm="onFilterDialogConfirm" cancel="onFilterDialogCancel" resetFilters="onFilterDialogResetFilters">
		<filterItems>
			<ViewSettingsFilterItem text="{i18n>txt_status}" key="key" multiSelect="true" items="{SettingList>/StatusList/}">
				<items>
					<ViewSettingsItem text="{SettingList>value3}" key="{SettingList>value1}" textDirection="Inherit" selected="{SettingList>bSelected}"/>
				</items>
			</ViewSettingsFilterItem>
			<ViewSettingsFilterItem text="{i18n>txt_category}" key="key" multiSelect="true" items="{SettingList>/CategoryList/}">
				<items>
					<ViewSettingsItem text="{SettingList>value3}" key="{SettingList>value1}" textDirection="Inherit" selected="{SettingList>bSelected}"/>
				</items>
			</ViewSettingsFilterItem>
		</filterItems>
	</ViewSettingsDialog>
</core:FragmentDefinition>