<core:FragmentDefinition xmlns="sap.m" xmlns:core="sap.ui.core" xmlns:form="sap.ui.layout.form">
	<Dialog title="{i18n>txt_displayActivity}" afterClose="afterCloseDialog">
		<content>
			<form:SimpleForm maxContainerCols="1" editable="true">
				<form:content>
					<Label text="{i18n>txt_activityId}" required="true"/>
					<Input id="ActivityId" type="Number"/>
				</form:content>
			</form:SimpleForm>
		</content>
		<beginButton>
			<Button text="{i18n>txt_display}" type="Accept" press="getActivityById"/>
		</beginButton>
		<endButton>
			<Button text="{i18n>txt_cancel}" type="Reject" press="CloseDialog"/>
		</endButton>
	</Dialog>
</core:FragmentDefinition>