<core:FragmentDefinition xmlns="sap.m" xmlns:core="sap.ui.core">
	<!--<ObjectListItem type="Active" title="{Activities>activity_description}" number="{Activities>activity_id}" press="onSelectActivity"
		showMarkers="{Activities>_bFavorite}" markFavorite="{Activities>_bFavorite}">
		<attributes>
			<ObjectAttribute text="{Activities>account_name_F}"/>
			<ObjectAttribute text="{Activities>activity_person_name}"/>
			<ObjectAttribute text="{Activities>activity_service_team_name}"/>
		</attributes>
		<firstStatus>
			<ObjectStatus text="{Activities>activity_status_desc}"
				state="{ path: 'Activities>activity_status', formatter: 'sap.support.mccactivities.util.Formatter.activityStatusState' }"/>
		</firstStatus>
		<secondStatus>
			<ObjectStatus text="{Activities>activity_priority_desc}"
				state="{ path: 'Activities>activity_priority', formatter: 'sap.support.mccactivities.util.Formatter.activityPriorityState' }"/>
		</secondStatus>
	</ObjectListItem>-->
	<ObjectListItem type="Active" title="{ListActivity>activity_description}" number="{ListActivity>activity_id}" press="onSelectActivity"
		showMarkers="{ListActivity>_bFavorite}" markFavorite="{ListActivity>_bFavorite}">
		<attributes>
			<ObjectAttribute text="{ListActivity>account_name_F}"/>
			<ObjectAttribute text="{ListActivity>activity_person_name}"/>
			<ObjectAttribute text="{ListActivity>activity_service_team_name}"/>
		</attributes>
		<firstStatus>
			<ObjectStatus text="{ListActivity>activity_status_desc}"
				state="{ path: 'ListActivity>activity_status', formatter: '.formatter.activityStatusState' }"/>
		</firstStatus>
		<secondStatus>
			<ObjectStatus text="{ListActivity>activity_priority_desc}"
				state="{ path: 'ListActivity>activity_priority', formatter: '.formatter.activityPriorityState' }"/>
		</secondStatus>
	</ObjectListItem>
</core:FragmentDefinition>