<core:FragmentDefinition xmlns="sap.m" xmlns:core="sap.ui.core">
	<Dialog icon="sap-icon://customer" title="{i18n>txt_alert}" state="Success" afterClose="afterCloseDialog">
		<content>
			<Text text="{i18n>txt_msgInvalidBPCus}"/>
		</content>
		<beginButton>
			<Button text="{i18n>txt_accept}" type="Accept" enabled="{CreateControl>/NoAccountDialogAccept}" press="createActitivityWithoutAccount"/>
		</beginButton>
		<endButton>
			<Button text="{i18n>txt_cancel}" type="Reject" press="cancelNoAccountDialog"/>
		</endButton>
	</Dialog>
</core:FragmentDefinition>