<core:FragmentDefinition xmlns="sap.m" xmlns:core="sap.ui.core" xmlns:form="sap.ui.layout.form" xmlns:uni="sap.ui.unified">
	<Dialog title="{i18n>txt_uploadDialog}" afterClose="afterCloseDialog">
		<content>
			<form:SimpleForm maxContainerCols="1" editable="true">
				<form:content>
					<OverflowToolbar class="sapUiMediumMarginTop">
						<ToolbarSpacer/>
						<uni:FileUploader id="oFileUploader" uploadStart="onFileUploadStart" uploadComplete="onFileUploadComplete" uploadOnChange="false" sendXHR="true"
							useMultipart="false" style="Emphasized" placeholder="{i18n>txt_uploadLoaderPlaceHolder}"/>
						<ToolbarSpacer/>
					</OverflowToolbar>
				</form:content>
			</form:SimpleForm>
		</content>
		<beginButton>
			<Button text="{i18n>txt_upload}" type="Accept" press="onPressUploadButton"/>
		</beginButton>
		<endButton>
			<Button text="{i18n>txt_close}" type="Reject" press="CloseDialog"/>
		</endButton>
	</Dialog>
</core:FragmentDefinition>