<?xml version="1.0" encoding="utf-8"?>
<edmx:Edmx Version="1.0" 
    xmlns:edmx="http://schemas.microsoft.com/ado/2007/06/edmx" 
    xmlns:m="http://schemas.microsoft.com/ado/2007/08/dataservices/metadata" 
    xmlns:sap="http://www.sap.com/Protocols/SAPData">
    <edmx:DataServices m:DataServiceVersion="2.0">
        <Schema Namespace="SVT.LAUNCHPAD_UI_SRV" xml:lang="en" sap:schema-version="1" 
            xmlns="http://schemas.microsoft.com/ado/2008/09/edm">
            <EntityType Name="AdminUser" sap:label="Admin User" sap:content-version="1">
                <Key>
                    <PropertyRef Name="AdminId"/>
                </Key>
                <Property Name="AdminId" Type="Edm.String" Nullable="false" MaxLength="12" sap:unicode="false" sap:label="Admin Id" sap:creatable="false" sap:updatable="false"/>
                <Property Name="AdminCustomer" Type="Edm.String" MaxLength="10" sap:unicode="false" sap:label="Admin Customer" sap:creatable="false" sap:updatable="false"/>
                <Property Name="AdminCustomerName" Type="Edm.String" MaxLength="35" sap:unicode="false" sap:label="Admin Customer Name" sap:creatable="false" sap:updatable="false"/>
                <Property Name="AdminFormOfAddress" Type="Edm.String" MaxLength="30" sap:unicode="false" sap:label="Admin Form Of Address" sap:creatable="false" sap:updatable="false"/>
                <Property Name="AdminLastname" Type="Edm.String" MaxLength="30" sap:unicode="false" sap:label="Admin Last Name" sap:creatable="false" sap:updatable="false"/>
                <Property Name="AdminFirstname" Type="Edm.String" MaxLength="30" sap:unicode="false" sap:label="Admin First Name" sap:creatable="false" sap:updatable="false"/>
                <Property Name="AdminEmail" Type="Edm.String" MaxLength="100" sap:unicode="false" sap:label="Admin Email" sap:creatable="false" sap:updatable="false"/>
                <Property Name="AdminPhone" Type="Edm.String" MaxLength="16" sap:unicode="false" sap:label="Amdin Phone" sap:creatable="false" sap:updatable="false"/>
                <Property Name="AdminLocation" Type="Edm.String" MaxLength="100" sap:unicode="false" sap:label="Admin Location" sap:creatable="false" sap:updatable="false"/>
                <Property Name="UserId" Type="Edm.String" MaxLength="12" sap:unicode="false" sap:label="User Id" sap:creatable="false" sap:updatable="false"/>
                <Property Name="UserFirstname" Type="Edm.String" MaxLength="30" sap:unicode="false" sap:label="User First Name" sap:creatable="false" sap:updatable="false"/>
                <Property Name="UserLastname" Type="Edm.String" MaxLength="30" sap:unicode="false" sap:label="User Last Name" sap:creatable="false" sap:updatable="false"/>
            </EntityType>
            <EntityContainer Name="SVT_LAUNCHPAD_UI_SRV_Entities" m:IsDefaultEntityContainer="true" sap:supported-formats="atom json xlsx">
                <EntitySet Name="AdminUserSet" EntityType="SVT.LAUNCHPAD_UI_SRV.AdminUser" sap:label="Admin User Set" sap:creatable="false" sap:updatable="false" sap:deletable="false" sap:pageable="false" sap:content-version="1"/>
            </EntityContainer>
            <atom:link rel="self" href="https://supportshell-dgq5qdz5dm.dispatcher.int.sap.eu2.hana.ondemand.com/services/odata/launchpaduisrv/$metadata" 
                xmlns:atom="http://www.w3.org/2005/Atom"/>
            <atom:link rel="latest-version" href="https://supportshell-dgq5qdz5dm.dispatcher.int.sap.eu2.hana.ondemand.com/services/odata/launchpaduisrv/$metadata" 
                xmlns:atom="http://www.w3.org/2005/Atom"/>
        </Schema>
    </edmx:DataServices>
</edmx:Edmx>