<?xml version="1.0" encoding="utf-8"?>
<edmx:Edmx Version="1.0" xmlns:edmx="http://schemas.microsoft.com/ado/2007/06/edmx"
	xmlns:m="http://schemas.microsoft.com/ado/2007/08/dataservices/metadata" xmlns:sap="http://www.sap.com/Protocols/SAPData">
	<edmx:DataServices m:DataServiceVersion="2.0">
		<Schema Namespace="SVT.AUTH_PACKAGES_SRV" xml:lang="en" sap:schema-version="1" xmlns="http://schemas.microsoft.com/ado/2008/09/edm">
			<EntityType Name="auth_pack_for_cust" sap:content-version="1">
				<Key><PropertyRef Name="AuthPackId"/></Key><Property Name="AuthPackId" Type="Edm.String" Nullable="false" MaxLength="20" sap:unicode="false" sap:label="Auth. P ID"
					sap:creatable="false" sap:updatable="false" sap:sortable="false" sap:filterable="false"/><Property Name="CustomerNo" Type="Edm.String" Nullable="false" MaxLength="10" sap:unicode="false" sap:label="Customer" sap:creatable="false"
					sap:updatable="false" sap:sortable="false" sap:filterable="false"/><Property Name="Text" Type="Edm.String" Nullable="false" MaxLength="256" sap:unicode="false" sap:label="Auth. Package Text"
					sap:creatable="false" sap:updatable="false" sap:sortable="false" sap:filterable="false"/><Property Name="Protected" Type="Edm.Boolean" Nullable="false" sap:unicode="false" sap:label="Protected" sap:creatable="false"
					sap:updatable="false" sap:sortable="false" sap:filterable="false"/><Property Name="ChangedBy" Type="Edm.String" Nullable="false" MaxLength="12" sap:unicode="false" sap:label="User Name" sap:creatable="false"
					sap:updatable="false" sap:sortable="false" sap:filterable="false"/><Property Name="ChangedOn" Type="Edm.DateTime" Nullable="false" Precision="0" sap:unicode="false" sap:label="Time Stamp"
					sap:creatable="false" sap:updatable="false" sap:sortable="false" sap:filterable="false"/><Property Name="ChangedByDesc" Type="Edm.String" Nullable="false" MaxLength="100" sap:unicode="false" sap:label="Character 100"
					sap:creatable="false" sap:updatable="false" sap:sortable="false" sap:filterable="false"/><NavigationProperty Name="AuthObjectSet" Relationship="SVT.AUTH_PACKAGES_SRV.PackAuthObject" FromRole="FromRole_PackAuthObject"
					ToRole="ToRole_PackAuthObject"/></EntityType>
			<EntityType Name="auth_pack_for_user" sap:content-version="1">
				<Key><PropertyRef Name="AuthPackId"/></Key><Property Name="AuthPackId" Type="Edm.String" Nullable="false" MaxLength="20" sap:unicode="false" sap:label="Auth. P ID"
					sap:creatable="false" sap:updatable="false" sap:sortable="false" sap:filterable="false"/><Property Name="CustomerNo" Type="Edm.String" Nullable="false" MaxLength="10" sap:unicode="false" sap:label="Customer" sap:creatable="false"
					sap:updatable="false" sap:sortable="false" sap:filterable="false"/><Property Name="Text" Type="Edm.String" Nullable="false" MaxLength="256" sap:unicode="false" sap:label="Auth. Package Text"
					sap:creatable="false" sap:updatable="false" sap:sortable="false" sap:filterable="false"/><Property Name="SUser" Type="Edm.String" Nullable="false" MaxLength="12" sap:unicode="false" sap:label="User Name" sap:creatable="false"
					sap:updatable="false" sap:sortable="false" sap:filterable="false"/></EntityType>
			<EntityType Name="Auth_pack_detail" sap:content-version="1">
				<Key><PropertyRef Name="AuthPackId"/><PropertyRef Name="ObjectDesc"/><PropertyRef Name="Value"/><PropertyRef Name="Field"/></Key><Property Name="AuthPackId" Type="Edm.String" Nullable="false" MaxLength="20" sap:unicode="false" sap:label="Auth. P ID"
					sap:creatable="false" sap:updatable="false" sap:sortable="false" sap:filterable="false"/><Property Name="Object" Type="Edm.String" Nullable="false" MaxLength="10" sap:unicode="false" sap:label="Object" sap:creatable="false"
					sap:updatable="false" sap:sortable="false" sap:filterable="false"/><Property Name="ValueDesc" Type="Edm.String" Nullable="false" MaxLength="100" sap:unicode="false" sap:label="Character 100"
					sap:creatable="false" sap:updatable="false" sap:sortable="false" sap:filterable="false"/><Property Name="CustomerNo" Type="Edm.String" Nullable="false" MaxLength="10" sap:unicode="false" sap:label="Customer" sap:creatable="false"
					sap:updatable="false" sap:sortable="false" sap:filterable="false"/><Property Name="ObjectDesc" Type="Edm.String" Nullable="false" MaxLength="100" sap:unicode="false" sap:label="Character 100"
					sap:creatable="false" sap:updatable="false" sap:sortable="false" sap:filterable="false"/><Property Name="Text" Type="Edm.String" Nullable="false" MaxLength="256" sap:unicode="false" sap:label="Auth. Package Text"
					sap:creatable="false" sap:updatable="false" sap:sortable="false" sap:filterable="false"/><Property Name="ValueType" Type="Edm.String" Nullable="false" MaxLength="1" sap:unicode="false" sap:label="Single-Character Indicator"
					sap:creatable="false" sap:updatable="false" sap:sortable="false" sap:filterable="false"/><Property Name="FieldDesc" Type="Edm.String" Nullable="false" MaxLength="100" sap:unicode="false" sap:label="Character 100"
					sap:creatable="false" sap:updatable="false" sap:sortable="false" sap:filterable="false"/><Property Name="Installation" Type="Edm.String" Nullable="false" MaxLength="100" sap:unicode="false" sap:label="Character 100"
					sap:creatable="false" sap:updatable="false" sap:sortable="false" sap:filterable="false"/><Property Name="Value" Type="Edm.String" Nullable="false" MaxLength="25" sap:unicode="false"
					sap:label="Authorization Value (Auth. Packages)" sap:creatable="false" sap:updatable="false" sap:sortable="false" sap:filterable="false"/><Property Name="Field" Type="Edm.String" Nullable="false" MaxLength="10" sap:unicode="false"
					sap:label="Authorization Field (Auth. Packages)" sap:creatable="false" sap:updatable="false" sap:sortable="false" sap:filterable="false"/><Property Name="InstallDesc" Type="Edm.String" Nullable="false" MaxLength="100" sap:unicode="false" sap:label="Character 100"
					sap:creatable="false" sap:updatable="false" sap:sortable="false" sap:filterable="false"/><Property Name="Protected" Type="Edm.Boolean" Nullable="false" sap:unicode="false" sap:label="Indicator" sap:creatable="false"
					sap:updatable="false" sap:sortable="false" sap:filterable="false"/><Property Name="SkipAuthCheck" Type="Edm.Boolean" Nullable="false" sap:unicode="false" sap:label="Indicator" sap:creatable="false"
					sap:updatable="false" sap:sortable="false" sap:filterable="false"/><Property Name="AuthLevelId" Type="Edm.String" Nullable="false" MaxLength="10" sap:unicode="false"
					sap:label="Character Field with Length 10" sap:creatable="false" sap:updatable="false" sap:sortable="false" sap:filterable="false"/></EntityType>
			<EntityType Name="AuthObject" sap:content-version="1">
				<Key><PropertyRef Name="PackageId"/><PropertyRef Name="ObjectId"/></Key><Property Name="PackageId" Type="Edm.String" Nullable="false" MaxLength="12" sap:unicode="false" sap:label="Character Field of Length 12"
					sap:creatable="false" sap:updatable="false" sap:sortable="false" sap:filterable="false"/><Property Name="ObjectId" Type="Edm.String" Nullable="false" MaxLength="10" sap:unicode="false" sap:label="Character Field with Length 10"
					sap:creatable="false" sap:updatable="false" sap:sortable="false" sap:filterable="false"/><Property Name="ObjectDesc" Type="Edm.String" Nullable="false" MaxLength="100" sap:unicode="false" sap:label="Character 100"
					sap:creatable="false" sap:updatable="false" sap:sortable="false" sap:filterable="false"/><Property Name="AuthLevelId" Type="Edm.String" Nullable="false" MaxLength="10" sap:unicode="false"
					sap:label="Character Field with Length 10" sap:creatable="false" sap:updatable="false" sap:sortable="false" sap:filterable="false"/><Property Name="AuthLevelDesc" Type="Edm.String" Nullable="false" MaxLength="100" sap:unicode="false" sap:label="Character 100"
					sap:creatable="false" sap:updatable="false" sap:sortable="false" sap:filterable="false"/><Property Name="Selected" Type="Edm.Boolean" Nullable="false" sap:unicode="false" sap:label="Indicator" sap:creatable="false"
					sap:updatable="false" sap:sortable="false" sap:filterable="false"/><Property Name="AuthObjectGroup" Type="Edm.String" Nullable="false" MaxLength="10" sap:unicode="false"
					sap:label="Character Field with Length 10" sap:creatable="false" sap:updatable="false" sap:sortable="false" sap:filterable="false"/><Property Name="TopLevel" Type="Edm.String" Nullable="false" MaxLength="10" sap:unicode="false" sap:label="Character Field with Length 10"
					sap:creatable="false" sap:updatable="false" sap:sortable="false" sap:filterable="false"/><Property Name="CurrentAuthLevel" Type="Edm.String" Nullable="false" MaxLength="10" sap:unicode="false"
					sap:label="Character Field with Length 10" sap:creatable="false" sap:updatable="false" sap:sortable="false" sap:filterable="false"/><Property Name="Value" Type="Edm.String" Nullable="false" MaxLength="25" sap:unicode="false" sap:label="Field" sap:creatable="false"
					sap:updatable="false" sap:sortable="false" sap:filterable="false"/><Property Name="Field" Type="Edm.String" Nullable="false" MaxLength="10" sap:unicode="false" sap:label="Character Field with Length 10"
					sap:creatable="false" sap:updatable="false" sap:sortable="false" sap:filterable="false"/><NavigationProperty Name="AuthObjectAuthLevelSet" Relationship="SVT.AUTH_PACKAGES_SRV.PackAuthObjectLevel"
					FromRole="FromRole_PackAuthObjectLevel" ToRole="ToRole_PackAuthObjectLevel"/><NavigationProperty Name="AuthObjectAuthLevelF4HelpSet" Relationship="SVT.AUTH_PACKAGES_SRV.AuthObjectAuthLevelF4Help"
					FromRole="FromRole_AuthObjectAuthLevelF4Help" ToRole="ToRole_AuthObjectAuthLevelF4Help"/></EntityType>
			<EntityType Name="AuthObjectLevel" sap:content-version="1">
				<Key><PropertyRef Name="PackId"/><PropertyRef Name="ObjectId"/><PropertyRef Name="AuthLevel"/><PropertyRef Name="AuthLevelType"/></Key><Property Name="PackId" Type="Edm.String" Nullable="false" MaxLength="12" sap:unicode="false" sap:label="Character Field of Length 12"
					sap:creatable="false" sap:updatable="false" sap:sortable="false" sap:filterable="false"/><Property Name="ObjectId" Type="Edm.String" Nullable="false" MaxLength="10" sap:unicode="false" sap:label="Character Field with Length 10"
					sap:creatable="false" sap:updatable="false" sap:sortable="false" sap:filterable="false"/><Property Name="ObjectDesc" Type="Edm.String" MaxLength="100" sap:unicode="false" sap:label="Character 100" sap:creatable="false"
					sap:updatable="false" sap:sortable="false" sap:filterable="false"/><Property Name="CustName" Type="Edm.String" MaxLength="255" sap:unicode="false" sap:label="Char255" sap:creatable="false"
					sap:updatable="false" sap:sortable="false" sap:filterable="false"/><Property Name="CustNum" Type="Edm.String" MaxLength="10" sap:unicode="false" sap:label="Character Field with Length 10"
					sap:creatable="false" sap:updatable="false" sap:sortable="false" sap:filterable="false"/><Property Name="CustDesc" Type="Edm.String" Nullable="false" MaxLength="255" sap:unicode="false" sap:label="Char255" sap:creatable="false"
					sap:updatable="false" sap:sortable="false" sap:filterable="false"/><Property Name="AuthLevel" Type="Edm.String" Nullable="false" MaxLength="20" sap:unicode="false" sap:label="Char20" sap:creatable="false"
					sap:updatable="false" sap:sortable="false" sap:filterable="false"/><Property Name="AuthLevelDesc" Type="Edm.String" MaxLength="255" sap:unicode="false" sap:label="Char255" sap:creatable="false"
					sap:updatable="false" sap:sortable="false" sap:filterable="false"/><Property Name="AuthLevelType" Type="Edm.String" Nullable="false" MaxLength="10" sap:unicode="false"
					sap:label="Character Field with Length 10" sap:creatable="false" sap:updatable="false" sap:sortable="false" sap:filterable="false"/><Property Name="AuthLevelTypeDesc" Type="Edm.String" MaxLength="100" sap:unicode="false" sap:label="Character 100" sap:creatable="false"
					sap:updatable="false" sap:sortable="false" sap:filterable="false"/><Property Name="IsAssigned" Type="Edm.Boolean" Nullable="false" sap:unicode="false" sap:label="Indicator" sap:creatable="false"
					sap:updatable="false" sap:sortable="false" sap:filterable="false"/><Property Name="TopLevel" Type="Edm.String" MaxLength="10" sap:unicode="false" sap:label="Character Field with Length 10"/></EntityType>
			<EntityType Name="AuthObjectLevelF4Help" sap:content-version="1">
				<Key><PropertyRef Name="PackId"/><PropertyRef Name="ObjectId"/><PropertyRef Name="AuthLevel"/></Key><Property Name="PackId" Type="Edm.String" Nullable="false" MaxLength="12" sap:unicode="false" sap:label="Character Field of Length 12"
					sap:creatable="false" sap:updatable="false" sap:sortable="false" sap:filterable="false"/><Property Name="ObjectId" Type="Edm.String" Nullable="false" MaxLength="10" sap:unicode="false" sap:label="Character Field with Length 10"
					sap:creatable="false" sap:updatable="false" sap:sortable="false" sap:filterable="false"/><Property Name="ObjectDesc" Type="Edm.String" Nullable="false" MaxLength="100" sap:unicode="false" sap:label="Character 100"
					sap:creatable="false" sap:updatable="false" sap:sortable="false" sap:filterable="false"/><Property Name="CustName" Type="Edm.String" Nullable="false" MaxLength="255" sap:unicode="false" sap:label="Char255" sap:creatable="false"
					sap:updatable="false" sap:sortable="false" sap:filterable="false"/><Property Name="CustNum" Type="Edm.String" Nullable="false" MaxLength="10" sap:unicode="false" sap:label="Character Field with Length 10"
					sap:creatable="false" sap:updatable="false" sap:sortable="false" sap:filterable="false"/><Property Name="CustDesc" Type="Edm.String" Nullable="false" MaxLength="255" sap:unicode="false" sap:label="Char255" sap:creatable="false"
					sap:updatable="false" sap:sortable="false" sap:filterable="false"/><Property Name="AuthLevel" Type="Edm.String" Nullable="false" MaxLength="20" sap:unicode="false" sap:label="Char20" sap:creatable="false"
					sap:updatable="false" sap:sortable="false" sap:filterable="false"/><Property Name="AuthLevelDesc" Type="Edm.String" Nullable="false" MaxLength="255" sap:unicode="false" sap:label="Char255"
					sap:creatable="false" sap:updatable="false" sap:sortable="false" sap:filterable="false"/><Property Name="AuthLevelType" Type="Edm.String" Nullable="false" MaxLength="10" sap:unicode="false"
					sap:label="Character Field with Length 10" sap:creatable="false" sap:updatable="false" sap:sortable="false" sap:filterable="false"/><Property Name="AuthLevelTypeDesc" Type="Edm.String" Nullable="false" MaxLength="100" sap:unicode="false" sap:label="Character 100"
					sap:creatable="false" sap:updatable="false" sap:sortable="false" sap:filterable="false"/><Property Name="IsAssigned" Type="Edm.Boolean" Nullable="false" sap:unicode="false" sap:label="Indicator" sap:creatable="false"
					sap:updatable="false" sap:sortable="false" sap:filterable="false"/><Property Name="TopLevel" Type="Edm.String" Nullable="false" MaxLength="10" sap:unicode="false" sap:label="Character Field with Length 10"
					sap:creatable="false" sap:updatable="false" sap:sortable="false" sap:filterable="false"/></EntityType>
			<EntityType Name="auth_pack_set_for_user" sap:content-version="1">
				<Key><PropertyRef Name="AuthPackId"/><PropertyRef Name="SUser"/></Key><Property Name="AuthPackId" Type="Edm.String" Nullable="false" MaxLength="20" sap:unicode="false" sap:label="Auth. P ID"
					sap:creatable="false" sap:updatable="false" sap:sortable="false" sap:filterable="false"/><Property Name="Text" Type="Edm.String" Nullable="false" MaxLength="100" sap:unicode="false" sap:label="Auth. Package Text"
					sap:creatable="false" sap:updatable="false" sap:sortable="false" sap:filterable="false"/><Property Name="SUser" Type="Edm.String" Nullable="false" MaxLength="12" sap:unicode="false" sap:label="User Name" sap:creatable="false"
					sap:updatable="false" sap:sortable="false" sap:filterable="false"/></EntityType>
			<EntityType Name="Users_for_auth_pack" sap:content-version="1">
				<Key><PropertyRef Name="AuthPackId"/><PropertyRef Name="SuserId"/></Key><Property Name="AuthPackId" Type="Edm.String" Nullable="false" MaxLength="20" sap:unicode="false" sap:label="Auth. P ID"
					sap:creatable="false" sap:updatable="false" sap:sortable="false" sap:filterable="false"/><Property Name="AuthPackText" Type="Edm.String" Nullable="false" MaxLength="100" sap:unicode="false" sap:label="Auth. Package Text"
					sap:creatable="false" sap:updatable="false" sap:sortable="false" sap:filterable="false"/><Property Name="SuserId" Type="Edm.String" Nullable="false" MaxLength="12" sap:unicode="false" sap:label="User Name" sap:creatable="false"
					sap:updatable="false" sap:sortable="false" sap:filterable="false"/><Property Name="FirstName" Type="Edm.String" Nullable="false" MaxLength="35" sap:unicode="false" sap:label="Name" sap:creatable="false"
					sap:updatable="false" sap:sortable="false" sap:filterable="false"/><Property Name="LastName" Type="Edm.String" Nullable="false" MaxLength="35" sap:unicode="false" sap:label="Name 2" sap:creatable="false"
					sap:updatable="false" sap:sortable="false" sap:filterable="false"/><Property Name="Department" Type="Edm.String" Nullable="false" MaxLength="100" sap:unicode="false" sap:label="Character 100"
					sap:creatable="false" sap:updatable="false" sap:sortable="false" sap:filterable="false"/><Property Name="CustNumber" Type="Edm.String" Nullable="false" MaxLength="10" sap:unicode="false" sap:label="Customer" sap:creatable="false"
					sap:updatable="false" sap:sortable="false" sap:filterable="false"/></EntityType>
			<EntityType Name="UserInfo" sap:content-version="1">
				<Key><PropertyRef Name="Userid"/></Key><Property Name="Userid" Type="Edm.String" Nullable="false" MaxLength="12" sap:unicode="false" sap:label="USERID" sap:creatable="false"
					sap:updatable="false" sap:sortable="false" sap:filterable="false"/><Property Name="InfoText" Type="Edm.String" Nullable="false" MaxLength="1500" sap:unicode="false" sap:label="Char1500" sap:creatable="false"
					sap:updatable="false" sap:sortable="false" sap:filterable="false"/></EntityType>
			<EntityType Name="auth_pack_copy_for_cust" sap:content-version="1">
				<Key><PropertyRef Name="AuthPackId"/></Key><Property Name="AuthPackId" Type="Edm.String" Nullable="false" MaxLength="10" sap:unicode="false" sap:label="Auth. P ID"
					sap:creatable="false" sap:updatable="false" sap:sortable="false" sap:filterable="false"/><Property Name="CustomerNo" Type="Edm.String" Nullable="false" MaxLength="10" sap:unicode="false" sap:label="Customer" sap:creatable="false"
					sap:updatable="false" sap:sortable="false" sap:filterable="false"/><Property Name="Text" Type="Edm.String" Nullable="false" MaxLength="256" sap:unicode="false" sap:label="Auth. Package Text"
					sap:creatable="false" sap:updatable="false" sap:sortable="false" sap:filterable="false"/><Property Name="Protected" Type="Edm.Boolean" Nullable="false" sap:unicode="false" sap:label="Protected" sap:creatable="false"
					sap:updatable="false" sap:sortable="false" sap:filterable="false"/><Property Name="ChangedBy" Type="Edm.String" Nullable="false" MaxLength="12" sap:unicode="false" sap:label="User Name" sap:creatable="false"
					sap:updatable="false" sap:sortable="false" sap:filterable="false"/><Property Name="ChangedOn" Type="Edm.DateTime" Nullable="false" Precision="0" sap:unicode="false" sap:label="Time Stamp"
					sap:creatable="false" sap:updatable="false" sap:sortable="false" sap:filterable="false"/><Property Name="ChangedByDesc" Type="Edm.String" Nullable="false" MaxLength="100" sap:unicode="false" sap:label="Character 100"
					sap:creatable="false" sap:updatable="false" sap:sortable="false" sap:filterable="false"/><Property Name="CopyauthPackID" Type="Edm.String" Nullable="false" MaxLength="20" sap:unicode="false" sap:label="Auth. P ID"
					sap:creatable="false" sap:updatable="false" sap:sortable="false" sap:filterable="false"/></EntityType>
			<EntityType Name="AuthorizedCustomers" sap:content-version="1">
				<Key><PropertyRef Name="Kunnr"/></Key><Property Name="Kunnr" Type="Edm.String" Nullable="false" MaxLength="10" sap:unicode="false" sap:label="Customer Number"
					sap:creatable="false" sap:updatable="false" sap:sortable="false" sap:filterable="false"/><Property Name="CustomerName" Type="Edm.String" Nullable="false" MaxLength="30" sap:unicode="false" sap:label="Customer Name"
					sap:creatable="false" sap:updatable="false" sap:sortable="false" sap:filterable="false"/><Property Name="Description" Type="Edm.String" Nullable="false" MaxLength="30" sap:unicode="false" sap:label="Description"
					sap:creatable="false" sap:updatable="false" sap:sortable="false" sap:filterable="false"/></EntityType>
			<EntityType Name="AuthorizedInstallations" sap:content-version="1">
				<Key><PropertyRef Name="Kunnr"/><PropertyRef Name="InstallationNumber"/></Key><Property Name="Kunnr" Type="Edm.String" Nullable="false" MaxLength="10" sap:unicode="false" sap:label="Customer" sap:creatable="false"
					sap:updatable="false" sap:sortable="false" sap:filterable="false"/><Property Name="InstallationNumber" Type="Edm.String" Nullable="false" MaxLength="10" sap:unicode="false" sap:label="Installation Number"
					sap:creatable="false" sap:updatable="false" sap:sortable="false" sap:filterable="false"/><Property Name="CustomerName" Type="Edm.String" Nullable="false" MaxLength="30" sap:unicode="false" sap:label="Name 1" sap:creatable="false"
					sap:updatable="false" sap:sortable="false" sap:filterable="false"/><Property Name="InstallationName" Type="Edm.String" Nullable="false" MaxLength="60" sap:unicode="false" sap:label="Install. Name"
					sap:creatable="false" sap:updatable="false" sap:sortable="false" sap:filterable="false"/></EntityType>
			<EntityType Name="AuthorizedUsers" sap:content-version="1">
				<Key><PropertyRef Name="Kunnr"/><PropertyRef Name="Uname"/></Key><Property Name="Kunnr" Type="Edm.String" Nullable="false" MaxLength="10" sap:unicode="false" sap:label="Customer" sap:creatable="false"
					sap:updatable="false" sap:sortable="false" sap:filterable="false"/><Property Name="CustomerName" Type="Edm.String" Nullable="false" MaxLength="30" sap:unicode="false" sap:label="Customer Name"
					sap:creatable="false" sap:updatable="false" sap:sortable="false" sap:filterable="false"/><Property Name="Uname" Type="Edm.String" Nullable="false" MaxLength="12" sap:unicode="false" sap:label="User" sap:creatable="false"
					sap:updatable="false" sap:sortable="false" sap:filterable="false"/><Property Name="Name" Type="Edm.String" Nullable="false" MaxLength="80" sap:unicode="false" sap:label="User Name" sap:creatable="false"
					sap:updatable="false" sap:sortable="false" sap:filterable="false"/></EntityType>
			<ComplexType Name="SimilarAuthorizationPackageDetails"><Property Name="AuthPackId" Type="Edm.String" Nullable="false" MaxLength="20" sap:label="Authorization Package Id" sap:creatable="false"
				sap:updatable="false" sap:sortable="false" sap:filterable="false"/><Property Name="AuthPackText" Type="Edm.String" Nullable="false" MaxLength="100" sap:label="Authorization Package Text"
				sap:creatable="false" sap:updatable="false" sap:sortable="false" sap:filterable="false"/><Property Name="Protected" Type="Edm.Boolean" Nullable="false" sap:label="Protected" sap:creatable="false" sap:updatable="false"
				sap:sortable="false" sap:filterable="false"/><Property Name="ChangedOn" Type="Edm.DateTime" Precision="0" sap:label="Changed On" sap:creatable="false" sap:updatable="false"
				sap:sortable="false" sap:filterable="false"/><Property Name="ChangedBy" Type="Edm.String" Nullable="false" MaxLength="12" sap:label="Changed By" sap:creatable="false"
				sap:updatable="false" sap:sortable="false" sap:filterable="false"/><Property Name="ChangedByDesc" Type="Edm.String" Nullable="false" MaxLength="100" sap:label="Changed By Description" sap:creatable="false"
				sap:updatable="false" sap:sortable="false" sap:filterable="false"/></ComplexType>
			<Association Name="PackAuthObject" sap:content-version="1"><End Type="SVT.AUTH_PACKAGES_SRV.auth_pack_for_cust" Multiplicity="1" Role="FromRole_PackAuthObject"/><End Type="SVT.AUTH_PACKAGES_SRV.AuthObject" Multiplicity="*" Role="ToRole_PackAuthObject"/>
				<ReferentialConstraint>
					<Principal Role="FromRole_PackAuthObject"><PropertyRef Name="AuthPackId"/></Principal>
					<Dependent Role="ToRole_PackAuthObject"><PropertyRef Name="PackageId"/></Dependent>
				</ReferentialConstraint>
			</Association>
			<Association Name="PackAuthObjectLevel" sap:content-version="1"><End Type="SVT.AUTH_PACKAGES_SRV.AuthObject" Multiplicity="1" Role="FromRole_PackAuthObjectLevel"/><End Type="SVT.AUTH_PACKAGES_SRV.AuthObjectLevel" Multiplicity="*" Role="ToRole_PackAuthObjectLevel"/>
				<ReferentialConstraint>
					<Principal Role="FromRole_PackAuthObjectLevel"><PropertyRef Name="ObjectId"/><PropertyRef Name="PackageId"/></Principal>
					<Dependent Role="ToRole_PackAuthObjectLevel"><PropertyRef Name="ObjectId"/><PropertyRef Name="PackId"/></Dependent>
				</ReferentialConstraint>
			</Association>
			<Association Name="AuthObjectAuthLevelF4Help" sap:content-version="1"><End Type="SVT.AUTH_PACKAGES_SRV.AuthObject" Multiplicity="1" Role="FromRole_AuthObjectAuthLevelF4Help"/><End Type="SVT.AUTH_PACKAGES_SRV.AuthObjectLevelF4Help" Multiplicity="*" Role="ToRole_AuthObjectAuthLevelF4Help"/></Association>
			<EntityContainer Name="SVT_AUTH_PACKAGES_SRV_Entities" m:IsDefaultEntityContainer="true" sap:supported-formats="atom json xlsx"><EntitySet Name="auth_pack_for_custSet" EntityType="SVT.AUTH_PACKAGES_SRV.auth_pack_for_cust" sap:creatable="false" sap:updatable="false"
				sap:deletable="false" sap:pageable="false" sap:addressable="false" sap:content-version="1"/><EntitySet Name="auth_pack_for_userSet" EntityType="SVT.AUTH_PACKAGES_SRV.auth_pack_for_user" sap:creatable="false" sap:updatable="false"
				sap:deletable="false" sap:pageable="false" sap:addressable="false" sap:content-version="1"/><EntitySet Name="Auth_pack_detailSet" EntityType="SVT.AUTH_PACKAGES_SRV.Auth_pack_detail" sap:creatable="false" sap:updatable="false"
				sap:deletable="false" sap:pageable="false" sap:addressable="false" sap:content-version="1"/><EntitySet Name="AuthObjectSet" EntityType="SVT.AUTH_PACKAGES_SRV.AuthObject" sap:creatable="false" sap:updatable="false"
				sap:deletable="false" sap:pageable="false" sap:content-version="1"/><EntitySet Name="AuthObjectLevelSet" EntityType="SVT.AUTH_PACKAGES_SRV.AuthObjectLevel" sap:creatable="false" sap:updatable="false"
				sap:deletable="false" sap:pageable="false" sap:content-version="1"/><EntitySet Name="AuthObjectLevelF4HelpSet" EntityType="SVT.AUTH_PACKAGES_SRV.AuthObjectLevelF4Help" sap:creatable="false"
				sap:updatable="false" sap:deletable="false" sap:pageable="false" sap:content-version="1"/><EntitySet Name="auth_pack_set_for_userSet" EntityType="SVT.AUTH_PACKAGES_SRV.auth_pack_set_for_user" sap:creatable="false"
				sap:updatable="false" sap:deletable="false" sap:pageable="false" sap:addressable="false" sap:content-version="1"/><EntitySet Name="Users_for_auth_packSet" EntityType="SVT.AUTH_PACKAGES_SRV.Users_for_auth_pack" sap:creatable="false" sap:updatable="false"
				sap:deletable="false" sap:pageable="false" sap:addressable="false" sap:content-version="1"/><EntitySet Name="UserInfoSet" EntityType="SVT.AUTH_PACKAGES_SRV.UserInfo" sap:creatable="false" sap:updatable="false" sap:deletable="false"
				sap:pageable="false" sap:content-version="1"/><EntitySet Name="auth_pack_copy_for_custSet" EntityType="SVT.AUTH_PACKAGES_SRV.auth_pack_copy_for_cust" sap:creatable="false"
				sap:updatable="false" sap:deletable="false" sap:pageable="false" sap:addressable="false" sap:content-version="1"/><EntitySet Name="AuthorizedCustomersSet" EntityType="SVT.AUTH_PACKAGES_SRV.AuthorizedCustomers" sap:creatable="false" sap:updatable="false"
				sap:deletable="false" sap:pageable="false" sap:addressable="false" sap:content-version="1"/><EntitySet Name="AuthorizedInstallationsSet" EntityType="SVT.AUTH_PACKAGES_SRV.AuthorizedInstallations" sap:creatable="false"
				sap:updatable="false" sap:deletable="false" sap:pageable="false" sap:addressable="false" sap:content-version="1"/><EntitySet Name="AuthorizedUsersSet" EntityType="SVT.AUTH_PACKAGES_SRV.AuthorizedUsers" sap:creatable="false" sap:updatable="false"
				sap:deletable="false" sap:pageable="false" sap:addressable="false" sap:content-version="1"/><EntitySet Name="AuthPackages" EntityType="SVT.AUTH_PACKAGES_SRV.auth_pack_for_user" sap:creatable="false" sap:updatable="false"
				sap:deletable="false" sap:pageable="false" sap:addressable="false" sap:content-version="1"/>
				<AssociationSet Name="AuthObjectAuthLevelSet" Association="SVT.AUTH_PACKAGES_SRV.PackAuthObjectLevel" sap:creatable="false"
					sap:updatable="false" sap:deletable="false" sap:content-version="1"><End EntitySet="AuthObjectSet" Role="FromRole_PackAuthObjectLevel"/><End EntitySet="AuthObjectLevelSet" Role="ToRole_PackAuthObjectLevel"/></AssociationSet>
				<AssociationSet Name="AuthObjectAuthLevelF4HelpSet" Association="SVT.AUTH_PACKAGES_SRV.AuthObjectAuthLevelF4Help" sap:creatable="false"
					sap:updatable="false" sap:deletable="false" sap:content-version="1"><End EntitySet="AuthObjectSet" Role="FromRole_AuthObjectAuthLevelF4Help"/><End EntitySet="AuthObjectLevelF4HelpSet" Role="ToRole_AuthObjectAuthLevelF4Help"/></AssociationSet>
				<AssociationSet Name="PackAuthObjectSet" Association="SVT.AUTH_PACKAGES_SRV.PackAuthObject" sap:creatable="false" sap:updatable="false"
					sap:deletable="false" sap:content-version="1"><End EntitySet="auth_pack_for_custSet" Role="FromRole_PackAuthObject"/><End EntitySet="AuthObjectSet" Role="ToRole_PackAuthObject"/></AssociationSet>
				<FunctionImport Name="GetSimilarAuthPkgsByAuthObjects" ReturnType="Collection(SVT.AUTH_PACKAGES_SRV.SimilarAuthorizationPackageDetails)"
					m:HttpMethod="GET" sap:label="Get Similar Authorization Packages by Authorization Objects"><Parameter Name="AuthorizationObjects" Type="Edm.String" Mode="In"/></FunctionImport>
			</EntityContainer><atom:link rel="self"
				href="https://supportshell-dgq5qdz5dm.dispatcher.int.sap.eu2.hana.ondemand.com/services/odata/authpackagessrv/$metadata"
				xmlns:atom="http://www.w3.org/2005/Atom"/><atom:link rel="latest-version"
				href="https://supportshell-dgq5qdz5dm.dispatcher.int.sap.eu2.hana.ondemand.com/services/odata/authpackagessrv/$metadata"
				xmlns:atom="http://www.w3.org/2005/Atom"/></Schema>
	</edmx:DataServices>
</edmx:Edmx>