<?xml version="1.0" encoding="utf-8"?>
<edmx:Edmx Version="1.0" 
    xmlns:edmx="http://schemas.microsoft.com/ado/2007/06/edmx" 
    xmlns:m="http://schemas.microsoft.com/ado/2007/08/dataservices/metadata" 
    xmlns:sap="http://www.sap.com/Protocols/SAPData">
    <edmx:Reference Uri="/sap/opu/odata/IWFND/CATALOGSERVICE;v=2/Vocabularies(TechnicalName='%2FIWBEP%2FVOC_COMMON',Version='0001',SAP__Origin='LOCAL')/$value" 
        xmlns:edmx="http://docs.oasis-open.org/odata/ns/edmx">
        <edmx:Include Namespace="com.sap.vocabularies.Common.v1" Alias="Common"/>
    </edmx:Reference>
    <edmx:DataServices m:DataServiceVersion="2.0">
        <Schema Namespace="SVT.CLOUD_S_USER_AUTH_SRV" xml:lang="en" sap:schema-version="1" 
            xmlns="http://schemas.microsoft.com/ado/2008/09/edm">
            <EntityType Name="important_contacts" sap:content-version="1">
                <Key>
                    <PropertyRef Name="UserId"/>
                    <PropertyRef Name="Function"/>
                </Key>
                <Property Name="UserId" Type="Edm.String" Nullable="false" MaxLength="30" sap:unicode="false" sap:label="USER_ID" sap:creatable="false" sap:updatable="false" sap:sortable="false" sap:filterable="false"/>
                <Property Name="UserCustNum" Type="Edm.String" Nullable="false" MaxLength="10" sap:unicode="false" sap:label="Customer" sap:creatable="false" sap:updatable="false" sap:sortable="false" sap:filterable="false"/>
                <Property Name="Email" Type="Edm.String" Nullable="false" sap:unicode="false" sap:label="EMAIL" sap:creatable="false" sap:updatable="false" sap:sortable="false" sap:filterable="false"/>
                <Property Name="Phone" Type="Edm.String" Nullable="false" sap:unicode="false" sap:label="PHONE" sap:creatable="false" sap:updatable="false" sap:sortable="false" sap:filterable="false"/>
                <Property Name="Dept" Type="Edm.String" Nullable="false" sap:unicode="false" sap:label="DEPT" sap:creatable="false" sap:updatable="false" sap:sortable="false" sap:filterable="false"/>
                <Property Name="FunctionId" Type="Edm.String" Nullable="false" MaxLength="40" sap:unicode="false" sap:label="Char" sap:creatable="false" sap:updatable="false" sap:sortable="false" sap:filterable="false"/>
                <Property Name="Function" Type="Edm.String" Nullable="false" sap:unicode="false" sap:label="FUNCTION" sap:creatable="false" sap:updatable="false" sap:sortable="false" sap:filterable="false"/>
                <Property Name="GlobalFlag" Type="Edm.Boolean" Nullable="false" sap:unicode="false" sap:label="Indicator" sap:creatable="false" sap:updatable="false" sap:sortable="false" sap:filterable="false"/>
                <Property Name="Ccc" Type="Edm.String" Nullable="false" MaxLength="10" sap:unicode="false" sap:label="Customer" sap:creatable="false" sap:updatable="false" sap:sortable="false" sap:filterable="false"/>
                <Property Name="CccName" Type="Edm.String" Nullable="false" sap:unicode="false" sap:label="CCC_NAME" sap:creatable="false" sap:updatable="false" sap:sortable="false" sap:filterable="false"/>
                <Property Name="CustNum" Type="Edm.String" Nullable="false" MaxLength="10" sap:unicode="false" sap:label="Customer" sap:creatable="false" sap:updatable="false" sap:sortable="false" sap:filterable="false"/>
                <Property Name="CustName" Type="Edm.String" Nullable="false" sap:unicode="false" sap:label="CUST_NAME" sap:creatable="false" sap:updatable="false" sap:sortable="false" sap:filterable="false"/>
                <Property Name="Inst" Type="Edm.String" Nullable="false" MaxLength="10" sap:unicode="false" sap:label="Character Field of Length 10" sap:creatable="false" sap:updatable="false" sap:sortable="false" sap:filterable="false"/>
                <Property Name="InstName" Type="Edm.String" Nullable="false" MaxLength="100" sap:unicode="false" sap:label="Character 100" sap:creatable="false" sap:updatable="false" sap:sortable="false" sap:filterable="false"/>
                <Property Name="FirstName" Type="Edm.String" Nullable="false" MaxLength="40" sap:unicode="false" sap:label="Char" sap:creatable="false" sap:updatable="false" sap:sortable="false" sap:filterable="false"/>
                <Property Name="LastName" Type="Edm.String" Nullable="false" MaxLength="40" sap:unicode="false" sap:label="Char" sap:creatable="false" sap:updatable="false" sap:sortable="false" sap:filterable="false"/>
                <Property Name="TechUserFlag" Type="Edm.Boolean" Nullable="false" sap:unicode="false" sap:label="Indicator" sap:creatable="false" sap:updatable="false" sap:sortable="false" sap:filterable="false"/>
                <Property Name="LogonUserId" Type="Edm.String" Nullable="false" MaxLength="30" sap:unicode="false" sap:label="LOGON_USER_ID" sap:creatable="false" sap:updatable="false" sap:sortable="false" sap:filterable="false"/>
                <Property Name="IsPartner" Type="Edm.Boolean" Nullable="false" sap:unicode="false" sap:label="Indicator" sap:creatable="false" sap:updatable="false" sap:sortable="false" sap:filterable="false"/>
            </EntityType>
            <EntityType Name="user_auth" sap:content-version="1">
                <Key>
                    <PropertyRef Name="AuthObject"/>
                    <PropertyRef Name="Userid"/>
                </Key>
                <Property Name="GlobalFlag" Type="Edm.Boolean" Nullable="false" sap:unicode="false" sap:label="Indicator" sap:creatable="false" sap:updatable="false" sap:sortable="false" sap:filterable="false"/>
                <Property Name="AuthObjectText" Type="Edm.String" Nullable="false" MaxLength="60" sap:unicode="false" sap:label="Desc.Auth.Obj." sap:creatable="false" sap:updatable="false" sap:sortable="false" sap:filterable="false"/>
                <Property Name="AuthObject" Type="Edm.String" Nullable="false" MaxLength="10" sap:unicode="false" sap:label="Object" sap:creatable="false" sap:updatable="false" sap:sortable="false" sap:filterable="false"/>
                <Property Name="Selected" Type="Edm.Boolean" Nullable="false" sap:unicode="false" sap:label="Indicator" sap:creatable="false" sap:updatable="false" sap:sortable="false" sap:filterable="false"/>
                <Property Name="Userid" Type="Edm.String" Nullable="false" MaxLength="12" sap:unicode="false" sap:label="User" sap:creatable="false" sap:updatable="false" sap:sortable="false" sap:filterable="false"/>
            </EntityType>
            <EntityType Name="user_auth_check_cld_onprem" sap:content-version="1">
                <Key>
                    <PropertyRef Name="Userid"/>
                    <PropertyRef Name="CheckId"/>
                </Key>
                <Property Name="Checked" Type="Edm.Boolean" Nullable="false" sap:unicode="false" sap:label="Indicator" sap:creatable="false" sap:updatable="false" sap:sortable="false" sap:filterable="false"/>
                <Property Name="Userid" Type="Edm.String" Nullable="false" MaxLength="12" sap:unicode="false" sap:label="User" sap:creatable="false" sap:updatable="false" sap:sortable="false" sap:filterable="false"/>
                <Property Name="CheckId" Type="Edm.String" Nullable="false" MaxLength="10" sap:unicode="false" sap:label="Character Field Length = 10" sap:creatable="false" sap:updatable="false" sap:sortable="false" sap:filterable="false"/>
            </EntityType>
            <EntityType Name="cloud_tenants" sap:content-version="1">
                <Key>
                    <PropertyRef Name="TenantNumber"/>
                </Key>
                <Property Name="TenantName" Type="Edm.String" Nullable="false" MaxLength="40" sap:unicode="false" sap:label="Sys. Name" sap:creatable="false" sap:updatable="false" sap:sortable="false" sap:filterable="false"/>
                <Property Name="TenantNumber" Type="Edm.String" Nullable="false" MaxLength="18" sap:unicode="false" sap:label="System Number" sap:creatable="false" sap:updatable="false" sap:sortable="false" sap:filterable="false"/>
                <Property Name="InstNumber" Type="Edm.String" Nullable="false" MaxLength="10" sap:unicode="false" sap:label="Installation Number" sap:creatable="false" sap:updatable="false" sap:sortable="false" sap:filterable="false"/>
                <Property Name="InstProd" Type="Edm.String" Nullable="false" MaxLength="60" sap:unicode="false" sap:label="ShortTxt (Long)" sap:creatable="false" sap:updatable="false" sap:sortable="false" sap:filterable="false"/>
                <Property Name="CustomerName" Type="Edm.String" Nullable="false" MaxLength="35" sap:unicode="false" sap:label="Name" sap:creatable="false" sap:updatable="false" sap:sortable="false" sap:filterable="false"/>
                <Property Name="CustomerId" Type="Edm.String" Nullable="false" MaxLength="10" sap:unicode="false" sap:label="Customer" sap:creatable="false" sap:updatable="false" sap:sortable="false" sap:filterable="false"/>
                <Property Name="IsAssigned" Type="Edm.Boolean" Nullable="false" sap:unicode="false" sap:label="Indicator" sap:creatable="false" sap:updatable="false" sap:sortable="false" sap:filterable="false"/>
            </EntityType>
            <EntityType Name="cloud_installations" sap:content-version="1">
                <Key>
                    <PropertyRef Name="InstNumber"/>
                </Key>
                <Property Name="InstNumber" Type="Edm.String" Nullable="false" MaxLength="10" sap:unicode="false" sap:label="Installation Number" sap:creatable="false" sap:updatable="false" sap:sortable="false" sap:filterable="false"/>
                <Property Name="InstName" Type="Edm.String" Nullable="false" MaxLength="60" sap:unicode="false" sap:label="ShortTxt (Long)" sap:creatable="false" sap:updatable="false" sap:sortable="false" sap:filterable="false"/>
                <Property Name="CustomerName" Type="Edm.String" Nullable="false" MaxLength="35" sap:unicode="false" sap:label="Name" sap:creatable="false" sap:updatable="false" sap:sortable="false" sap:filterable="false"/>
                <Property Name="CustomerId" Type="Edm.String" Nullable="false" MaxLength="10" sap:unicode="false" sap:label="Customer" sap:creatable="false" sap:updatable="false" sap:sortable="false" sap:filterable="false"/>
                <Property Name="IsAssigned" Type="Edm.Boolean" Nullable="false" sap:unicode="false" sap:label="Indicator" sap:creatable="false" sap:updatable="false" sap:sortable="false" sap:filterable="false"/>
            </EntityType>
            <EntityType Name="get_cld_auth_for_user" sap:content-version="1">
                <Key>
                    <PropertyRef Name="Userid"/>
                    <PropertyRef Name="AuthObjectName"/>
                    <PropertyRef Name="AuthLevel"/>
                    <PropertyRef Name="AuthLevelName"/>
                    <PropertyRef Name="Value"/>
                </Key>
                <Property Name="Userid" Type="Edm.String" Nullable="false" MaxLength="12" sap:unicode="false" sap:label="User" sap:creatable="false" sap:updatable="false" sap:sortable="false" sap:filterable="false"/>
                <Property Name="AuthObjectName" Type="Edm.String" Nullable="false" MaxLength="60" sap:unicode="false" sap:label="Install. Name" sap:creatable="false" sap:updatable="false" sap:sortable="false" sap:filterable="false"/>
                <Property Name="AuthLevel" Type="Edm.String" Nullable="false" MaxLength="10" sap:unicode="false" sap:label="Authorization Fld" sap:creatable="false" sap:updatable="false" sap:sortable="false" sap:filterable="false"/>
                <Property Name="AuthLevelName" Type="Edm.String" Nullable="false" MaxLength="60" sap:unicode="false" sap:label="ShortTxt (Long)" sap:creatable="false" sap:updatable="false" sap:sortable="false" sap:filterable="false"/>
                <Property Name="Value" Type="Edm.String" Nullable="false" MaxLength="25" sap:unicode="false" sap:label="Author. Value" sap:creatable="false" sap:updatable="false" sap:sortable="false" sap:filterable="false"/>
            </EntityType>
            <EntityType Name="beruser_cld" sap:content-version="1">
				<Key>
					<PropertyRef Name="Ubname"/>
					<PropertyRef Name="Object"/>
					<PropertyRef Name="Field"/>
					<PropertyRef Name="Value"/>
				</Key>
				<Property Name="Ubname" Type="Edm.String" Nullable="false" MaxLength="12" sap:unicode="false" sap:label="User" sap:creatable="false" sap:updatable="false" sap:sortable="false" sap:filterable="false"/>
				<Property Name="Object" Type="Edm.String" Nullable="false" MaxLength="10" sap:unicode="false" sap:label="Object" sap:creatable="false" sap:updatable="false" sap:sortable="false" sap:filterable="false"/>
				<Property Name="Valuetyp" sap:filterable="false" sap:sortable="false" sap:label="Typ des Berechtigungswerts" sap:unicode="false" MaxLength="1" Type="Edm.String"/>	
				<Property Name="Field" Type="Edm.String" Nullable="false" MaxLength="10" sap:unicode="false" sap:label="Authorization Field (Auth. Packages)" sap:creatable="false" sap:updatable="false" sap:sortable="false" sap:filterable="false"/>
				<Property Name="Value" Type="Edm.String" Nullable="false" MaxLength="25" sap:unicode="false" sap:label="Authorization Value (Auth. Packages)" sap:creatable="false" sap:updatable="false" sap:sortable="false" sap:filterable="false"/>
			</EntityType>
            <EntityType Name="xSVTxC_InstallAuthAssignType" sap:label="Cld User Auth. Assignemet per Install." sap:content-version="1">
                <Key>
                    <PropertyRef Name="sUser"/>
                    <PropertyRef Name="authObject"/>
                    <PropertyRef Name="InstNumber"/>
                </Key>
                <Property Name="sUser" Type="Edm.String" Nullable="false" MaxLength="12" sap:label="User"/>
                <Property Name="authObject" Type="Edm.String" Nullable="false" MaxLength="10" sap:label="Object"/>
                <Property Name="InstNumber" Type="Edm.String" Nullable="false" MaxLength="10" sap:display-format="UpperCase" sap:label="Installation Number"/>
                <Property Name="InstallationName" Type="Edm.String" MaxLength="60" sap:label="Install. Name"/>
                <Property Name="InstProd" Type="Edm.String" MaxLength="10" sap:display-format="UpperCase" sap:label="Authorization Field"/>
                <Property Name="InstProdDescr" Type="Edm.String" MaxLength="60" sap:label="Short Text (Long)"/>
                <Property Name="CustomerId" Type="Edm.String" MaxLength="25" sap:display-format="UpperCase" sap:label="Authorization Value"/>
                <Property Name="CustomerName" Type="Edm.String" MaxLength="35" sap:label="Name"/>
                <Property Name="IsAssigned" Type="Edm.String" MaxLength="1" sap:display-format="UpperCase"/>
            </EntityType>
            <EntityType Name="xSVTxC_InstallAuthAssignParameters" sap:semantics="parameters" sap:content-version="1">
                <Key>
                    <PropertyRef Name="sUser"/>
                    <PropertyRef Name="authObject"/>
                </Key>
                <Property Name="sUser" Type="Edm.String" Nullable="false" MaxLength="12" sap:parameter="mandatory" sap:label="User" sap:creatable="false" sap:updatable="false" sap:sortable="false" sap:filterable="false"/>
                <Property Name="authObject" Type="Edm.String" Nullable="false" MaxLength="10" sap:parameter="mandatory" sap:label="Object" sap:creatable="false" sap:updatable="false" sap:sortable="false" sap:filterable="false"/>
                <NavigationProperty Name="Set" Relationship="SVT.CLOUD_S_USER_AUTH_SRV.assoc_988EA0BB1D34FB493CC0CF39F4E67C2C" FromRole="FromRole_assoc_988EA0BB1D34FB493CC0CF39F4E67C2C" ToRole="ToRole_assoc_988EA0BB1D34FB493CC0CF39F4E67C2C"/>
            </EntityType>
            <EntityType Name="xSVTxC_ProdAuthAssignType" sap:label="Cld User Auth. Assignemet per Product" sap:content-version="1">
                <Key>
                    <PropertyRef Name="sUser"/>
                    <PropertyRef Name="authObject"/>
                    <PropertyRef Name="InstProd"/>
                </Key>
                <Property Name="sUser" Type="Edm.String" Nullable="false" MaxLength="12" sap:label="User"/>
                <Property Name="authObject" Type="Edm.String" Nullable="false" MaxLength="10" sap:label="Object"/>
                <Property Name="CustomerId" Type="Edm.String" MaxLength="25" sap:display-format="UpperCase" sap:label="Authorization Value"/>
                <Property Name="CustomerName" Type="Edm.String" MaxLength="35" sap:label="Name"/>
                <Property Name="IsAssigned" Type="Edm.String" MaxLength="1" sap:display-format="UpperCase"/>
                <Property Name="InstProd" Type="Edm.String" Nullable="false" MaxLength="10" sap:display-format="UpperCase" sap:label="Authorization Field"/>
                <Property Name="InstProdDescr" Type="Edm.String" MaxLength="60" sap:label="Short Text (Long)"/>
            </EntityType>
            <EntityType Name="xSVTxC_ProdAuthAssignParameters" sap:semantics="parameters" sap:content-version="1">
                <Key>
                    <PropertyRef Name="sUser"/>
                    <PropertyRef Name="authObject"/>
                </Key>
                <Property Name="sUser" Type="Edm.String" Nullable="false" MaxLength="12" sap:parameter="mandatory" sap:label="User" sap:creatable="false" sap:updatable="false" sap:sortable="false" sap:filterable="false"/>
                <Property Name="authObject" Type="Edm.String" Nullable="false" MaxLength="10" sap:parameter="mandatory" sap:label="Object" sap:creatable="false" sap:updatable="false" sap:sortable="false" sap:filterable="false"/>
                <NavigationProperty Name="Set" Relationship="SVT.CLOUD_S_USER_AUTH_SRV.assoc_72E2FD9E6996AAD707D27A62F16429CF" FromRole="FromRole_assoc_72E2FD9E6996AAD707D27A62F16429CF" ToRole="ToRole_assoc_72E2FD9E6996AAD707D27A62F16429CF"/>
            </EntityType>
            <EntityType Name="xSVTxC_TenantAuthAssignType" sap:label="Cld User Auth. Assignemet per Tenant" sap:content-version="1">
                <Key>
                    <PropertyRef Name="sUser"/>
                    <PropertyRef Name="authObject"/>
                    <PropertyRef Name="TenantNumber"/>
                </Key>
                <Property Name="sUser" Type="Edm.String" Nullable="false" MaxLength="12" sap:label="User"/>
                <Property Name="authObject" Type="Edm.String" Nullable="false" MaxLength="10" sap:label="Object"/>
                <Property Name="TenantNumber" Type="Edm.String" Nullable="false" MaxLength="18" sap:display-format="UpperCase" sap:label="System Number"/>
                <Property Name="TenantName" Type="Edm.String" MaxLength="40" sap:label="Sys. Name"/>
                <Property Name="InstNumber" Type="Edm.String" MaxLength="10" sap:display-format="UpperCase" sap:label="Installation Number"/>
                <Property Name="InstallationName" Type="Edm.String" MaxLength="60" sap:label="Install. Name"/>
                <Property Name="InstProd" Type="Edm.String" MaxLength="10" sap:display-format="UpperCase" sap:label="Authorization Field"/>
                <Property Name="InstProdDescr" Type="Edm.String" MaxLength="60" sap:label="Short Text (Long)"/>
                <Property Name="CustomerId" Type="Edm.String" MaxLength="25" sap:display-format="UpperCase" sap:label="Authorization Value"/>
                <Property Name="CustomerName" Type="Edm.String" MaxLength="35" sap:label="Name"/>
                <Property Name="IsAssigned" Type="Edm.String" MaxLength="1" sap:display-format="UpperCase"/>
            </EntityType>
            <EntityType Name="xSVTxC_TenantAuthAssignParameters" sap:semantics="parameters" sap:content-version="1">
                <Key>
                    <PropertyRef Name="sUser"/>
                    <PropertyRef Name="authObject"/>
                </Key>
                <Property Name="sUser" Type="Edm.String" Nullable="false" MaxLength="12" sap:parameter="mandatory" sap:label="User" sap:creatable="false" sap:updatable="false" sap:sortable="false" sap:filterable="false"/>
                <Property Name="authObject" Type="Edm.String" Nullable="false" MaxLength="10" sap:parameter="mandatory" sap:label="Object" sap:creatable="false" sap:updatable="false" sap:sortable="false" sap:filterable="false"/>
                <NavigationProperty Name="Set" Relationship="SVT.CLOUD_S_USER_AUTH_SRV.assoc_56B3A64A2933A089D4E8D85068852EB2" FromRole="FromRole_assoc_56B3A64A2933A089D4E8D85068852EB2" ToRole="ToRole_assoc_56B3A64A2933A089D4E8D85068852EB2"/>
            </EntityType>
            <Association Name="assoc_56B3A64A2933A089D4E8D85068852EB2" sap:content-version="1">
                <End Type="SVT.CLOUD_S_USER_AUTH_SRV.xSVTxC_TenantAuthAssignParameters" Multiplicity="1" Role="FromRole_assoc_56B3A64A2933A089D4E8D85068852EB2"/>
                <End Type="SVT.CLOUD_S_USER_AUTH_SRV.xSVTxC_TenantAuthAssignType" Multiplicity="*" Role="ToRole_assoc_56B3A64A2933A089D4E8D85068852EB2"/>
            </Association>
            <Association Name="assoc_72E2FD9E6996AAD707D27A62F16429CF" sap:content-version="1">
                <End Type="SVT.CLOUD_S_USER_AUTH_SRV.xSVTxC_ProdAuthAssignParameters" Multiplicity="1" Role="FromRole_assoc_72E2FD9E6996AAD707D27A62F16429CF"/>
                <End Type="SVT.CLOUD_S_USER_AUTH_SRV.xSVTxC_ProdAuthAssignType" Multiplicity="*" Role="ToRole_assoc_72E2FD9E6996AAD707D27A62F16429CF"/>
            </Association>
            <Association Name="assoc_988EA0BB1D34FB493CC0CF39F4E67C2C" sap:content-version="1">
                <End Type="SVT.CLOUD_S_USER_AUTH_SRV.xSVTxC_InstallAuthAssignParameters" Multiplicity="1" Role="FromRole_assoc_988EA0BB1D34FB493CC0CF39F4E67C2C"/>
                <End Type="SVT.CLOUD_S_USER_AUTH_SRV.xSVTxC_InstallAuthAssignType" Multiplicity="*" Role="ToRole_assoc_988EA0BB1D34FB493CC0CF39F4E67C2C"/>
            </Association>
            <EntityContainer Name="SVT_CLOUD_S_USER_AUTH_SRV_Entities" m:IsDefaultEntityContainer="true" sap:supported-formats="atom json xlsx">
                <EntitySet Name="important_contactsSet" EntityType="SVT.CLOUD_S_USER_AUTH_SRV.important_contacts" sap:creatable="false" sap:updatable="false" sap:deletable="false" sap:pageable="false" sap:addressable="false" sap:content-version="1"/>
                <EntitySet Name="USER_AUTHSet" EntityType="SVT.CLOUD_S_USER_AUTH_SRV.user_auth" sap:creatable="false" sap:updatable="false" sap:deletable="false" sap:pageable="false" sap:content-version="1"/>
                <EntitySet Name="user_auth_check_cld_onpremSet" EntityType="SVT.CLOUD_S_USER_AUTH_SRV.user_auth_check_cld_onprem" sap:creatable="false" sap:updatable="false" sap:deletable="false" sap:pageable="false" sap:content-version="1"/>
                <EntitySet Name="cloud_tenantsSet" EntityType="SVT.CLOUD_S_USER_AUTH_SRV.cloud_tenants" sap:creatable="false" sap:updatable="false" sap:deletable="false" sap:pageable="false" sap:addressable="false" sap:content-version="1"/>
                <EntitySet Name="beruser_cldSet" EntityType="SVT.CLOUD_S_USER_AUTH_SRV.beruser_cld" sap:creatable="false" sap:updatable="false" sap:deletable="false" sap:pageable="false" sap:content-version="1"/>
                <EntitySet Name="cloud_installationsSet" EntityType="SVT.CLOUD_S_USER_AUTH_SRV.cloud_installations" sap:creatable="false" sap:updatable="false" sap:deletable="false" sap:pageable="false" sap:content-version="1"/>
                <EntitySet Name="get_cld_auth_for_userSet" EntityType="SVT.CLOUD_S_USER_AUTH_SRV.get_cld_auth_for_user" sap:creatable="false" sap:updatable="false" sap:deletable="false" sap:pageable="false" sap:content-version="1"/>
                <EntitySet Name="xSVTxC_InstallAuthAssignSet" EntityType="SVT.CLOUD_S_USER_AUTH_SRV.xSVTxC_InstallAuthAssignType" sap:creatable="false" sap:updatable="false" sap:deletable="false" sap:addressable="false" sap:content-version="1"/>
                <EntitySet Name="xSVTxC_InstallAuthAssign" EntityType="SVT.CLOUD_S_USER_AUTH_SRV.xSVTxC_InstallAuthAssignParameters" sap:creatable="false" sap:updatable="false" sap:deletable="false" sap:pageable="false" sap:content-version="1"/>
                <EntitySet Name="xSVTxC_ProdAuthAssignSet" EntityType="SVT.CLOUD_S_USER_AUTH_SRV.xSVTxC_ProdAuthAssignType" sap:creatable="false" sap:updatable="false" sap:deletable="false" sap:addressable="false" sap:content-version="1"/>
                <EntitySet Name="xSVTxC_ProdAuthAssign" EntityType="SVT.CLOUD_S_USER_AUTH_SRV.xSVTxC_ProdAuthAssignParameters" sap:creatable="false" sap:updatable="false" sap:deletable="false" sap:pageable="false" sap:content-version="1"/>
                <EntitySet Name="xSVTxC_TenantAuthAssignSet" EntityType="SVT.CLOUD_S_USER_AUTH_SRV.xSVTxC_TenantAuthAssignType" sap:creatable="false" sap:updatable="false" sap:deletable="false" sap:addressable="false" sap:content-version="1"/>
                <EntitySet Name="xSVTxC_TenantAuthAssign" EntityType="SVT.CLOUD_S_USER_AUTH_SRV.xSVTxC_TenantAuthAssignParameters" sap:creatable="false" sap:updatable="false" sap:deletable="false" sap:pageable="false" sap:content-version="1"/>
                <AssociationSet Name="assoc_72E2FD9E6996AAD707D27A62F16429CF" Association="SVT.CLOUD_S_USER_AUTH_SRV.assoc_72E2FD9E6996AAD707D27A62F16429CF" sap:creatable="false" sap:updatable="false" sap:deletable="false" sap:content-version="1">
                    <End EntitySet="xSVTxC_ProdAuthAssign" Role="FromRole_assoc_72E2FD9E6996AAD707D27A62F16429CF"/>
                    <End EntitySet="xSVTxC_ProdAuthAssignSet" Role="ToRole_assoc_72E2FD9E6996AAD707D27A62F16429CF"/>
                </AssociationSet>
                <AssociationSet Name="assoc_988EA0BB1D34FB493CC0CF39F4E67C2C" Association="SVT.CLOUD_S_USER_AUTH_SRV.assoc_988EA0BB1D34FB493CC0CF39F4E67C2C" sap:creatable="false" sap:updatable="false" sap:deletable="false" sap:content-version="1">
                    <End EntitySet="xSVTxC_InstallAuthAssign" Role="FromRole_assoc_988EA0BB1D34FB493CC0CF39F4E67C2C"/>
                    <End EntitySet="xSVTxC_InstallAuthAssignSet" Role="ToRole_assoc_988EA0BB1D34FB493CC0CF39F4E67C2C"/>
                </AssociationSet>
                <AssociationSet Name="assoc_56B3A64A2933A089D4E8D85068852EB2" Association="SVT.CLOUD_S_USER_AUTH_SRV.assoc_56B3A64A2933A089D4E8D85068852EB2" sap:creatable="false" sap:updatable="false" sap:deletable="false" sap:content-version="1">
                    <End EntitySet="xSVTxC_TenantAuthAssign" Role="FromRole_assoc_56B3A64A2933A089D4E8D85068852EB2"/>
                    <End EntitySet="xSVTxC_TenantAuthAssignSet" Role="ToRole_assoc_56B3A64A2933A089D4E8D85068852EB2"/>
                </AssociationSet>
            </EntityContainer>
            <atom:link rel="self" href="https://supportshell-waeb84638.dispatcher.int.sap.hana.ondemand.com/services/odata/cloudauthsrv/$metadata" 
                xmlns:atom="http://www.w3.org/2005/Atom"/>
            <atom:link rel="latest-version" href="https://supportshell-waeb84638.dispatcher.int.sap.hana.ondemand.com/services/odata/cloudauthsrv/$metadata" 
                xmlns:atom="http://www.w3.org/2005/Atom"/>
        </Schema>
    </edmx:DataServices>
</edmx:Edmx>