<configuration scan="true" scanPeriod="30 seconds">
    <appender name="STDOUT" class="ch.qos.logback.core.ConsoleAppender">
        <encoder>
            <pattern>%d{HH:mm:ss.SSS} [%thread] {%marker} %level %logger - %msg%n</pattern>
        </encoder>
    </appender>
    <appender name="ASYNC_STDOUT" class="ch.qos.logback.classic.AsyncAppender">
        <appender-ref ref="STDOUT" />
    </appender>

    <appender name="FILE" class="ch.qos.logback.core.rolling.RollingFileAppender">
        <file>${LOG_DIR}/neonbee.log</file>

        <rollingPolicy class="ch.qos.logback.core.rolling.SizeAndTimeBasedRollingPolicy">
            <!-- rollover daily -->
            <fileNamePattern>${LOG_DIR}/neonbee_%d{yyyy-MM-dd}.log.%i</fileNamePattern>
            <!-- each file should be at most 50MB, keep 60 days worth of history -->
            <maxFileSize>10MB</maxFileSize>
            <maxHistory>60</maxHistory>
            <totalSizeCap>2GB</totalSizeCap>
        </rollingPolicy>

        <encoder>
            <pattern>%d{HH:mm:ss.SSS} [%thread] {%marker} %level %logger - %msg%n</pattern>
        </encoder>
    </appender>
    <appender name="ASYNC_FILE" class="ch.qos.logback.classic.AsyncAppender">
        <appender-ref ref="FILE" />
    </appender>

    <!-- Verbose log output for own component -->
    <logger name="com.sap.me.example" level="DEBUG" />

    <!-- Disable the very verbose mongodb DEBUG output. -->
    <logger name="org.mongodb" level="WARN" />

    <!-- For end-to-end to work, we must know if the server verticle was started, so this needs to stay on INFO -->
    <logger name="io.neonbee.internal.verticle.ServerVerticle" level="INFO" additivity="false">
        <appender-ref ref="STDOUT" />
    </logger>

    <!--
    Configure that it by default outputs warning messages to console only.
    Optionally add the ASYNC_FILE appender, to also log into a log file.
    Incrase the log level here (e.g. to DEBUG or even TRACE) to find issues in NeonBee.
    -->
    <root level="ERROR">
        <!-- You can also use / add <appender-ref ref="ASYNC_FILE" /> -->
        <appender-ref ref="ASYNC_STDOUT" />
    </root>
</configuration>