{
    "comment":"Configuration file for SAP for Me forme-support translation",
    "collections":[
        {
            "folders":[
                {
                    "startingFolderPath":"/library/**",
                    "sourceFilters":[
                        "*.properties"
                    ]
                },
                {
                    "startingFolderPath":"/app/**",
                    "sourceFilters":[
                        "*.properties"
                    ]
                },
                {
                    "startingFolderPath":"/newcl/**",
                    "sourceFilters":[
                        "*.properties"
                    ]
                }
            ]
        }
    ],
    "defaultConfiguration":{
        "targetFolderPath":".",
        "pseudoLocFolderPath":".",
        "oneQFolderPath":".",
        "targetFileNamingConvention":"[filename]_[langCode].[extension]"
    }
}