{
	"d": {
		"results": [{
				"PackageId": "22",
				"ObjectId": "G_ALL",
				"ObjectDesc": "All",
				"AuthLevelId": "group",
				"AuthLevelDesc": "",
				"Selected": false,
				"AuthObjectGroup": "",
				"TopLevel": "",
				"CurrentAuthLevel": ""
			}, {
				"PackageId": "22",
				"ObjectId": "G_INCIDENT",
				"ObjectDesc": "Incidents",
				"AuthLevelId": "group",
				"AuthLevelDesc": "",
				"Selected": false,
				"AuthObjectGroup": "",
				"TopLevel": "",
				"CurrentAuthLevel": ""
			}, {
				"PackageId": "22",
				"ObjectId": "ANLEG",
				"ObjectDesc": "Report an Incident",
				"AuthLevelId": "INSTALL",
				"AuthLevelDesc": "Installation",
				"Selected": false,
				"AuthObjectGroup": "G_INCIDENT",
				"TopLevel": "CCC",
				"CurrentAuthLevel": "restricted",
				"AuthObjectAuthLevelF4HelpSet": [{
					"PackId": "22",
					"ObjectId": "ANLEG",
					"ObjectDesc": "Report an Incident",
					"CustName": "ABC",
					"CustNum": "000000001",
					"CustDesc": "",
					"AuthLevel": "00001",
					"AuthLevelDesc": "TEST INST 1",
					"AuthLevelType": "NONDEBITOR",
					"AuthLevelTypeDesc": "Installation",
					"IsAssigned": false,
					"TopLevel": "0000203069"
				}, {
					"PackId": "22",
					"ObjectId": "ANLEG",
					"ObjectDesc": "Report an Incident",
					"CustName": "ABC",
					"CustNum": "000000001",
					"CustDesc": "",
					"AuthLevel": "00002",
					"AuthLevelDesc": "TEST ISNT 2",
					"AuthLevelType": "NONDEBITOR",
					"AuthLevelTypeDesc": "Installation",
					"IsAssigned": false,
					"TopLevel": "0000203069"
				}, {
					"PackId": "22",
					"ObjectId": "ANLEG",
					"ObjectDesc": "Report an Incident",
					"CustName": "DEF.",
					"CustNum": "000000002",
					"CustDesc": "",
					"AuthLevel": "0020252285",
					"AuthLevelDesc": "TEST SAP",
					"AuthLevelType": "NONDEBITOR",
					"AuthLevelTypeDesc": "Installation",
					"IsAssigned": false,
					"TopLevel": "0000203069"
				}, {
					"PackId": "22",
					"ObjectId": "ANLEG",
					"ObjectDesc": "Report an Incident",
					"CustName": "GHI.",
					"CustNum": "000000003",
					"CustDesc": "",
					"AuthLevel": "0020252284",
					"AuthLevelDesc": "Test Installation",
					"AuthLevelType": "NONDEBITOR",
					"AuthLevelTypeDesc": "Installation",
					"IsAssigned": false,
					"TopLevel": "0000203069"
				}, {
					"PackId": "22",
					"ObjectId": "ANLEG",
					"ObjectDesc": "Report an Incident",
					"CustName": "Long customer name",
					"CustNum": "000000004",
					"CustDesc": "",
					"AuthLevel": "0020252261",
					"AuthLevelDesc": "TEST SAP",
					"AuthLevelType": "NONDEBITOR",
					"AuthLevelTypeDesc": "Installation",
					"IsAssigned": false,
					"TopLevel": "0000203069"
				}, {
					"PackId": "22",
					"ObjectId": "ANLEG",
					"ObjectDesc": "Report an Incident",
					"CustName": "ABC.",
					"CustNum": "000000001",
					"CustDesc": "TEST INST 1",
					"AuthLevel": "000000001",
					"AuthLevelDesc": "ABC.",
					"AuthLevelType": "DEBITOR",
					"AuthLevelTypeDesc": "Customer",
					"IsAssigned": false,
					"TopLevel": "0000203069"
				}, {
					"PackId": "22",
					"ObjectId": "ANLEG",
					"ObjectDesc": "Report an Incident",
					"CustName": "DEF",
					"CustNum": "000000002",
					"CustDesc": "",
					"AuthLevel": "000000002",
					"AuthLevelDesc": "DEF",
					"AuthLevelType": "DEBITOR",
					"AuthLevelTypeDesc": "Customer",
					"IsAssigned": false,
					"TopLevel": "0000203069"
				}, {
					"PackId": "22",
					"ObjectId": "ANLEG",
					"ObjectDesc": "Report an Incident",
					"CustName": "GHI.",
					"CustNum": "000000003",
					"CustDesc": "GHI.",
					"AuthLevel": "000000003",
					"AuthLevelDesc": "test cust. #3.",
					"AuthLevelType": "DEBITOR",
					"AuthLevelTypeDesc": "Customer",
					"IsAssigned": false,
					"TopLevel": "0000203069"
				}, {
					"PackId": "22",
					"ObjectId": "ANLEG",
					"ObjectDesc": "Report an Incident",
					"CustName": "Long customer name",
					"CustNum": "000000004",
					"CustDesc": "Long customer name",
					"AuthLevel": "000000004",
					"AuthLevelDesc": "Test",
					"AuthLevelType": "DEBITOR",
					"AuthLevelTypeDesc": "Customer",
					"IsAssigned": false,
					"TopLevel": "0000203069"
				}]
			}, {
				"PackageId": "22",
				"ObjectId": "QUITT",
				"ObjectDesc": "Close Incidents",
				"AuthLevelId": "INSTALL",
				"AuthLevelDesc": "Installation",
				"Selected": false,
				"AuthObjectGroup": "G_INCIDENT",
				"TopLevel": "CCC",
				"CurrentAuthLevel": "full"
			}, {
				"PackageId": "22",
				"ObjectId": "GOSAP",
				"ObjectDesc": "Send Incidents to SAP",
				"AuthLevelId": "INSTALL",
				"AuthLevelDesc": "Installation",
				"Selected": false,
				"AuthObjectGroup": "G_INCIDENT",
				"TopLevel": "CCC",
				"CurrentAuthLevel": "full"
			}, {
				"PackageId": "22",
				"ObjectId": "READM_INST",
				"ObjectDesc": "Display Incidents",
				"AuthLevelId": "INSTALL",
				"AuthLevelDesc": "Installation",
				"Selected": false,
				"AuthObjectGroup": "G_INCIDENT",
				"TopLevel": "CCC",
				"CurrentAuthLevel": "none"
			}, {
				"PackageId": "22",
				"ObjectId": "READM",
				"ObjectDesc": "Display All Incidents",
				"AuthLevelId": "GLOBAL",
				"AuthLevelDesc": "Global",
				"Selected": false,
				"AuthObjectGroup": "G_INCIDENT",
				"TopLevel": "GLOBAL",
				"CurrentAuthLevel": "none"
			}, {
				"PackageId": "22",
				"ObjectId": "G_REMOTESU",
				"ObjectDesc": "Remote Support",
				"AuthLevelId": "group",
				"AuthLevelDesc": "",
				"Selected": false,
				"AuthObjectGroup": "",
				"TopLevel": "",
				"CurrentAuthLevel": ""
			}, {
				"PackageId": "22",
				"ObjectId": "SVER",
				"ObjectDesc": "Open Remote Connections",
				"AuthLevelId": "INSTALL",
				"AuthLevelDesc": "Installation",
				"Selected": false,
				"AuthObjectGroup": "G_REMOTESU",
				"TopLevel": "CCC",
				"CurrentAuthLevel": "none"
			}, {
				"PackageId": "22",
				"ObjectId": "G_SYSDATA",
				"ObjectDesc": "System Data",
				"AuthLevelId": "group",
				"AuthLevelDesc": "",
				"Selected": false,
				"AuthObjectGroup": "",
				"TopLevel": "",
				"CurrentAuthLevel": ""
			}, {
				"PackageId": "22",
				"ObjectId": "INSTDISP",
				"ObjectDesc": "Display System Data",
				"AuthLevelId": "USER",
				"AuthLevelDesc": "User",
				"Selected": false,
				"AuthObjectGroup": "G_SYSDATA",
				"TopLevel": "USER",
				"CurrentAuthLevel": "none"
			}, {
				"PackageId": "42",
				"ObjectId": "G_ALL",
				"ObjectDesc": "All",
				"AuthLevelId": "group",
				"AuthLevelDesc": "",
				"Selected": false,
				"AuthObjectGroup": "",
				"TopLevel": "",
				"CurrentAuthLevel": ""
			}, {
				"PackageId": "42",
				"ObjectId": "G_INCIDENT",
				"ObjectDesc": "Incidents",
				"AuthLevelId": "group",
				"AuthLevelDesc": "",
				"Selected": false,
				"AuthObjectGroup": "",
				"TopLevel": "",
				"CurrentAuthLevel": ""
			}, {
				"PackageId": "42",
				"ObjectId": "ANLEG",
				"ObjectDesc": "Report an Incident",
				"AuthLevelId": "INSTALL",
				"AuthLevelDesc": "Installation",
				"Selected": false,
				"AuthObjectGroup": "G_INCIDENT",
				"TopLevel": "CCC",
				"CurrentAuthLevel": "none"
			}, {
				"PackageId": "54",
				"ObjectId": "G_ALL",
				"ObjectDesc": "All",
				"AuthLevelId": "group",
				"AuthLevelDesc": "",
				"Selected": false,
				"AuthObjectGroup": "",
				"TopLevel": "",
				"CurrentAuthLevel": ""
			}, {
				"PackageId": "54",
				"ObjectId": "G_INCIDENT",
				"ObjectDesc": "Incidents",
				"AuthLevelId": "group",
				"AuthLevelDesc": "",
				"Selected": false,
				"AuthObjectGroup": "",
				"TopLevel": "",
				"CurrentAuthLevel": ""
			}, {
				"PackageId": "54",
				"ObjectId": "G_SYSDATA",
				"ObjectDesc": "System Data",
				"AuthLevelId": "group",
				"AuthLevelDesc": "",
				"Selected": false,
				"AuthObjectGroup": "",
				"TopLevel": "",
				"CurrentAuthLevel": ""
			}, {
				"PackageId": "54",
				"ObjectId": "INSTDISP",
				"ObjectDesc": "Display System Data",
				"AuthLevelId": "INSTALL",
				"AuthLevelDesc": "Installation",
				"Selected": false,
				"AuthObjectGroup": "G_SYSDATA",
				"TopLevel": "INSTALL",
				"CurrentAuthLevel": "none"
			}, {
				"PackageId": "54",
				"ObjectId": "G_REMOTESU",
				"ObjectDesc": "Remote Support",
				"AuthLevelId": "group",
				"AuthLevelDesc": "",
				"Selected": false,
				"AuthObjectGroup": "",
				"TopLevel": "",
				"CurrentAuthLevel": ""
			}, {
				"PackageId": "54",
				"ObjectId": "SVER",
				"ObjectDesc": "Open Remote Connections",
				"AuthLevelId": "INSTALL",
				"AuthLevelDesc": "Installation",
				"Selected": false,
				"AuthObjectGroup": "G_REMOTESU",
				"TopLevel": "CCC",
				"CurrentAuthLevel": "none"
			},

			{
				"__metadata": {
					"id": "https://supportshell-dgq5qdz5dm.dispatcher.int.sap.eu2.hana.ondemand.com/services/odata/authpackagessrv/AuthObjectSet(PackageId='',ObjectId='G_ALL')",
					"uri": "https://supportshell-dgq5qdz5dm.dispatcher.int.sap.eu2.hana.ondemand.com/services/odata/authpackagessrv/AuthObjectSet(PackageId='',ObjectId='G_ALL')",
					"type": "SVT.AUTH_PACKAGES_SRV.AuthObject"
				},
				"PackageId": "",
				"ObjectId": "G_ALL",
				"ObjectDesc": "All",
				"AuthLevelId": "group",
				"AuthLevelDesc": "",
				"Selected": false,
				"AuthObjectGroup": "",
				"TopLevel": "",
				"CurrentAuthLevel": "",
				"Value": "",
				"Field": "",
				"AuthObjectAuthLevelSet": {
					"__deferred": {
						"uri": "https://supportshell-dgq5qdz5dm.dispatcher.int.sap.eu2.hana.ondemand.com/services/odata/authpackagessrv/AuthObjectSet(PackageId='',ObjectId='G_ALL')/AuthObjectAuthLevelSet"
					}
				},
				"AuthObjectAuthLevelF4HelpSet": {
					"__deferred": {
						"uri": "https://supportshell-dgq5qdz5dm.dispatcher.int.sap.eu2.hana.ondemand.com/services/odata/authpackagessrv/AuthObjectSet(PackageId='',ObjectId='G_ALL')/AuthObjectAuthLevelF4HelpSet"
					}
				}
			}, {
				"__metadata": {
					"id": "https://supportshell-dgq5qdz5dm.dispatcher.int.sap.eu2.hana.ondemand.com/services/odata/authpackagessrv/AuthObjectSet(PackageId='',ObjectId='G_INCIDENT')",
					"uri": "https://supportshell-dgq5qdz5dm.dispatcher.int.sap.eu2.hana.ondemand.com/services/odata/authpackagessrv/AuthObjectSet(PackageId='',ObjectId='G_INCIDENT')",
					"type": "SVT.AUTH_PACKAGES_SRV.AuthObject"
				},
				"PackageId": "",
				"ObjectId": "G_INCIDENT",
				"ObjectDesc": "Incidents",
				"AuthLevelId": "group",
				"AuthLevelDesc": "",
				"Selected": false,
				"AuthObjectGroup": "",
				"TopLevel": "",
				"CurrentAuthLevel": "",
				"Value": "",
				"Field": "",
				"AuthObjectAuthLevelSet": {
					"__deferred": {
						"uri": "https://supportshell-dgq5qdz5dm.dispatcher.int.sap.eu2.hana.ondemand.com/services/odata/authpackagessrv/AuthObjectSet(PackageId='',ObjectId='G_INCIDENT')/AuthObjectAuthLevelSet"
					}
				},
				"AuthObjectAuthLevelF4HelpSet": {
					"__deferred": {
						"uri": "https://supportshell-dgq5qdz5dm.dispatcher.int.sap.eu2.hana.ondemand.com/services/odata/authpackagessrv/AuthObjectSet(PackageId='',ObjectId='G_INCIDENT')/AuthObjectAuthLevelF4HelpSet"
					}
				}
			}, {
				"__metadata": {
					"id": "https://supportshell-dgq5qdz5dm.dispatcher.int.sap.eu2.hana.ondemand.com/services/odata/authpackagessrv/AuthObjectSet(PackageId='',ObjectId='ANLEG')",
					"uri": "https://supportshell-dgq5qdz5dm.dispatcher.int.sap.eu2.hana.ondemand.com/services/odata/authpackagessrv/AuthObjectSet(PackageId='',ObjectId='ANLEG')",
					"type": "SVT.AUTH_PACKAGES_SRV.AuthObject"
				},
				"PackageId": "",
				"ObjectId": "ANLEG",
				"ObjectDesc": "Report an Incident",
				"AuthLevelId": "INSTALL",
				"AuthLevelDesc": "Installation",
				"Selected": false,
				"AuthObjectGroup": "G_INCIDENT",
				"TopLevel": "CCC",
				"CurrentAuthLevel": "none",
				"Value": "0000203069",
				"Field": "CCC",
				"AuthObjectAuthLevelSet": {
					"__deferred": {
						"uri": "https://supportshell-dgq5qdz5dm.dispatcher.int.sap.eu2.hana.ondemand.com/services/odata/authpackagessrv/AuthObjectSet(PackageId='',ObjectId='ANLEG')/AuthObjectAuthLevelSet"
					}
				},
				"AuthObjectAuthLevelF4HelpSet": {
					"__deferred": {
						"uri": "https://supportshell-dgq5qdz5dm.dispatcher.int.sap.eu2.hana.ondemand.com/services/odata/authpackagessrv/AuthObjectSet(PackageId='',ObjectId='ANLEG')/AuthObjectAuthLevelF4HelpSet"
					}
				}
			}, {
				"__metadata": {
					"id": "https://supportshell-dgq5qdz5dm.dispatcher.int.sap.eu2.hana.ondemand.com/services/odata/authpackagessrv/AuthObjectSet(PackageId='',ObjectId='QUITT')",
					"uri": "https://supportshell-dgq5qdz5dm.dispatcher.int.sap.eu2.hana.ondemand.com/services/odata/authpackagessrv/AuthObjectSet(PackageId='',ObjectId='QUITT')",
					"type": "SVT.AUTH_PACKAGES_SRV.AuthObject"
				},
				"PackageId": "",
				"ObjectId": "QUITT",
				"ObjectDesc": "Close Incidents",
				"AuthLevelId": "INSTALL",
				"AuthLevelDesc": "Installation",
				"Selected": false,
				"AuthObjectGroup": "G_INCIDENT",
				"TopLevel": "CCC",
				"CurrentAuthLevel": "none",
				"Value": "0000203069",
				"Field": "CCC",
				"AuthObjectAuthLevelSet": {
					"__deferred": {
						"uri": "https://supportshell-dgq5qdz5dm.dispatcher.int.sap.eu2.hana.ondemand.com/services/odata/authpackagessrv/AuthObjectSet(PackageId='',ObjectId='QUITT')/AuthObjectAuthLevelSet"
					}
				},
				"AuthObjectAuthLevelF4HelpSet": {
					"__deferred": {
						"uri": "https://supportshell-dgq5qdz5dm.dispatcher.int.sap.eu2.hana.ondemand.com/services/odata/authpackagessrv/AuthObjectSet(PackageId='',ObjectId='QUITT')/AuthObjectAuthLevelF4HelpSet"
					}
				}
			}, {
				"__metadata": {
					"id": "https://supportshell-dgq5qdz5dm.dispatcher.int.sap.eu2.hana.ondemand.com/services/odata/authpackagessrv/AuthObjectSet(PackageId='',ObjectId='GOSAP')",
					"uri": "https://supportshell-dgq5qdz5dm.dispatcher.int.sap.eu2.hana.ondemand.com/services/odata/authpackagessrv/AuthObjectSet(PackageId='',ObjectId='GOSAP')",
					"type": "SVT.AUTH_PACKAGES_SRV.AuthObject"
				},
				"PackageId": "",
				"ObjectId": "GOSAP",
				"ObjectDesc": "Send Incidents to SAP",
				"AuthLevelId": "INSTALL",
				"AuthLevelDesc": "Installation",
				"Selected": false,
				"AuthObjectGroup": "G_INCIDENT",
				"TopLevel": "CCC",
				"CurrentAuthLevel": "none",
				"Value": "0000203069",
				"Field": "CCC",
				"AuthObjectAuthLevelSet": {
					"__deferred": {
						"uri": "https://supportshell-dgq5qdz5dm.dispatcher.int.sap.eu2.hana.ondemand.com/services/odata/authpackagessrv/AuthObjectSet(PackageId='',ObjectId='GOSAP')/AuthObjectAuthLevelSet"
					}
				},
				"AuthObjectAuthLevelF4HelpSet": {
					"__deferred": {
						"uri": "https://supportshell-dgq5qdz5dm.dispatcher.int.sap.eu2.hana.ondemand.com/services/odata/authpackagessrv/AuthObjectSet(PackageId='',ObjectId='GOSAP')/AuthObjectAuthLevelF4HelpSet"
					}
				}
			}, {
				"__metadata": {
					"id": "https://supportshell-dgq5qdz5dm.dispatcher.int.sap.eu2.hana.ondemand.com/services/odata/authpackagessrv/AuthObjectSet(PackageId='',ObjectId='READM_INST')",
					"uri": "https://supportshell-dgq5qdz5dm.dispatcher.int.sap.eu2.hana.ondemand.com/services/odata/authpackagessrv/AuthObjectSet(PackageId='',ObjectId='READM_INST')",
					"type": "SVT.AUTH_PACKAGES_SRV.AuthObject"
				},
				"PackageId": "",
				"ObjectId": "READM_INST",
				"ObjectDesc": "Display Incidents",
				"AuthLevelId": "INSTALL",
				"AuthLevelDesc": "Installation",
				"Selected": false,
				"AuthObjectGroup": "G_INCIDENT",
				"TopLevel": "CCC",
				"CurrentAuthLevel": "none",
				"Value": "0000203069",
				"Field": "CCC",
				"AuthObjectAuthLevelSet": {
					"__deferred": {
						"uri": "https://supportshell-dgq5qdz5dm.dispatcher.int.sap.eu2.hana.ondemand.com/services/odata/authpackagessrv/AuthObjectSet(PackageId='',ObjectId='READM_INST')/AuthObjectAuthLevelSet"
					}
				},
				"AuthObjectAuthLevelF4HelpSet": {
					"__deferred": {
						"uri": "https://supportshell-dgq5qdz5dm.dispatcher.int.sap.eu2.hana.ondemand.com/services/odata/authpackagessrv/AuthObjectSet(PackageId='',ObjectId='READM_INST')/AuthObjectAuthLevelF4HelpSet"
					}
				}
			}, {
				"__metadata": {
					"id": "https://supportshell-dgq5qdz5dm.dispatcher.int.sap.eu2.hana.ondemand.com/services/odata/authpackagessrv/AuthObjectSet(PackageId='',ObjectId='READM')",
					"uri": "https://supportshell-dgq5qdz5dm.dispatcher.int.sap.eu2.hana.ondemand.com/services/odata/authpackagessrv/AuthObjectSet(PackageId='',ObjectId='READM')",
					"type": "SVT.AUTH_PACKAGES_SRV.AuthObject"
				},
				"PackageId": "",
				"ObjectId": "READM",
				"ObjectDesc": "Display All Incidents",
				"AuthLevelId": "GLOBAL",
				"AuthLevelDesc": "Global",
				"Selected": false,
				"AuthObjectGroup": "G_INCIDENT",
				"TopLevel": "GLOBAL",
				"CurrentAuthLevel": "none",
				"Value": "",
				"Field": "",
				"AuthObjectAuthLevelSet": {
					"__deferred": {
						"uri": "https://supportshell-dgq5qdz5dm.dispatcher.int.sap.eu2.hana.ondemand.com/services/odata/authpackagessrv/AuthObjectSet(PackageId='',ObjectId='READM')/AuthObjectAuthLevelSet"
					}
				},
				"AuthObjectAuthLevelF4HelpSet": {
					"__deferred": {
						"uri": "https://supportshell-dgq5qdz5dm.dispatcher.int.sap.eu2.hana.ondemand.com/services/odata/authpackagessrv/AuthObjectSet(PackageId='',ObjectId='READM')/AuthObjectAuthLevelF4HelpSet"
					}
				}
			}, {
				"__metadata": {
					"id": "https://supportshell-dgq5qdz5dm.dispatcher.int.sap.eu2.hana.ondemand.com/services/odata/authpackagessrv/AuthObjectSet(PackageId='',ObjectId='SC_CCCREAD')",
					"uri": "https://supportshell-dgq5qdz5dm.dispatcher.int.sap.eu2.hana.ondemand.com/services/odata/authpackagessrv/AuthObjectSet(PackageId='',ObjectId='SC_CCCREAD')",
					"type": "SVT.AUTH_PACKAGES_SRV.AuthObject"
				},
				"PackageId": "",
				"ObjectId": "SC_CCCREAD",
				"ObjectDesc": "Service Reports and Feedback",
				"AuthLevelId": "DEBITOR",
				"AuthLevelDesc": "Customer",
				"Selected": false,
				"AuthObjectGroup": "G_INCIDENT",
				"TopLevel": "CCC",
				"CurrentAuthLevel": "none",
				"Value": "0000203069",
				"Field": "CCC",
				"AuthObjectAuthLevelSet": {
					"__deferred": {
						"uri": "https://supportshell-dgq5qdz5dm.dispatcher.int.sap.eu2.hana.ondemand.com/services/odata/authpackagessrv/AuthObjectSet(PackageId='',ObjectId='SC_CCCREAD')/AuthObjectAuthLevelSet"
					}
				},
				"AuthObjectAuthLevelF4HelpSet": {
					"__deferred": {
						"uri": "https://supportshell-dgq5qdz5dm.dispatcher.int.sap.eu2.hana.ondemand.com/services/odata/authpackagessrv/AuthObjectSet(PackageId='',ObjectId='SC_CCCREAD')/AuthObjectAuthLevelF4HelpSet"
					}
				}
			}, {
				"__metadata": {
					"id": "https://supportshell-dgq5qdz5dm.dispatcher.int.sap.eu2.hana.ondemand.com/services/odata/authpackagessrv/AuthObjectSet(PackageId='',ObjectId='G_REMOTESU')",
					"uri": "https://supportshell-dgq5qdz5dm.dispatcher.int.sap.eu2.hana.ondemand.com/services/odata/authpackagessrv/AuthObjectSet(PackageId='',ObjectId='G_REMOTESU')",
					"type": "SVT.AUTH_PACKAGES_SRV.AuthObject"
				},
				"PackageId": "",
				"ObjectId": "G_REMOTESU",
				"ObjectDesc": "Remote Support",
				"AuthLevelId": "group",
				"AuthLevelDesc": "",
				"Selected": false,
				"AuthObjectGroup": "",
				"TopLevel": "",
				"CurrentAuthLevel": "",
				"Value": "",
				"Field": "",
				"AuthObjectAuthLevelSet": {
					"__deferred": {
						"uri": "https://supportshell-dgq5qdz5dm.dispatcher.int.sap.eu2.hana.ondemand.com/services/odata/authpackagessrv/AuthObjectSet(PackageId='',ObjectId='G_REMOTESU')/AuthObjectAuthLevelSet"
					}
				},
				"AuthObjectAuthLevelF4HelpSet": {
					"__deferred": {
						"uri": "https://supportshell-dgq5qdz5dm.dispatcher.int.sap.eu2.hana.ondemand.com/services/odata/authpackagessrv/AuthObjectSet(PackageId='',ObjectId='G_REMOTESU')/AuthObjectAuthLevelF4HelpSet"
					}
				}
			}, {
				"__metadata": {
					"id": "https://supportshell-dgq5qdz5dm.dispatcher.int.sap.eu2.hana.ondemand.com/services/odata/authpackagessrv/AuthObjectSet(PackageId='',ObjectId='SVER')",
					"uri": "https://supportshell-dgq5qdz5dm.dispatcher.int.sap.eu2.hana.ondemand.com/services/odata/authpackagessrv/AuthObjectSet(PackageId='',ObjectId='SVER')",
					"type": "SVT.AUTH_PACKAGES_SRV.AuthObject"
				},
				"PackageId": "",
				"ObjectId": "SVER",
				"ObjectDesc": "Open Remote Connections",
				"AuthLevelId": "INSTALL",
				"AuthLevelDesc": "Installation",
				"Selected": false,
				"AuthObjectGroup": "G_REMOTESU",
				"TopLevel": "CCC",
				"CurrentAuthLevel": "none",
				"Value": "0000203069",
				"Field": "CCC",
				"AuthObjectAuthLevelSet": {
					"__deferred": {
						"uri": "https://supportshell-dgq5qdz5dm.dispatcher.int.sap.eu2.hana.ondemand.com/services/odata/authpackagessrv/AuthObjectSet(PackageId='',ObjectId='SVER')/AuthObjectAuthLevelSet"
					}
				},
				"AuthObjectAuthLevelF4HelpSet": {
					"__deferred": {
						"uri": "https://supportshell-dgq5qdz5dm.dispatcher.int.sap.eu2.hana.ondemand.com/services/odata/authpackagessrv/AuthObjectSet(PackageId='',ObjectId='SVER')/AuthObjectAuthLevelF4HelpSet"
					}
				}
			}, {
				"__metadata": {
					"id": "https://supportshell-dgq5qdz5dm.dispatcher.int.sap.eu2.hana.ondemand.com/services/odata/authpackagessrv/AuthObjectSet(PackageId='',ObjectId='SVER_ADMIN')",
					"uri": "https://supportshell-dgq5qdz5dm.dispatcher.int.sap.eu2.hana.ondemand.com/services/odata/authpackagessrv/AuthObjectSet(PackageId='',ObjectId='SVER_ADMIN')",
					"type": "SVT.AUTH_PACKAGES_SRV.AuthObject"
				},
				"PackageId": "",
				"ObjectId": "SVER_ADMIN",
				"ObjectDesc": "Deactivate Remote Access Restrictions",
				"AuthLevelId": "INSTALL",
				"AuthLevelDesc": "Installation",
				"Selected": false,
				"AuthObjectGroup": "G_REMOTESU",
				"TopLevel": "CCC",
				"CurrentAuthLevel": "none",
				"Value": "0000203069",
				"Field": "CCC",
				"AuthObjectAuthLevelSet": {
					"__deferred": {
						"uri": "https://supportshell-dgq5qdz5dm.dispatcher.int.sap.eu2.hana.ondemand.com/services/odata/authpackagessrv/AuthObjectSet(PackageId='',ObjectId='SVER_ADMIN')/AuthObjectAuthLevelSet"
					}
				},
				"AuthObjectAuthLevelF4HelpSet": {
					"__deferred": {
						"uri": "https://supportshell-dgq5qdz5dm.dispatcher.int.sap.eu2.hana.ondemand.com/services/odata/authpackagessrv/AuthObjectSet(PackageId='',ObjectId='SVER_ADMIN')/AuthObjectAuthLevelF4HelpSet"
					}
				}
			}, {
				"__metadata": {
					"id": "https://supportshell-dgq5qdz5dm.dispatcher.int.sap.eu2.hana.ondemand.com/services/odata/authpackagessrv/AuthObjectSet(PackageId='',ObjectId='PWDISP')",
					"uri": "https://supportshell-dgq5qdz5dm.dispatcher.int.sap.eu2.hana.ondemand.com/services/odata/authpackagessrv/AuthObjectSet(PackageId='',ObjectId='PWDISP')",
					"type": "SVT.AUTH_PACKAGES_SRV.AuthObject"
				},
				"PackageId": "",
				"ObjectId": "PWDISP",
				"ObjectDesc": "Edit my Login Data",
				"AuthLevelId": "GLOBAL",
				"AuthLevelDesc": "Global",
				"Selected": false,
				"AuthObjectGroup": "G_REMOTESU",
				"TopLevel": "GLOBAL",
				"CurrentAuthLevel": "none",
				"Value": "",
				"Field": "",
				"AuthObjectAuthLevelSet": {
					"__deferred": {
						"uri": "https://supportshell-dgq5qdz5dm.dispatcher.int.sap.eu2.hana.ondemand.com/services/odata/authpackagessrv/AuthObjectSet(PackageId='',ObjectId='PWDISP')/AuthObjectAuthLevelSet"
					}
				},
				"AuthObjectAuthLevelF4HelpSet": {
					"__deferred": {
						"uri": "https://supportshell-dgq5qdz5dm.dispatcher.int.sap.eu2.hana.ondemand.com/services/odata/authpackagessrv/AuthObjectSet(PackageId='',ObjectId='PWDISP')/AuthObjectAuthLevelF4HelpSet"
					}
				}
			}, {
				"__metadata": {
					"id": "https://supportshell-dgq5qdz5dm.dispatcher.int.sap.eu2.hana.ondemand.com/services/odata/authpackagessrv/AuthObjectSet(PackageId='',ObjectId='PWCHGE')",
					"uri": "https://supportshell-dgq5qdz5dm.dispatcher.int.sap.eu2.hana.ondemand.com/services/odata/authpackagessrv/AuthObjectSet(PackageId='',ObjectId='PWCHGE')",
					"type": "SVT.AUTH_PACKAGES_SRV.AuthObject"
				},
				"PackageId": "",
				"ObjectId": "PWCHGE",
				"ObjectDesc": "Edit all Login Data",
				"AuthLevelId": "GLOBAL",
				"AuthLevelDesc": "Global",
				"Selected": false,
				"AuthObjectGroup": "G_REMOTESU",
				"TopLevel": "GLOBAL",
				"CurrentAuthLevel": "none",
				"Value": "",
				"Field": "",
				"AuthObjectAuthLevelSet": {
					"__deferred": {
						"uri": "https://supportshell-dgq5qdz5dm.dispatcher.int.sap.eu2.hana.ondemand.com/services/odata/authpackagessrv/AuthObjectSet(PackageId='',ObjectId='PWCHGE')/AuthObjectAuthLevelSet"
					}
				},
				"AuthObjectAuthLevelF4HelpSet": {
					"__deferred": {
						"uri": "https://supportshell-dgq5qdz5dm.dispatcher.int.sap.eu2.hana.ondemand.com/services/odata/authpackagessrv/AuthObjectSet(PackageId='',ObjectId='PWCHGE')/AuthObjectAuthLevelF4HelpSet"
					}
				}
			}, {
				"__metadata": {
					"id": "https://supportshell-dgq5qdz5dm.dispatcher.int.sap.eu2.hana.ondemand.com/services/odata/authpackagessrv/AuthObjectSet(PackageId='',ObjectId='G_SYSDATA')",
					"uri": "https://supportshell-dgq5qdz5dm.dispatcher.int.sap.eu2.hana.ondemand.com/services/odata/authpackagessrv/AuthObjectSet(PackageId='',ObjectId='G_SYSDATA')",
					"type": "SVT.AUTH_PACKAGES_SRV.AuthObject"
				},
				"PackageId": "",
				"ObjectId": "G_SYSDATA",
				"ObjectDesc": "System Data",
				"AuthLevelId": "group",
				"AuthLevelDesc": "",
				"Selected": false,
				"AuthObjectGroup": "",
				"TopLevel": "",
				"CurrentAuthLevel": "",
				"Value": "",
				"Field": "",
				"AuthObjectAuthLevelSet": {
					"__deferred": {
						"uri": "https://supportshell-dgq5qdz5dm.dispatcher.int.sap.eu2.hana.ondemand.com/services/odata/authpackagessrv/AuthObjectSet(PackageId='',ObjectId='G_SYSDATA')/AuthObjectAuthLevelSet"
					}
				},
				"AuthObjectAuthLevelF4HelpSet": {
					"__deferred": {
						"uri": "https://supportshell-dgq5qdz5dm.dispatcher.int.sap.eu2.hana.ondemand.com/services/odata/authpackagessrv/AuthObjectSet(PackageId='',ObjectId='G_SYSDATA')/AuthObjectAuthLevelF4HelpSet"
					}
				}
			}, {
				"__metadata": {
					"id": "https://supportshell-dgq5qdz5dm.dispatcher.int.sap.eu2.hana.ondemand.com/services/odata/authpackagessrv/AuthObjectSet(PackageId='',ObjectId='INSTDISP')",
					"uri": "https://supportshell-dgq5qdz5dm.dispatcher.int.sap.eu2.hana.ondemand.com/services/odata/authpackagessrv/AuthObjectSet(PackageId='',ObjectId='INSTDISP')",
					"type": "SVT.AUTH_PACKAGES_SRV.AuthObject"
				},
				"PackageId": "",
				"ObjectId": "INSTDISP",
				"ObjectDesc": "Display System Data",
				"AuthLevelId": "INSTALL",
				"AuthLevelDesc": "Installation",
				"Selected": false,
				"AuthObjectGroup": "G_SYSDATA",
				"TopLevel": "CCC",
				"CurrentAuthLevel": "none",
				"Value": "0000203069",
				"Field": "CCC",
				"AuthObjectAuthLevelSet": {
					"__deferred": {
						"uri": "https://supportshell-dgq5qdz5dm.dispatcher.int.sap.eu2.hana.ondemand.com/services/odata/authpackagessrv/AuthObjectSet(PackageId='',ObjectId='INSTDISP')/AuthObjectAuthLevelSet"
					}
				},
				"AuthObjectAuthLevelF4HelpSet": {
					"__deferred": {
						"uri": "https://supportshell-dgq5qdz5dm.dispatcher.int.sap.eu2.hana.ondemand.com/services/odata/authpackagessrv/AuthObjectSet(PackageId='',ObjectId='INSTDISP')/AuthObjectAuthLevelF4HelpSet"
					}
				}
			}, {
				"__metadata": {
					"id": "https://supportshell-dgq5qdz5dm.dispatcher.int.sap.eu2.hana.ondemand.com/services/odata/authpackagessrv/AuthObjectSet(PackageId='',ObjectId='INSTPROD')",
					"uri": "https://supportshell-dgq5qdz5dm.dispatcher.int.sap.eu2.hana.ondemand.com/services/odata/authpackagessrv/AuthObjectSet(PackageId='',ObjectId='INSTPROD')",
					"type": "SVT.AUTH_PACKAGES_SRV.AuthObject"
				},
				"PackageId": "",
				"ObjectId": "INSTPROD",
				"ObjectDesc": "Edit System Data",
				"AuthLevelId": "INSTALL",
				"AuthLevelDesc": "Installation",
				"Selected": false,
				"AuthObjectGroup": "G_SYSDATA",
				"TopLevel": "CCC",
				"CurrentAuthLevel": "none",
				"Value": "0000203069",
				"Field": "CCC",
				"AuthObjectAuthLevelSet": {
					"__deferred": {
						"uri": "https://supportshell-dgq5qdz5dm.dispatcher.int.sap.eu2.hana.ondemand.com/services/odata/authpackagessrv/AuthObjectSet(PackageId='',ObjectId='INSTPROD')/AuthObjectAuthLevelSet"
					}
				},
				"AuthObjectAuthLevelF4HelpSet": {
					"__deferred": {
						"uri": "https://supportshell-dgq5qdz5dm.dispatcher.int.sap.eu2.hana.ondemand.com/services/odata/authpackagessrv/AuthObjectSet(PackageId='',ObjectId='INSTPROD')/AuthObjectAuthLevelF4HelpSet"
					}
				}
			}, {
				"__metadata": {
					"id": "https://supportshell-dgq5qdz5dm.dispatcher.int.sap.eu2.hana.ondemand.com/services/odata/authpackagessrv/AuthObjectSet(PackageId='',ObjectId='G_INSTALL')",
					"uri": "https://supportshell-dgq5qdz5dm.dispatcher.int.sap.eu2.hana.ondemand.com/services/odata/authpackagessrv/AuthObjectSet(PackageId='',ObjectId='G_INSTALL')",
					"type": "SVT.AUTH_PACKAGES_SRV.AuthObject"
				},
				"PackageId": "",
				"ObjectId": "G_INSTALL",
				"ObjectDesc": "Installation Data",
				"AuthLevelId": "group",
				"AuthLevelDesc": "",
				"Selected": false,
				"AuthObjectGroup": "",
				"TopLevel": "",
				"CurrentAuthLevel": "",
				"Value": "",
				"Field": "",
				"AuthObjectAuthLevelSet": {
					"__deferred": {
						"uri": "https://supportshell-dgq5qdz5dm.dispatcher.int.sap.eu2.hana.ondemand.com/services/odata/authpackagessrv/AuthObjectSet(PackageId='',ObjectId='G_INSTALL')/AuthObjectAuthLevelSet"
					}
				},
				"AuthObjectAuthLevelF4HelpSet": {
					"__deferred": {
						"uri": "https://supportshell-dgq5qdz5dm.dispatcher.int.sap.eu2.hana.ondemand.com/services/odata/authpackagessrv/AuthObjectSet(PackageId='',ObjectId='G_INSTALL')/AuthObjectAuthLevelF4HelpSet"
					}
				}
			}, {
				"__metadata": {
					"id": "https://supportshell-dgq5qdz5dm.dispatcher.int.sap.eu2.hana.ondemand.com/services/odata/authpackagessrv/AuthObjectSet(PackageId='',ObjectId='INST_MAINT')",
					"uri": "https://supportshell-dgq5qdz5dm.dispatcher.int.sap.eu2.hana.ondemand.com/services/odata/authpackagessrv/AuthObjectSet(PackageId='',ObjectId='INST_MAINT')",
					"type": "SVT.AUTH_PACKAGES_SRV.AuthObject"
				},
				"PackageId": "",
				"ObjectId": "INST_MAINT",
				"ObjectDesc": "Manage Installations",
				"AuthLevelId": "DEBITOR",
				"AuthLevelDesc": "Customer",
				"Selected": false,
				"AuthObjectGroup": "G_INSTALL",
				"TopLevel": "CCC",
				"CurrentAuthLevel": "none",
				"Value": "0000203069",
				"Field": "CCC",
				"AuthObjectAuthLevelSet": {
					"__deferred": {
						"uri": "https://supportshell-dgq5qdz5dm.dispatcher.int.sap.eu2.hana.ondemand.com/services/odata/authpackagessrv/AuthObjectSet(PackageId='',ObjectId='INST_MAINT')/AuthObjectAuthLevelSet"
					}
				},
				"AuthObjectAuthLevelF4HelpSet": {
					"__deferred": {
						"uri": "https://supportshell-dgq5qdz5dm.dispatcher.int.sap.eu2.hana.ondemand.com/services/odata/authpackagessrv/AuthObjectSet(PackageId='',ObjectId='INST_MAINT')/AuthObjectAuthLevelF4HelpSet"
					}
				}
			}, {
				"__metadata": {
					"id": "https://supportshell-dgq5qdz5dm.dispatcher.int.sap.eu2.hana.ondemand.com/services/odata/authpackagessrv/AuthObjectSet(PackageId='',ObjectId='G_SSCRKEY')",
					"uri": "https://supportshell-dgq5qdz5dm.dispatcher.int.sap.eu2.hana.ondemand.com/services/odata/authpackagessrv/AuthObjectSet(PackageId='',ObjectId='G_SSCRKEY')",
					"type": "SVT.AUTH_PACKAGES_SRV.AuthObject"
				},
				"PackageId": "",
				"ObjectId": "G_SSCRKEY",
				"ObjectDesc": "SSCR Keys",
				"AuthLevelId": "group",
				"AuthLevelDesc": "",
				"Selected": false,
				"AuthObjectGroup": "",
				"TopLevel": "",
				"CurrentAuthLevel": "",
				"Value": "",
				"Field": "",
				"AuthObjectAuthLevelSet": {
					"__deferred": {
						"uri": "https://supportshell-dgq5qdz5dm.dispatcher.int.sap.eu2.hana.ondemand.com/services/odata/authpackagessrv/AuthObjectSet(PackageId='',ObjectId='G_SSCRKEY')/AuthObjectAuthLevelSet"
					}
				},
				"AuthObjectAuthLevelF4HelpSet": {
					"__deferred": {
						"uri": "https://supportshell-dgq5qdz5dm.dispatcher.int.sap.eu2.hana.ondemand.com/services/odata/authpackagessrv/AuthObjectSet(PackageId='',ObjectId='G_SSCRKEY')/AuthObjectAuthLevelF4HelpSet"
					}
				}
			}, {
				"__metadata": {
					"id": "https://supportshell-dgq5qdz5dm.dispatcher.int.sap.eu2.hana.ondemand.com/services/odata/authpackagessrv/AuthObjectSet(PackageId='',ObjectId='REGOBJ')",
					"uri": "https://supportshell-dgq5qdz5dm.dispatcher.int.sap.eu2.hana.ondemand.com/services/odata/authpackagessrv/AuthObjectSet(PackageId='',ObjectId='REGOBJ')",
					"type": "SVT.AUTH_PACKAGES_SRV.AuthObject"
				},
				"PackageId": "",
				"ObjectId": "REGOBJ",
				"ObjectDesc": "Register Object Keys",
				"AuthLevelId": "INSTALL",
				"AuthLevelDesc": "Installation",
				"Selected": false,
				"AuthObjectGroup": "G_SSCRKEY",
				"TopLevel": "CCC",
				"CurrentAuthLevel": "none",
				"Value": "0000203069",
				"Field": "CCC",
				"AuthObjectAuthLevelSet": {
					"__deferred": {
						"uri": "https://supportshell-dgq5qdz5dm.dispatcher.int.sap.eu2.hana.ondemand.com/services/odata/authpackagessrv/AuthObjectSet(PackageId='',ObjectId='REGOBJ')/AuthObjectAuthLevelSet"
					}
				},
				"AuthObjectAuthLevelF4HelpSet": {
					"__deferred": {
						"uri": "https://supportshell-dgq5qdz5dm.dispatcher.int.sap.eu2.hana.ondemand.com/services/odata/authpackagessrv/AuthObjectSet(PackageId='',ObjectId='REGOBJ')/AuthObjectAuthLevelF4HelpSet"
					}
				}
			}, {
				"__metadata": {
					"id": "https://supportshell-dgq5qdz5dm.dispatcher.int.sap.eu2.hana.ondemand.com/services/odata/authpackagessrv/AuthObjectSet(PackageId='',ObjectId='SOURCE')",
					"uri": "https://supportshell-dgq5qdz5dm.dispatcher.int.sap.eu2.hana.ondemand.com/services/odata/authpackagessrv/AuthObjectSet(PackageId='',ObjectId='SOURCE')",
					"type": "SVT.AUTH_PACKAGES_SRV.AuthObject"
				},
				"PackageId": "",
				"ObjectId": "SOURCE",
				"ObjectDesc": "Register Object and Developer Keys",
				"AuthLevelId": "INSTALL",
				"AuthLevelDesc": "Installation",
				"Selected": false,
				"AuthObjectGroup": "G_SSCRKEY",
				"TopLevel": "CCC",
				"CurrentAuthLevel": "none",
				"Value": "0000203069",
				"Field": "CCC",
				"AuthObjectAuthLevelSet": {
					"__deferred": {
						"uri": "https://supportshell-dgq5qdz5dm.dispatcher.int.sap.eu2.hana.ondemand.com/services/odata/authpackagessrv/AuthObjectSet(PackageId='',ObjectId='SOURCE')/AuthObjectAuthLevelSet"
					}
				},
				"AuthObjectAuthLevelF4HelpSet": {
					"__deferred": {
						"uri": "https://supportshell-dgq5qdz5dm.dispatcher.int.sap.eu2.hana.ondemand.com/services/odata/authpackagessrv/AuthObjectSet(PackageId='',ObjectId='SOURCE')/AuthObjectAuthLevelF4HelpSet"
					}
				}
			}, {
				"__metadata": {
					"id": "https://supportshell-dgq5qdz5dm.dispatcher.int.sap.eu2.hana.ondemand.com/services/odata/authpackagessrv/AuthObjectSet(PackageId='',ObjectId='G_LICKEY')",
					"uri": "https://supportshell-dgq5qdz5dm.dispatcher.int.sap.eu2.hana.ondemand.com/services/odata/authpackagessrv/AuthObjectSet(PackageId='',ObjectId='G_LICKEY')",
					"type": "SVT.AUTH_PACKAGES_SRV.AuthObject"
				},
				"PackageId": "",
				"ObjectId": "G_LICKEY",
				"ObjectDesc": "License Keys",
				"AuthLevelId": "group",
				"AuthLevelDesc": "",
				"Selected": false,
				"AuthObjectGroup": "",
				"TopLevel": "",
				"CurrentAuthLevel": "",
				"Value": "",
				"Field": "",
				"AuthObjectAuthLevelSet": {
					"__deferred": {
						"uri": "https://supportshell-dgq5qdz5dm.dispatcher.int.sap.eu2.hana.ondemand.com/services/odata/authpackagessrv/AuthObjectSet(PackageId='',ObjectId='G_LICKEY')/AuthObjectAuthLevelSet"
					}
				},
				"AuthObjectAuthLevelF4HelpSet": {
					"__deferred": {
						"uri": "https://supportshell-dgq5qdz5dm.dispatcher.int.sap.eu2.hana.ondemand.com/services/odata/authpackagessrv/AuthObjectSet(PackageId='',ObjectId='G_LICKEY')/AuthObjectAuthLevelF4HelpSet"
					}
				}
			}, {
				"__metadata": {
					"id": "https://supportshell-dgq5qdz5dm.dispatcher.int.sap.eu2.hana.ondemand.com/services/odata/authpackagessrv/AuthObjectSet(PackageId='',ObjectId='LICKEY')",
					"uri": "https://supportshell-dgq5qdz5dm.dispatcher.int.sap.eu2.hana.ondemand.com/services/odata/authpackagessrv/AuthObjectSet(PackageId='',ObjectId='LICKEY')",
					"type": "SVT.AUTH_PACKAGES_SRV.AuthObject"
				},
				"PackageId": "",
				"ObjectId": "LICKEY",
				"ObjectDesc": "Request License Key",
				"AuthLevelId": "INSTALL",
				"AuthLevelDesc": "Installation",
				"Selected": false,
				"AuthObjectGroup": "G_LICKEY",
				"TopLevel": "CCC",
				"CurrentAuthLevel": "none",
				"Value": "0000203069",
				"Field": "CCC",
				"AuthObjectAuthLevelSet": {
					"__deferred": {
						"uri": "https://supportshell-dgq5qdz5dm.dispatcher.int.sap.eu2.hana.ondemand.com/services/odata/authpackagessrv/AuthObjectSet(PackageId='',ObjectId='LICKEY')/AuthObjectAuthLevelSet"
					}
				},
				"AuthObjectAuthLevelF4HelpSet": {
					"__deferred": {
						"uri": "https://supportshell-dgq5qdz5dm.dispatcher.int.sap.eu2.hana.ondemand.com/services/odata/authpackagessrv/AuthObjectSet(PackageId='',ObjectId='LICKEY')/AuthObjectAuthLevelF4HelpSet"
					}
				}
			}, {
				"__metadata": {
					"id": "https://supportshell-dgq5qdz5dm.dispatcher.int.sap.eu2.hana.ondemand.com/services/odata/authpackagessrv/AuthObjectSet(PackageId='',ObjectId='G_NAMESP')",
					"uri": "https://supportshell-dgq5qdz5dm.dispatcher.int.sap.eu2.hana.ondemand.com/services/odata/authpackagessrv/AuthObjectSet(PackageId='',ObjectId='G_NAMESP')",
					"type": "SVT.AUTH_PACKAGES_SRV.AuthObject"
				},
				"PackageId": "",
				"ObjectId": "G_NAMESP",
				"ObjectDesc": "Reserve Namespace",
				"AuthLevelId": "group",
				"AuthLevelDesc": "",
				"Selected": false,
				"AuthObjectGroup": "",
				"TopLevel": "",
				"CurrentAuthLevel": "",
				"Value": "",
				"Field": "",
				"AuthObjectAuthLevelSet": {
					"__deferred": {
						"uri": "https://supportshell-dgq5qdz5dm.dispatcher.int.sap.eu2.hana.ondemand.com/services/odata/authpackagessrv/AuthObjectSet(PackageId='',ObjectId='G_NAMESP')/AuthObjectAuthLevelSet"
					}
				},
				"AuthObjectAuthLevelF4HelpSet": {
					"__deferred": {
						"uri": "https://supportshell-dgq5qdz5dm.dispatcher.int.sap.eu2.hana.ondemand.com/services/odata/authpackagessrv/AuthObjectSet(PackageId='',ObjectId='G_NAMESP')/AuthObjectAuthLevelF4HelpSet"
					}
				}
			}, {
				"__metadata": {
					"id": "https://supportshell-dgq5qdz5dm.dispatcher.int.sap.eu2.hana.ondemand.com/services/odata/authpackagessrv/AuthObjectSet(PackageId='',ObjectId='NAMESPACE')",
					"uri": "https://supportshell-dgq5qdz5dm.dispatcher.int.sap.eu2.hana.ondemand.com/services/odata/authpackagessrv/AuthObjectSet(PackageId='',ObjectId='NAMESPACE')",
					"type": "SVT.AUTH_PACKAGES_SRV.AuthObject"
				},
				"PackageId": "",
				"ObjectId": "NAMESPACE",
				"ObjectDesc": "Reserve Namespaces",
				"AuthLevelId": "INSTALL",
				"AuthLevelDesc": "Installation",
				"Selected": false,
				"AuthObjectGroup": "G_NAMESP",
				"TopLevel": "CCC",
				"CurrentAuthLevel": "none",
				"Value": "0000203069",
				"Field": "CCC",
				"AuthObjectAuthLevelSet": {
					"__deferred": {
						"uri": "https://supportshell-dgq5qdz5dm.dispatcher.int.sap.eu2.hana.ondemand.com/services/odata/authpackagessrv/AuthObjectSet(PackageId='',ObjectId='NAMESPACE')/AuthObjectAuthLevelSet"
					}
				},
				"AuthObjectAuthLevelF4HelpSet": {
					"__deferred": {
						"uri": "https://supportshell-dgq5qdz5dm.dispatcher.int.sap.eu2.hana.ondemand.com/services/odata/authpackagessrv/AuthObjectSet(PackageId='',ObjectId='NAMESPACE')/AuthObjectAuthLevelF4HelpSet"
					}
				}
			}, {
				"__metadata": {
					"id": "https://supportshell-dgq5qdz5dm.dispatcher.int.sap.eu2.hana.ondemand.com/services/odata/authpackagessrv/AuthObjectSet(PackageId='',ObjectId='G_BUSONE')",
					"uri": "https://supportshell-dgq5qdz5dm.dispatcher.int.sap.eu2.hana.ondemand.com/services/odata/authpackagessrv/AuthObjectSet(PackageId='',ObjectId='G_BUSONE')",
					"type": "SVT.AUTH_PACKAGES_SRV.AuthObject"
				},
				"PackageId": "",
				"ObjectId": "G_BUSONE",
				"ObjectDesc": "Business One",
				"AuthLevelId": "group",
				"AuthLevelDesc": "",
				"Selected": false,
				"AuthObjectGroup": "",
				"TopLevel": "",
				"CurrentAuthLevel": "",
				"Value": "",
				"Field": "",
				"AuthObjectAuthLevelSet": {
					"__deferred": {
						"uri": "https://supportshell-dgq5qdz5dm.dispatcher.int.sap.eu2.hana.ondemand.com/services/odata/authpackagessrv/AuthObjectSet(PackageId='',ObjectId='G_BUSONE')/AuthObjectAuthLevelSet"
					}
				},
				"AuthObjectAuthLevelF4HelpSet": {
					"__deferred": {
						"uri": "https://supportshell-dgq5qdz5dm.dispatcher.int.sap.eu2.hana.ondemand.com/services/odata/authpackagessrv/AuthObjectSet(PackageId='',ObjectId='G_BUSONE')/AuthObjectAuthLevelF4HelpSet"
					}
				}
			}, {
				"__metadata": {
					"id": "https://supportshell-dgq5qdz5dm.dispatcher.int.sap.eu2.hana.ondemand.com/services/odata/authpackagessrv/AuthObjectSet(PackageId='',ObjectId='SBOUSER')",
					"uri": "https://supportshell-dgq5qdz5dm.dispatcher.int.sap.eu2.hana.ondemand.com/services/odata/authpackagessrv/AuthObjectSet(PackageId='',ObjectId='SBOUSER')",
					"type": "SVT.AUTH_PACKAGES_SRV.AuthObject"
				},
				"PackageId": "",
				"ObjectId": "SBOUSER",
				"ObjectDesc": "SAP Business One - Maintain User Data",
				"AuthLevelId": "GLOBAL",
				"AuthLevelDesc": "Global",
				"Selected": false,
				"AuthObjectGroup": "G_BUSONE",
				"TopLevel": "GLOBAL",
				"CurrentAuthLevel": "none",
				"Value": "",
				"Field": "",
				"AuthObjectAuthLevelSet": {
					"__deferred": {
						"uri": "https://supportshell-dgq5qdz5dm.dispatcher.int.sap.eu2.hana.ondemand.com/services/odata/authpackagessrv/AuthObjectSet(PackageId='',ObjectId='SBOUSER')/AuthObjectAuthLevelSet"
					}
				},
				"AuthObjectAuthLevelF4HelpSet": {
					"__deferred": {
						"uri": "https://supportshell-dgq5qdz5dm.dispatcher.int.sap.eu2.hana.ondemand.com/services/odata/authpackagessrv/AuthObjectSet(PackageId='',ObjectId='SBOUSER')/AuthObjectAuthLevelF4HelpSet"
					}
				}
			}, {
				"__metadata": {
					"id": "https://supportshell-dgq5qdz5dm.dispatcher.int.sap.eu2.hana.ondemand.com/services/odata/authpackagessrv/AuthObjectSet(PackageId='',ObjectId='SBOCREATE')",
					"uri": "https://supportshell-dgq5qdz5dm.dispatcher.int.sap.eu2.hana.ondemand.com/services/odata/authpackagessrv/AuthObjectSet(PackageId='',ObjectId='SBOCREATE')",
					"type": "SVT.AUTH_PACKAGES_SRV.AuthObject"
				},
				"PackageId": "",
				"ObjectId": "SBOCREATE",
				"ObjectDesc": "SAP Business One - Report Incident",
				"AuthLevelId": "INSTALL",
				"AuthLevelDesc": "Installation",
				"Selected": false,
				"AuthObjectGroup": "G_BUSONE",
				"TopLevel": "CCC",
				"CurrentAuthLevel": "none",
				"Value": "0000203069",
				"Field": "CCC",
				"AuthObjectAuthLevelSet": {
					"__deferred": {
						"uri": "https://supportshell-dgq5qdz5dm.dispatcher.int.sap.eu2.hana.ondemand.com/services/odata/authpackagessrv/AuthObjectSet(PackageId='',ObjectId='SBOCREATE')/AuthObjectAuthLevelSet"
					}
				},
				"AuthObjectAuthLevelF4HelpSet": {
					"__deferred": {
						"uri": "https://supportshell-dgq5qdz5dm.dispatcher.int.sap.eu2.hana.ondemand.com/services/odata/authpackagessrv/AuthObjectSet(PackageId='',ObjectId='SBOCREATE')/AuthObjectAuthLevelF4HelpSet"
					}
				}
			}, {
				"__metadata": {
					"id": "https://supportshell-dgq5qdz5dm.dispatcher.int.sap.eu2.hana.ondemand.com/services/odata/authpackagessrv/AuthObjectSet(PackageId='',ObjectId='SBOSUPPORT')",
					"uri": "https://supportshell-dgq5qdz5dm.dispatcher.int.sap.eu2.hana.ondemand.com/services/odata/authpackagessrv/AuthObjectSet(PackageId='',ObjectId='SBOSUPPORT')",
					"type": "SVT.AUTH_PACKAGES_SRV.AuthObject"
				},
				"PackageId": "",
				"ObjectId": "SBOSUPPORT",
				"ObjectDesc": "SAP Business One - Edit Incidents",
				"AuthLevelId": "GLOBAL",
				"AuthLevelDesc": "Global",
				"Selected": false,
				"AuthObjectGroup": "G_BUSONE",
				"TopLevel": "GLOBAL",
				"CurrentAuthLevel": "none",
				"Value": "",
				"Field": "",
				"AuthObjectAuthLevelSet": {
					"__deferred": {
						"uri": "https://supportshell-dgq5qdz5dm.dispatcher.int.sap.eu2.hana.ondemand.com/services/odata/authpackagessrv/AuthObjectSet(PackageId='',ObjectId='SBOSUPPORT')/AuthObjectAuthLevelSet"
					}
				},
				"AuthObjectAuthLevelF4HelpSet": {
					"__deferred": {
						"uri": "https://supportshell-dgq5qdz5dm.dispatcher.int.sap.eu2.hana.ondemand.com/services/odata/authpackagessrv/AuthObjectSet(PackageId='',ObjectId='SBOSUPPORT')/AuthObjectAuthLevelF4HelpSet"
					}
				}
			}, {
				"__metadata": {
					"id": "https://supportshell-dgq5qdz5dm.dispatcher.int.sap.eu2.hana.ondemand.com/services/odata/authpackagessrv/AuthObjectSet(PackageId='',ObjectId='SBOSYSDATA')",
					"uri": "https://supportshell-dgq5qdz5dm.dispatcher.int.sap.eu2.hana.ondemand.com/services/odata/authpackagessrv/AuthObjectSet(PackageId='',ObjectId='SBOSYSDATA')",
					"type": "SVT.AUTH_PACKAGES_SRV.AuthObject"
				},
				"PackageId": "",
				"ObjectId": "SBOSYSDATA",
				"ObjectDesc": "SAP Business One - Maintain System Data",
				"AuthLevelId": "GLOBAL",
				"AuthLevelDesc": "Global",
				"Selected": false,
				"AuthObjectGroup": "G_BUSONE",
				"TopLevel": "GLOBAL",
				"CurrentAuthLevel": "none",
				"Value": "",
				"Field": "",
				"AuthObjectAuthLevelSet": {
					"__deferred": {
						"uri": "https://supportshell-dgq5qdz5dm.dispatcher.int.sap.eu2.hana.ondemand.com/services/odata/authpackagessrv/AuthObjectSet(PackageId='',ObjectId='SBOSYSDATA')/AuthObjectAuthLevelSet"
					}
				},
				"AuthObjectAuthLevelF4HelpSet": {
					"__deferred": {
						"uri": "https://supportshell-dgq5qdz5dm.dispatcher.int.sap.eu2.hana.ondemand.com/services/odata/authpackagessrv/AuthObjectSet(PackageId='',ObjectId='SBOSYSDATA')/AuthObjectAuthLevelF4HelpSet"
					}
				}
			}, {
				"__metadata": {
					"id": "https://supportshell-dgq5qdz5dm.dispatcher.int.sap.eu2.hana.ondemand.com/services/odata/authpackagessrv/AuthObjectSet(PackageId='',ObjectId='G_PARTNER')",
					"uri": "https://supportshell-dgq5qdz5dm.dispatcher.int.sap.eu2.hana.ondemand.com/services/odata/authpackagessrv/AuthObjectSet(PackageId='',ObjectId='G_PARTNER')",
					"type": "SVT.AUTH_PACKAGES_SRV.AuthObject"
				},
				"PackageId": "",
				"ObjectId": "G_PARTNER",
				"ObjectDesc": "Partners",
				"AuthLevelId": "group",
				"AuthLevelDesc": "",
				"Selected": false,
				"AuthObjectGroup": "",
				"TopLevel": "",
				"CurrentAuthLevel": "",
				"Value": "",
				"Field": "",
				"AuthObjectAuthLevelSet": {
					"__deferred": {
						"uri": "https://supportshell-dgq5qdz5dm.dispatcher.int.sap.eu2.hana.ondemand.com/services/odata/authpackagessrv/AuthObjectSet(PackageId='',ObjectId='G_PARTNER')/AuthObjectAuthLevelSet"
					}
				},
				"AuthObjectAuthLevelF4HelpSet": {
					"__deferred": {
						"uri": "https://supportshell-dgq5qdz5dm.dispatcher.int.sap.eu2.hana.ondemand.com/services/odata/authpackagessrv/AuthObjectSet(PackageId='',ObjectId='G_PARTNER')/AuthObjectAuthLevelF4HelpSet"
					}
				}
			}, {
				"__metadata": {
					"id": "https://supportshell-dgq5qdz5dm.dispatcher.int.sap.eu2.hana.ondemand.com/services/odata/authpackagessrv/AuthObjectSet(PackageId='',ObjectId='LICKEY_P')",
					"uri": "https://supportshell-dgq5qdz5dm.dispatcher.int.sap.eu2.hana.ondemand.com/services/odata/authpackagessrv/AuthObjectSet(PackageId='',ObjectId='LICKEY_P')",
					"type": "SVT.AUTH_PACKAGES_SRV.AuthObject"
				},
				"PackageId": "",
				"ObjectId": "LICKEY_P",
				"ObjectDesc": "Request License Key (Partner)",
				"AuthLevelId": "GLOBAL",
				"AuthLevelDesc": "Global",
				"Selected": false,
				"AuthObjectGroup": "G_PARTNER",
				"TopLevel": "GLOBAL",
				"CurrentAuthLevel": "none",
				"Value": "",
				"Field": "",
				"AuthObjectAuthLevelSet": {
					"__deferred": {
						"uri": "https://supportshell-dgq5qdz5dm.dispatcher.int.sap.eu2.hana.ondemand.com/services/odata/authpackagessrv/AuthObjectSet(PackageId='',ObjectId='LICKEY_P')/AuthObjectAuthLevelSet"
					}
				},
				"AuthObjectAuthLevelF4HelpSet": {
					"__deferred": {
						"uri": "https://supportshell-dgq5qdz5dm.dispatcher.int.sap.eu2.hana.ondemand.com/services/odata/authpackagessrv/AuthObjectSet(PackageId='',ObjectId='LICKEY_P')/AuthObjectAuthLevelF4HelpSet"
					}
				}
			}, {
				"__metadata": {
					"id": "https://supportshell-dgq5qdz5dm.dispatcher.int.sap.eu2.hana.ondemand.com/services/odata/authpackagessrv/AuthObjectSet(PackageId='',ObjectId='INCIDENT_P')",
					"uri": "https://supportshell-dgq5qdz5dm.dispatcher.int.sap.eu2.hana.ondemand.com/services/odata/authpackagessrv/AuthObjectSet(PackageId='',ObjectId='INCIDENT_P')",
					"type": "SVT.AUTH_PACKAGES_SRV.AuthObject"
				},
				"PackageId": "",
				"ObjectId": "INCIDENT_P",
				"ObjectDesc": "Customer Incident Management (Partner)",
				"AuthLevelId": "GLOBAL",
				"AuthLevelDesc": "Global",
				"Selected": false,
				"AuthObjectGroup": "G_PARTNER",
				"TopLevel": "GLOBAL",
				"CurrentAuthLevel": "none",
				"Value": "",
				"Field": "",
				"AuthObjectAuthLevelSet": {
					"__deferred": {
						"uri": "https://supportshell-dgq5qdz5dm.dispatcher.int.sap.eu2.hana.ondemand.com/services/odata/authpackagessrv/AuthObjectSet(PackageId='',ObjectId='INCIDENT_P')/AuthObjectAuthLevelSet"
					}
				},
				"AuthObjectAuthLevelF4HelpSet": {
					"__deferred": {
						"uri": "https://supportshell-dgq5qdz5dm.dispatcher.int.sap.eu2.hana.ondemand.com/services/odata/authpackagessrv/AuthObjectSet(PackageId='',ObjectId='INCIDENT_P')/AuthObjectAuthLevelF4HelpSet"
					}
				}
			}, {
				"__metadata": {
					"id": "https://supportshell-dgq5qdz5dm.dispatcher.int.sap.eu2.hana.ondemand.com/services/odata/authpackagessrv/AuthObjectSet(PackageId='',ObjectId='SC_CCCRD_P')",
					"uri": "https://supportshell-dgq5qdz5dm.dispatcher.int.sap.eu2.hana.ondemand.com/services/odata/authpackagessrv/AuthObjectSet(PackageId='',ObjectId='SC_CCCRD_P')",
					"type": "SVT.AUTH_PACKAGES_SRV.AuthObject"
				},
				"PackageId": "",
				"ObjectId": "SC_CCCRD_P",
				"ObjectDesc": "Service Reports (Partner)",
				"AuthLevelId": "GLOBAL",
				"AuthLevelDesc": "Global",
				"Selected": false,
				"AuthObjectGroup": "G_PARTNER",
				"TopLevel": "GLOBAL",
				"CurrentAuthLevel": "none",
				"Value": "",
				"Field": "",
				"AuthObjectAuthLevelSet": {
					"__deferred": {
						"uri": "https://supportshell-dgq5qdz5dm.dispatcher.int.sap.eu2.hana.ondemand.com/services/odata/authpackagessrv/AuthObjectSet(PackageId='',ObjectId='SC_CCCRD_P')/AuthObjectAuthLevelSet"
					}
				},
				"AuthObjectAuthLevelF4HelpSet": {
					"__deferred": {
						"uri": "https://supportshell-dgq5qdz5dm.dispatcher.int.sap.eu2.hana.ondemand.com/services/odata/authpackagessrv/AuthObjectSet(PackageId='',ObjectId='SC_CCCRD_P')/AuthObjectAuthLevelF4HelpSet"
					}
				}
			}, {
				"__metadata": {
					"id": "https://supportshell-dgq5qdz5dm.dispatcher.int.sap.eu2.hana.ondemand.com/services/odata/authpackagessrv/AuthObjectSet(PackageId='',ObjectId='SMBWIUSER')",
					"uri": "https://supportshell-dgq5qdz5dm.dispatcher.int.sap.eu2.hana.ondemand.com/services/odata/authpackagessrv/AuthObjectSet(PackageId='',ObjectId='SMBWIUSER')",
					"type": "SVT.AUTH_PACKAGES_SRV.AuthObject"
				},
				"PackageId": "",
				"ObjectId": "SMBWIUSER",
				"ObjectDesc": "SMB Opportunity Management - End User Authorization",
				"AuthLevelId": "USER",
				"AuthLevelDesc": "User",
				"Selected": false,
				"AuthObjectGroup": "G_PARTNER",
				"TopLevel": "CCC",
				"CurrentAuthLevel": "none",
				"Value": "0000203069",
				"Field": "CCC",
				"AuthObjectAuthLevelSet": {
					"__deferred": {
						"uri": "https://supportshell-dgq5qdz5dm.dispatcher.int.sap.eu2.hana.ondemand.com/services/odata/authpackagessrv/AuthObjectSet(PackageId='',ObjectId='SMBWIUSER')/AuthObjectAuthLevelSet"
					}
				},
				"AuthObjectAuthLevelF4HelpSet": {
					"__deferred": {
						"uri": "https://supportshell-dgq5qdz5dm.dispatcher.int.sap.eu2.hana.ondemand.com/services/odata/authpackagessrv/AuthObjectSet(PackageId='',ObjectId='SMBWIUSER')/AuthObjectAuthLevelF4HelpSet"
					}
				}
			}, {
				"__metadata": {
					"id": "https://supportshell-dgq5qdz5dm.dispatcher.int.sap.eu2.hana.ondemand.com/services/odata/authpackagessrv/AuthObjectSet(PackageId='',ObjectId='SMBWIGLOBA')",
					"uri": "https://supportshell-dgq5qdz5dm.dispatcher.int.sap.eu2.hana.ondemand.com/services/odata/authpackagessrv/AuthObjectSet(PackageId='',ObjectId='SMBWIGLOBA')",
					"type": "SVT.AUTH_PACKAGES_SRV.AuthObject"
				},
				"PackageId": "",
				"ObjectId": "SMBWIGLOBA",
				"ObjectDesc": "SMB Opportunity Management - All Authorizations",
				"AuthLevelId": "GLOBAL",
				"AuthLevelDesc": "Global",
				"Selected": false,
				"AuthObjectGroup": "G_PARTNER",
				"TopLevel": "GLOBAL",
				"CurrentAuthLevel": "none",
				"Value": "",
				"Field": "",
				"AuthObjectAuthLevelSet": {
					"__deferred": {
						"uri": "https://supportshell-dgq5qdz5dm.dispatcher.int.sap.eu2.hana.ondemand.com/services/odata/authpackagessrv/AuthObjectSet(PackageId='',ObjectId='SMBWIGLOBA')/AuthObjectAuthLevelSet"
					}
				},
				"AuthObjectAuthLevelF4HelpSet": {
					"__deferred": {
						"uri": "https://supportshell-dgq5qdz5dm.dispatcher.int.sap.eu2.hana.ondemand.com/services/odata/authpackagessrv/AuthObjectSet(PackageId='',ObjectId='SMBWIGLOBA')/AuthObjectAuthLevelF4HelpSet"
					}
				}
			}, {
				"__metadata": {
					"id": "https://supportshell-dgq5qdz5dm.dispatcher.int.sap.eu2.hana.ondemand.com/services/odata/authpackagessrv/AuthObjectSet(PackageId='',ObjectId='G_USERDATA')",
					"uri": "https://supportshell-dgq5qdz5dm.dispatcher.int.sap.eu2.hana.ondemand.com/services/odata/authpackagessrv/AuthObjectSet(PackageId='',ObjectId='G_USERDATA')",
					"type": "SVT.AUTH_PACKAGES_SRV.AuthObject"
				},
				"PackageId": "",
				"ObjectId": "G_USERDATA",
				"ObjectDesc": "User Data",
				"AuthLevelId": "group",
				"AuthLevelDesc": "",
				"Selected": false,
				"AuthObjectGroup": "",
				"TopLevel": "",
				"CurrentAuthLevel": "",
				"Value": "",
				"Field": "",
				"AuthObjectAuthLevelSet": {
					"__deferred": {
						"uri": "https://supportshell-dgq5qdz5dm.dispatcher.int.sap.eu2.hana.ondemand.com/services/odata/authpackagessrv/AuthObjectSet(PackageId='',ObjectId='G_USERDATA')/AuthObjectAuthLevelSet"
					}
				},
				"AuthObjectAuthLevelF4HelpSet": {
					"__deferred": {
						"uri": "https://supportshell-dgq5qdz5dm.dispatcher.int.sap.eu2.hana.ondemand.com/services/odata/authpackagessrv/AuthObjectSet(PackageId='',ObjectId='G_USERDATA')/AuthObjectAuthLevelF4HelpSet"
					}
				}
			}, {
				"__metadata": {
					"id": "https://supportshell-dgq5qdz5dm.dispatcher.int.sap.eu2.hana.ondemand.com/services/odata/authpackagessrv/AuthObjectSet(PackageId='',ObjectId='ADMIN')",
					"uri": "https://supportshell-dgq5qdz5dm.dispatcher.int.sap.eu2.hana.ondemand.com/services/odata/authpackagessrv/AuthObjectSet(PackageId='',ObjectId='ADMIN')",
					"type": "SVT.AUTH_PACKAGES_SRV.AuthObject"
				},
				"PackageId": "",
				"ObjectId": "ADMIN",
				"ObjectDesc": "Edit Authorizations",
				"AuthLevelId": "USER",
				"AuthLevelDesc": "User",
				"Selected": false,
				"AuthObjectGroup": "G_USERDATA",
				"TopLevel": "CCC",
				"CurrentAuthLevel": "none",
				"Value": "0000203069",
				"Field": "CCC",
				"AuthObjectAuthLevelSet": {
					"__deferred": {
						"uri": "https://supportshell-dgq5qdz5dm.dispatcher.int.sap.eu2.hana.ondemand.com/services/odata/authpackagessrv/AuthObjectSet(PackageId='',ObjectId='ADMIN')/AuthObjectAuthLevelSet"
					}
				},
				"AuthObjectAuthLevelF4HelpSet": {
					"__deferred": {
						"uri": "https://supportshell-dgq5qdz5dm.dispatcher.int.sap.eu2.hana.ondemand.com/services/odata/authpackagessrv/AuthObjectSet(PackageId='',ObjectId='ADMIN')/AuthObjectAuthLevelF4HelpSet"
					}
				}
			}, {
				"__metadata": {
					"id": "https://supportshell-dgq5qdz5dm.dispatcher.int.sap.eu2.hana.ondemand.com/services/odata/authpackagessrv/AuthObjectSet(PackageId='',ObjectId='USER')",
					"uri": "https://supportshell-dgq5qdz5dm.dispatcher.int.sap.eu2.hana.ondemand.com/services/odata/authpackagessrv/AuthObjectSet(PackageId='',ObjectId='USER')",
					"type": "SVT.AUTH_PACKAGES_SRV.AuthObject"
				},
				"PackageId": "",
				"ObjectId": "USER",
				"ObjectDesc": "Edit User Data",
				"AuthLevelId": "DEBITOR",
				"AuthLevelDesc": "Customer",
				"Selected": false,
				"AuthObjectGroup": "G_USERDATA",
				"TopLevel": "CCC",
				"CurrentAuthLevel": "none",
				"Value": "0000203069",
				"Field": "CCC",
				"AuthObjectAuthLevelSet": {
					"__deferred": {
						"uri": "https://supportshell-dgq5qdz5dm.dispatcher.int.sap.eu2.hana.ondemand.com/services/odata/authpackagessrv/AuthObjectSet(PackageId='',ObjectId='USER')/AuthObjectAuthLevelSet"
					}
				},
				"AuthObjectAuthLevelF4HelpSet": {
					"__deferred": {
						"uri": "https://supportshell-dgq5qdz5dm.dispatcher.int.sap.eu2.hana.ondemand.com/services/odata/authpackagessrv/AuthObjectSet(PackageId='',ObjectId='USER')/AuthObjectAuthLevelF4HelpSet"
					}
				}
			}, {
				"__metadata": {
					"id": "https://supportshell-dgq5qdz5dm.dispatcher.int.sap.eu2.hana.ondemand.com/services/odata/authpackagessrv/AuthObjectSet(PackageId='',ObjectId='SECCONTACT')",
					"uri": "https://supportshell-dgq5qdz5dm.dispatcher.int.sap.eu2.hana.ondemand.com/services/odata/authpackagessrv/AuthObjectSet(PackageId='',ObjectId='SECCONTACT')",
					"type": "SVT.AUTH_PACKAGES_SRV.AuthObject"
				},
				"PackageId": "",
				"ObjectId": "SECCONTACT",
				"ObjectDesc": "Security Contact",
				"AuthLevelId": "GLOBAL",
				"AuthLevelDesc": "Global",
				"Selected": false,
				"AuthObjectGroup": "G_USERDATA",
				"TopLevel": "GLOBAL",
				"CurrentAuthLevel": "none",
				"Value": "",
				"Field": "",
				"AuthObjectAuthLevelSet": {
					"__deferred": {
						"uri": "https://supportshell-dgq5qdz5dm.dispatcher.int.sap.eu2.hana.ondemand.com/services/odata/authpackagessrv/AuthObjectSet(PackageId='',ObjectId='SECCONTACT')/AuthObjectAuthLevelSet"
					}
				},
				"AuthObjectAuthLevelF4HelpSet": {
					"__deferred": {
						"uri": "https://supportshell-dgq5qdz5dm.dispatcher.int.sap.eu2.hana.ondemand.com/services/odata/authpackagessrv/AuthObjectSet(PackageId='',ObjectId='SECCONTACT')/AuthObjectAuthLevelF4HelpSet"
					}
				}
			}, {
				"__metadata": {
					"id": "https://supportshell-dgq5qdz5dm.dispatcher.int.sap.eu2.hana.ondemand.com/services/odata/authpackagessrv/AuthObjectSet(PackageId='',ObjectId='G_SSLCERT')",
					"uri": "https://supportshell-dgq5qdz5dm.dispatcher.int.sap.eu2.hana.ondemand.com/services/odata/authpackagessrv/AuthObjectSet(PackageId='',ObjectId='G_SSLCERT')",
					"type": "SVT.AUTH_PACKAGES_SRV.AuthObject"
				},
				"PackageId": "",
				"ObjectId": "G_SSLCERT",
				"ObjectDesc": "SSL Certificate",
				"AuthLevelId": "group",
				"AuthLevelDesc": "",
				"Selected": false,
				"AuthObjectGroup": "",
				"TopLevel": "",
				"CurrentAuthLevel": "",
				"Value": "",
				"Field": "",
				"AuthObjectAuthLevelSet": {
					"__deferred": {
						"uri": "https://supportshell-dgq5qdz5dm.dispatcher.int.sap.eu2.hana.ondemand.com/services/odata/authpackagessrv/AuthObjectSet(PackageId='',ObjectId='G_SSLCERT')/AuthObjectAuthLevelSet"
					}
				},
				"AuthObjectAuthLevelF4HelpSet": {
					"__deferred": {
						"uri": "https://supportshell-dgq5qdz5dm.dispatcher.int.sap.eu2.hana.ondemand.com/services/odata/authpackagessrv/AuthObjectSet(PackageId='',ObjectId='G_SSLCERT')/AuthObjectAuthLevelF4HelpSet"
					}
				}
			}, {
				"__metadata": {
					"id": "https://supportshell-dgq5qdz5dm.dispatcher.int.sap.eu2.hana.ondemand.com/services/odata/authpackagessrv/AuthObjectSet(PackageId='',ObjectId='SSLCERTADM')",
					"uri": "https://supportshell-dgq5qdz5dm.dispatcher.int.sap.eu2.hana.ondemand.com/services/odata/authpackagessrv/AuthObjectSet(PackageId='',ObjectId='SSLCERTADM')",
					"type": "SVT.AUTH_PACKAGES_SRV.AuthObject"
				},
				"PackageId": "",
				"ObjectId": "SSLCERTADM",
				"ObjectDesc": "SSL Certificate Administrator (Ordering and Renewing)",
				"AuthLevelId": "GLOBAL",
				"AuthLevelDesc": "Global",
				"Selected": false,
				"AuthObjectGroup": "G_SSLCERT",
				"TopLevel": "GLOBAL",
				"CurrentAuthLevel": "none",
				"Value": "",
				"Field": "",
				"AuthObjectAuthLevelSet": {
					"__deferred": {
						"uri": "https://supportshell-dgq5qdz5dm.dispatcher.int.sap.eu2.hana.ondemand.com/services/odata/authpackagessrv/AuthObjectSet(PackageId='',ObjectId='SSLCERTADM')/AuthObjectAuthLevelSet"
					}
				},
				"AuthObjectAuthLevelF4HelpSet": {
					"__deferred": {
						"uri": "https://supportshell-dgq5qdz5dm.dispatcher.int.sap.eu2.hana.ondemand.com/services/odata/authpackagessrv/AuthObjectSet(PackageId='',ObjectId='SSLCERTADM')/AuthObjectAuthLevelF4HelpSet"
					}
				}
			}, {
				"__metadata": {
					"id": "https://supportshell-dgq5qdz5dm.dispatcher.int.sap.eu2.hana.ondemand.com/services/odata/authpackagessrv/AuthObjectSet(PackageId='',ObjectId='G_SOFTDOWN')",
					"uri": "https://supportshell-dgq5qdz5dm.dispatcher.int.sap.eu2.hana.ondemand.com/services/odata/authpackagessrv/AuthObjectSet(PackageId='',ObjectId='G_SOFTDOWN')",
					"type": "SVT.AUTH_PACKAGES_SRV.AuthObject"
				},
				"PackageId": "",
				"ObjectId": "G_SOFTDOWN",
				"ObjectDesc": "Software Download",
				"AuthLevelId": "group",
				"AuthLevelDesc": "",
				"Selected": false,
				"AuthObjectGroup": "",
				"TopLevel": "",
				"CurrentAuthLevel": "",
				"Value": "",
				"Field": "",
				"AuthObjectAuthLevelSet": {
					"__deferred": {
						"uri": "https://supportshell-dgq5qdz5dm.dispatcher.int.sap.eu2.hana.ondemand.com/services/odata/authpackagessrv/AuthObjectSet(PackageId='',ObjectId='G_SOFTDOWN')/AuthObjectAuthLevelSet"
					}
				},
				"AuthObjectAuthLevelF4HelpSet": {
					"__deferred": {
						"uri": "https://supportshell-dgq5qdz5dm.dispatcher.int.sap.eu2.hana.ondemand.com/services/odata/authpackagessrv/AuthObjectSet(PackageId='',ObjectId='G_SOFTDOWN')/AuthObjectAuthLevelF4HelpSet"
					}
				}
			}, {
				"__metadata": {
					"id": "https://supportshell-dgq5qdz5dm.dispatcher.int.sap.eu2.hana.ondemand.com/services/odata/authpackagessrv/AuthObjectSet(PackageId='',ObjectId='SWDOWNLOAD')",
					"uri": "https://supportshell-dgq5qdz5dm.dispatcher.int.sap.eu2.hana.ondemand.com/services/odata/authpackagessrv/AuthObjectSet(PackageId='',ObjectId='SWDOWNLOAD')",
					"type": "SVT.AUTH_PACKAGES_SRV.AuthObject"
				},
				"PackageId": "",
				"ObjectId": "SWDOWNLOAD",
				"ObjectDesc": "Software Download",
				"AuthLevelId": "GLOBAL",
				"AuthLevelDesc": "Global",
				"Selected": false,
				"AuthObjectGroup": "G_SOFTDOWN",
				"TopLevel": "GLOBAL",
				"CurrentAuthLevel": "none",
				"Value": "",
				"Field": "",
				"AuthObjectAuthLevelSet": {
					"__deferred": {
						"uri": "https://supportshell-dgq5qdz5dm.dispatcher.int.sap.eu2.hana.ondemand.com/services/odata/authpackagessrv/AuthObjectSet(PackageId='',ObjectId='SWDOWNLOAD')/AuthObjectAuthLevelSet"
					}
				},
				"AuthObjectAuthLevelF4HelpSet": {
					"__deferred": {
						"uri": "https://supportshell-dgq5qdz5dm.dispatcher.int.sap.eu2.hana.ondemand.com/services/odata/authpackagessrv/AuthObjectSet(PackageId='',ObjectId='SWDOWNLOAD')/AuthObjectAuthLevelF4HelpSet"
					}
				}
			}, {
				"__metadata": {
					"id": "https://supportshell-dgq5qdz5dm.dispatcher.int.sap.eu2.hana.ondemand.com/services/odata/authpackagessrv/AuthObjectSet(PackageId='',ObjectId='G_REPORTS')",
					"uri": "https://supportshell-dgq5qdz5dm.dispatcher.int.sap.eu2.hana.ondemand.com/services/odata/authpackagessrv/AuthObjectSet(PackageId='',ObjectId='G_REPORTS')",
					"type": "SVT.AUTH_PACKAGES_SRV.AuthObject"
				},
				"PackageId": "",
				"ObjectId": "G_REPORTS",
				"ObjectDesc": "Reports",
				"AuthLevelId": "group",
				"AuthLevelDesc": "",
				"Selected": false,
				"AuthObjectGroup": "",
				"TopLevel": "",
				"CurrentAuthLevel": "",
				"Value": "",
				"Field": "",
				"AuthObjectAuthLevelSet": {
					"__deferred": {
						"uri": "https://supportshell-dgq5qdz5dm.dispatcher.int.sap.eu2.hana.ondemand.com/services/odata/authpackagessrv/AuthObjectSet(PackageId='',ObjectId='G_REPORTS')/AuthObjectAuthLevelSet"
					}
				},
				"AuthObjectAuthLevelF4HelpSet": {
					"__deferred": {
						"uri": "https://supportshell-dgq5qdz5dm.dispatcher.int.sap.eu2.hana.ondemand.com/services/odata/authpackagessrv/AuthObjectSet(PackageId='',ObjectId='G_REPORTS')/AuthObjectAuthLevelF4HelpSet"
					}
				}
			}, {
				"__metadata": {
					"id": "https://supportshell-dgq5qdz5dm.dispatcher.int.sap.eu2.hana.ondemand.com/services/odata/authpackagessrv/AuthObjectSet(PackageId='',ObjectId='CCCREPORT')",
					"uri": "https://supportshell-dgq5qdz5dm.dispatcher.int.sap.eu2.hana.ondemand.com/services/odata/authpackagessrv/AuthObjectSet(PackageId='',ObjectId='CCCREPORT')",
					"type": "SVT.AUTH_PACKAGES_SRV.AuthObject"
				},
				"PackageId": "",
				"ObjectId": "CCCREPORT",
				"ObjectDesc": "Support Desk Evaluation",
				"AuthLevelId": "GLOBAL",
				"AuthLevelDesc": "Global",
				"Selected": false,
				"AuthObjectGroup": "G_REPORTS",
				"TopLevel": "GLOBAL",
				"CurrentAuthLevel": "none",
				"Value": "",
				"Field": "",
				"AuthObjectAuthLevelSet": {
					"__deferred": {
						"uri": "https://supportshell-dgq5qdz5dm.dispatcher.int.sap.eu2.hana.ondemand.com/services/odata/authpackagessrv/AuthObjectSet(PackageId='',ObjectId='CCCREPORT')/AuthObjectAuthLevelSet"
					}
				},
				"AuthObjectAuthLevelF4HelpSet": {
					"__deferred": {
						"uri": "https://supportshell-dgq5qdz5dm.dispatcher.int.sap.eu2.hana.ondemand.com/services/odata/authpackagessrv/AuthObjectSet(PackageId='',ObjectId='CCCREPORT')/AuthObjectAuthLevelF4HelpSet"
					}
				}
			}, {
				"__metadata": {
					"id": "https://supportshell-dgq5qdz5dm.dispatcher.int.sap.eu2.hana.ondemand.com/services/odata/authpackagessrv/AuthObjectSet(PackageId='',ObjectId='SUPPROGREP')",
					"uri": "https://supportshell-dgq5qdz5dm.dispatcher.int.sap.eu2.hana.ondemand.com/services/odata/authpackagessrv/AuthObjectSet(PackageId='',ObjectId='SUPPROGREP')",
					"type": "SVT.AUTH_PACKAGES_SRV.AuthObject"
				},
				"PackageId": "",
				"ObjectId": "SUPPROGREP",
				"ObjectDesc": "My Support Program Report",
				"AuthLevelId": "DEBITOR",
				"AuthLevelDesc": "Customer",
				"Selected": false,
				"AuthObjectGroup": "G_REPORTS",
				"TopLevel": "CCC",
				"CurrentAuthLevel": "none",
				"Value": "0000203069",
				"Field": "CCC",
				"AuthObjectAuthLevelSet": {
					"__deferred": {
						"uri": "https://supportshell-dgq5qdz5dm.dispatcher.int.sap.eu2.hana.ondemand.com/services/odata/authpackagessrv/AuthObjectSet(PackageId='',ObjectId='SUPPROGREP')/AuthObjectAuthLevelSet"
					}
				},
				"AuthObjectAuthLevelF4HelpSet": {
					"__deferred": {
						"uri": "https://supportshell-dgq5qdz5dm.dispatcher.int.sap.eu2.hana.ondemand.com/services/odata/authpackagessrv/AuthObjectSet(PackageId='',ObjectId='SUPPROGREP')/AuthObjectAuthLevelF4HelpSet"
					}
				}
			}, {
				"__metadata": {
					"id": "https://supportshell-dgq5qdz5dm.dispatcher.int.sap.eu2.hana.ondemand.com/services/odata/authpackagessrv/AuthObjectSet(PackageId='',ObjectId='ESRCDISP')",
					"uri": "https://supportshell-dgq5qdz5dm.dispatcher.int.sap.eu2.hana.ondemand.com/services/odata/authpackagessrv/AuthObjectSet(PackageId='',ObjectId='ESRCDISP')",
					"type": "SVT.AUTH_PACKAGES_SRV.AuthObject"
				},
				"PackageId": "",
				"ObjectId": "ESRCDISP",
				"ObjectDesc": "Display SAP Enterprise Support reporting cockpit",
				"AuthLevelId": "INSTALL",
				"AuthLevelDesc": "Installation",
				"Selected": false,
				"AuthObjectGroup": "G_REPORTS",
				"TopLevel": "INSTALL",
				"CurrentAuthLevel": "none",
				"Value": "0020182239",
				"Field": "",
				"AuthObjectAuthLevelSet": {
					"__deferred": {
						"uri": "https://supportshell-dgq5qdz5dm.dispatcher.int.sap.eu2.hana.ondemand.com/services/odata/authpackagessrv/AuthObjectSet(PackageId='',ObjectId='ESRCDISP')/AuthObjectAuthLevelSet"
					}
				},
				"AuthObjectAuthLevelF4HelpSet": {
					"__deferred": {
						"uri": "https://supportshell-dgq5qdz5dm.dispatcher.int.sap.eu2.hana.ondemand.com/services/odata/authpackagessrv/AuthObjectSet(PackageId='',ObjectId='ESRCDISP')/AuthObjectAuthLevelF4HelpSet"
					}
				}
			}, {
				"__metadata": {
					"id": "https://supportshell-dgq5qdz5dm.dispatcher.int.sap.eu2.hana.ondemand.com/services/odata/authpackagessrv/AuthObjectSet(PackageId='',ObjectId='G_SRV')",
					"uri": "https://supportshell-dgq5qdz5dm.dispatcher.int.sap.eu2.hana.ondemand.com/services/odata/authpackagessrv/AuthObjectSet(PackageId='',ObjectId='G_SRV')",
					"type": "SVT.AUTH_PACKAGES_SRV.AuthObject"
				},
				"PackageId": "",
				"ObjectId": "G_SRV",
				"ObjectDesc": "Service Requests",
				"AuthLevelId": "group",
				"AuthLevelDesc": "",
				"Selected": false,
				"AuthObjectGroup": "",
				"TopLevel": "",
				"CurrentAuthLevel": "",
				"Value": "",
				"Field": "",
				"AuthObjectAuthLevelSet": {
					"__deferred": {
						"uri": "https://supportshell-dgq5qdz5dm.dispatcher.int.sap.eu2.hana.ondemand.com/services/odata/authpackagessrv/AuthObjectSet(PackageId='',ObjectId='G_SRV')/AuthObjectAuthLevelSet"
					}
				},
				"AuthObjectAuthLevelF4HelpSet": {
					"__deferred": {
						"uri": "https://supportshell-dgq5qdz5dm.dispatcher.int.sap.eu2.hana.ondemand.com/services/odata/authpackagessrv/AuthObjectSet(PackageId='',ObjectId='G_SRV')/AuthObjectAuthLevelF4HelpSet"
					}
				}
			}, {
				"__metadata": {
					"id": "https://supportshell-dgq5qdz5dm.dispatcher.int.sap.eu2.hana.ondemand.com/services/odata/authpackagessrv/AuthObjectSet(PackageId='',ObjectId='SRV_REQ')",
					"uri": "https://supportshell-dgq5qdz5dm.dispatcher.int.sap.eu2.hana.ondemand.com/services/odata/authpackagessrv/AuthObjectSet(PackageId='',ObjectId='SRV_REQ')",
					"type": "SVT.AUTH_PACKAGES_SRV.AuthObject"
				},
				"PackageId": "",
				"ObjectId": "SRV_REQ",
				"ObjectDesc": "Display Service Requests",
				"AuthLevelId": "INSTALL",
				"AuthLevelDesc": "Installation",
				"Selected": false,
				"AuthObjectGroup": "G_SRV",
				"TopLevel": "CCC",
				"CurrentAuthLevel": "none",
				"Value": "0000203069",
				"Field": "CCC",
				"AuthObjectAuthLevelSet": {
					"__deferred": {
						"uri": "https://supportshell-dgq5qdz5dm.dispatcher.int.sap.eu2.hana.ondemand.com/services/odata/authpackagessrv/AuthObjectSet(PackageId='',ObjectId='SRV_REQ')/AuthObjectAuthLevelSet"
					}
				},
				"AuthObjectAuthLevelF4HelpSet": {
					"__deferred": {
						"uri": "https://supportshell-dgq5qdz5dm.dispatcher.int.sap.eu2.hana.ondemand.com/services/odata/authpackagessrv/AuthObjectSet(PackageId='',ObjectId='SRV_REQ')/AuthObjectAuthLevelF4HelpSet"
					}
				}
			}, {
				"__metadata": {
					"id": "https://supportshell-dgq5qdz5dm.dispatcher.int.sap.eu2.hana.ondemand.com/services/odata/authpackagessrv/AuthObjectSet(PackageId='',ObjectId='SRV_CREA')",
					"uri": "https://supportshell-dgq5qdz5dm.dispatcher.int.sap.eu2.hana.ondemand.com/services/odata/authpackagessrv/AuthObjectSet(PackageId='',ObjectId='SRV_CREA')",
					"type": "SVT.AUTH_PACKAGES_SRV.AuthObject"
				},
				"PackageId": "",
				"ObjectId": "SRV_CREA",
				"ObjectDesc": "Create Service Requests",
				"AuthLevelId": "INSTALL",
				"AuthLevelDesc": "Installation",
				"Selected": false,
				"AuthObjectGroup": "G_SRV",
				"TopLevel": "CCC",
				"CurrentAuthLevel": "none",
				"Value": "0000203069",
				"Field": "CCC",
				"AuthObjectAuthLevelSet": {
					"__deferred": {
						"uri": "https://supportshell-dgq5qdz5dm.dispatcher.int.sap.eu2.hana.ondemand.com/services/odata/authpackagessrv/AuthObjectSet(PackageId='',ObjectId='SRV_CREA')/AuthObjectAuthLevelSet"
					}
				},
				"AuthObjectAuthLevelF4HelpSet": {
					"__deferred": {
						"uri": "https://supportshell-dgq5qdz5dm.dispatcher.int.sap.eu2.hana.ondemand.com/services/odata/authpackagessrv/AuthObjectSet(PackageId='',ObjectId='SRV_CREA')/AuthObjectAuthLevelF4HelpSet"
					}
				}
			}, {
				"__metadata": {
					"id": "https://supportshell-dgq5qdz5dm.dispatcher.int.sap.eu2.hana.ondemand.com/services/odata/authpackagessrv/AuthObjectSet(PackageId='',ObjectId='SRV_BIL_AD')",
					"uri": "https://supportshell-dgq5qdz5dm.dispatcher.int.sap.eu2.hana.ondemand.com/services/odata/authpackagessrv/AuthObjectSet(PackageId='',ObjectId='SRV_BIL_AD')",
					"type": "SVT.AUTH_PACKAGES_SRV.AuthObject"
				},
				"PackageId": "",
				"ObjectId": "SRV_BIL_AD",
				"ObjectDesc": "Create Billable Service Requests",
				"AuthLevelId": "INSTALL",
				"AuthLevelDesc": "Installation",
				"Selected": false,
				"AuthObjectGroup": "G_SRV",
				"TopLevel": "CCC",
				"CurrentAuthLevel": "none",
				"Value": "0000203069",
				"Field": "CCC",
				"AuthObjectAuthLevelSet": {
					"__deferred": {
						"uri": "https://supportshell-dgq5qdz5dm.dispatcher.int.sap.eu2.hana.ondemand.com/services/odata/authpackagessrv/AuthObjectSet(PackageId='',ObjectId='SRV_BIL_AD')/AuthObjectAuthLevelSet"
					}
				},
				"AuthObjectAuthLevelF4HelpSet": {
					"__deferred": {
						"uri": "https://supportshell-dgq5qdz5dm.dispatcher.int.sap.eu2.hana.ondemand.com/services/odata/authpackagessrv/AuthObjectSet(PackageId='',ObjectId='SRV_BIL_AD')/AuthObjectAuthLevelF4HelpSet"
					}
				}
			}, {
				"__metadata": {
					"id": "https://supportshell-dgq5qdz5dm.dispatcher.int.sap.eu2.hana.ondemand.com/services/odata/authpackagessrv/AuthObjectSet(PackageId='',ObjectId='G_S4M_WEB')",
					"uri": "https://supportshell-dgq5qdz5dm.dispatcher.int.sap.eu2.hana.ondemand.com/services/odata/authpackagessrv/AuthObjectSet(PackageId='',ObjectId='G_S4M_WEB')",
					"type": "SVT.AUTH_PACKAGES_SRV.AuthObject"
				},
				"PackageId": "",
				"ObjectId": "G_S4M_WEB",
				"ObjectDesc": "SAP for Me Website",
				"AuthLevelId": "group",
				"AuthLevelDesc": "",
				"Selected": false,
				"AuthObjectGroup": "",
				"TopLevel": "",
				"CurrentAuthLevel": "",
				"Value": "",
				"Field": "",
				"AuthObjectAuthLevelSet": {
					"__deferred": {
						"uri": "https://supportshell-dgq5qdz5dm.dispatcher.int.sap.eu2.hana.ondemand.com/services/odata/authpackagessrv/AuthObjectSet(PackageId='',ObjectId='G_S4M_WEB')/AuthObjectAuthLevelSet"
					}
				},
				"AuthObjectAuthLevelF4HelpSet": {
					"__deferred": {
						"uri": "https://supportshell-dgq5qdz5dm.dispatcher.int.sap.eu2.hana.ondemand.com/services/odata/authpackagessrv/AuthObjectSet(PackageId='',ObjectId='G_S4M_WEB')/AuthObjectAuthLevelF4HelpSet"
					}
				}
			}, {
				"__metadata": {
					"id": "https://supportshell-dgq5qdz5dm.dispatcher.int.sap.eu2.hana.ondemand.com/services/odata/authpackagessrv/AuthObjectSet(PackageId='',ObjectId='S4M_ORDERS')",
					"uri": "https://supportshell-dgq5qdz5dm.dispatcher.int.sap.eu2.hana.ondemand.com/services/odata/authpackagessrv/AuthObjectSet(PackageId='',ObjectId='S4M_ORDERS')",
					"type": "SVT.AUTH_PACKAGES_SRV.AuthObject"
				},
				"PackageId": "",
				"ObjectId": "S4M_ORDERS",
				"ObjectDesc": "Display Order Information in SAP for Me",
				"AuthLevelId": "INSTALL",
				"AuthLevelDesc": "Installation",
				"Selected": false,
				"AuthObjectGroup": "G_S4M_WEB",
				"TopLevel": "CCC",
				"CurrentAuthLevel": "none",
				"Value": "0000203069",
				"Field": "CCC",
				"AuthObjectAuthLevelSet": {
					"__deferred": {
						"uri": "https://supportshell-dgq5qdz5dm.dispatcher.int.sap.eu2.hana.ondemand.com/services/odata/authpackagessrv/AuthObjectSet(PackageId='',ObjectId='S4M_ORDERS')/AuthObjectAuthLevelSet"
					}
				},
				"AuthObjectAuthLevelF4HelpSet": {
					"__deferred": {
						"uri": "https://supportshell-dgq5qdz5dm.dispatcher.int.sap.eu2.hana.ondemand.com/services/odata/authpackagessrv/AuthObjectSet(PackageId='',ObjectId='S4M_ORDERS')/AuthObjectAuthLevelF4HelpSet"
					}
				}
			}, {
				"__metadata": {
					"id": "https://supportshell-dgq5qdz5dm.dispatcher.int.sap.eu2.hana.ondemand.com/services/odata/authpackagessrv/AuthObjectSet(PackageId='',ObjectId='S4M_SWAGRM')",
					"uri": "https://supportshell-dgq5qdz5dm.dispatcher.int.sap.eu2.hana.ondemand.com/services/odata/authpackagessrv/AuthObjectSet(PackageId='',ObjectId='S4M_SWAGRM')",
					"type": "SVT.AUTH_PACKAGES_SRV.AuthObject"
				},
				"PackageId": "",
				"ObjectId": "S4M_SWAGRM",
				"ObjectDesc": "Display Software Agreement Information in SAP for Me",
				"AuthLevelId": "INSTALL",
				"AuthLevelDesc": "Installation",
				"Selected": false,
				"AuthObjectGroup": "G_S4M_WEB",
				"TopLevel": "CCC",
				"CurrentAuthLevel": "none",
				"Value": "0000203069",
				"Field": "CCC",
				"AuthObjectAuthLevelSet": {
					"__deferred": {
						"uri": "https://supportshell-dgq5qdz5dm.dispatcher.int.sap.eu2.hana.ondemand.com/services/odata/authpackagessrv/AuthObjectSet(PackageId='',ObjectId='S4M_SWAGRM')/AuthObjectAuthLevelSet"
					}
				},
				"AuthObjectAuthLevelF4HelpSet": {
					"__deferred": {
						"uri": "https://supportshell-dgq5qdz5dm.dispatcher.int.sap.eu2.hana.ondemand.com/services/odata/authpackagessrv/AuthObjectSet(PackageId='',ObjectId='S4M_SWAGRM')/AuthObjectAuthLevelF4HelpSet"
					}
				}
			}, {
				"__metadata": {
					"id": "https://supportshell-dgq5qdz5dm.dispatcher.int.sap.eu2.hana.ondemand.com/services/odata/authpackagessrv/AuthObjectSet(PackageId='',ObjectId='S4M_LEARN')",
					"uri": "https://supportshell-dgq5qdz5dm.dispatcher.int.sap.eu2.hana.ondemand.com/services/odata/authpackagessrv/AuthObjectSet(PackageId='',ObjectId='S4M_LEARN')",
					"type": "SVT.AUTH_PACKAGES_SRV.AuthObject"
				},
				"PackageId": "",
				"ObjectId": "S4M_LEARN",
				"ObjectDesc": "Display Company-Wide Learning Status in SAP for Me",
				"AuthLevelId": "GLOBAL",
				"AuthLevelDesc": "Global",
				"Selected": false,
				"AuthObjectGroup": "G_S4M_WEB",
				"TopLevel": "GLOBAL",
				"CurrentAuthLevel": "none",
				"Value": "",
				"Field": "",
				"AuthObjectAuthLevelSet": {
					"__deferred": {
						"uri": "https://supportshell-dgq5qdz5dm.dispatcher.int.sap.eu2.hana.ondemand.com/services/odata/authpackagessrv/AuthObjectSet(PackageId='',ObjectId='S4M_LEARN')/AuthObjectAuthLevelSet"
					}
				},
				"AuthObjectAuthLevelF4HelpSet": {
					"__deferred": {
						"uri": "https://supportshell-dgq5qdz5dm.dispatcher.int.sap.eu2.hana.ondemand.com/services/odata/authpackagessrv/AuthObjectSet(PackageId='',ObjectId='S4M_LEARN')/AuthObjectAuthLevelF4HelpSet"
					}
				}
			}, {
				"__metadata": {
					"id": "https://supportshell-dgq5qdz5dm.dispatcher.int.sap.eu2.hana.ondemand.com/services/odata/authpackagessrv/AuthObjectSet(PackageId='',ObjectId='LICAUD_CLO')",
					"uri": "https://supportshell-dgq5qdz5dm.dispatcher.int.sap.eu2.hana.ondemand.com/services/odata/authpackagessrv/AuthObjectSet(PackageId='',ObjectId='LICAUD_CLO')",
					"type": "SVT.AUTH_PACKAGES_SRV.AuthObject"
				},
				"PackageId": "",
				"ObjectId": "LICAUD_CLO",
				"ObjectDesc": "Access License Utilization for Cloud",
				"AuthLevelId": "INSTALL",
				"AuthLevelDesc": "Installation",
				"Selected": false,
				"AuthObjectGroup": "G_S4M_WEB",
				"TopLevel": "CCC",
				"CurrentAuthLevel": "none",
				"Value": "0000203069",
				"Field": "CCC",
				"AuthObjectAuthLevelSet": {
					"__deferred": {
						"uri": "https://supportshell-dgq5qdz5dm.dispatcher.int.sap.eu2.hana.ondemand.com/services/odata/authpackagessrv/AuthObjectSet(PackageId='',ObjectId='LICAUD_CLO')/AuthObjectAuthLevelSet"
					}
				},
				"AuthObjectAuthLevelF4HelpSet": {
					"__deferred": {
						"uri": "https://supportshell-dgq5qdz5dm.dispatcher.int.sap.eu2.hana.ondemand.com/services/odata/authpackagessrv/AuthObjectSet(PackageId='',ObjectId='LICAUD_CLO')/AuthObjectAuthLevelF4HelpSet"
					}
				}
			}, {
				"__metadata": {
					"id": "https://supportshell-dgq5qdz5dm.dispatcher.int.sap.eu2.hana.ondemand.com/services/odata/authpackagessrv/AuthObjectSet(PackageId='',ObjectId='S4M_IMPCON')",
					"uri": "https://supportshell-dgq5qdz5dm.dispatcher.int.sap.eu2.hana.ondemand.com/services/odata/authpackagessrv/AuthObjectSet(PackageId='',ObjectId='S4M_IMPCON')",
					"type": "SVT.AUTH_PACKAGES_SRV.AuthObject"
				},
				"PackageId": "",
				"ObjectId": "S4M_IMPCON",
				"ObjectDesc": "Edit Main, Technical or Financial Contact Person in SAP4Me",
				"AuthLevelId": "GLOBAL",
				"AuthLevelDesc": "Global",
				"Selected": false,
				"AuthObjectGroup": "G_S4M_WEB",
				"TopLevel": "GLOBAL",
				"CurrentAuthLevel": "none",
				"Value": "",
				"Field": "",
				"AuthObjectAuthLevelSet": {
					"__deferred": {
						"uri": "https://supportshell-dgq5qdz5dm.dispatcher.int.sap.eu2.hana.ondemand.com/services/odata/authpackagessrv/AuthObjectSet(PackageId='',ObjectId='S4M_IMPCON')/AuthObjectAuthLevelSet"
					}
				},
				"AuthObjectAuthLevelF4HelpSet": {
					"__deferred": {
						"uri": "https://supportshell-dgq5qdz5dm.dispatcher.int.sap.eu2.hana.ondemand.com/services/odata/authpackagessrv/AuthObjectSet(PackageId='',ObjectId='S4M_IMPCON')/AuthObjectAuthLevelF4HelpSet"
					}
				}
			}, {
				"__metadata": {
					"id": "https://supportshell-dgq5qdz5dm.dispatcher.int.sap.eu2.hana.ondemand.com/services/odata/authpackagessrv/AuthObjectSet(PackageId='',ObjectId='S4M_UPDROL')",
					"uri": "https://supportshell-dgq5qdz5dm.dispatcher.int.sap.eu2.hana.ondemand.com/services/odata/authpackagessrv/AuthObjectSet(PackageId='',ObjectId='S4M_UPDROL')",
					"type": "SVT.AUTH_PACKAGES_SRV.AuthObject"
				},
				"PackageId": "",
				"ObjectId": "S4M_UPDROL",
				"ObjectDesc": "Edit Contact-Role Assignment in SAP for Me",
				"AuthLevelId": "GLOBAL",
				"AuthLevelDesc": "Global",
				"Selected": false,
				"AuthObjectGroup": "G_S4M_WEB",
				"TopLevel": "GLOBAL",
				"CurrentAuthLevel": "none",
				"Value": "",
				"Field": "",
				"AuthObjectAuthLevelSet": {
					"__deferred": {
						"uri": "https://supportshell-dgq5qdz5dm.dispatcher.int.sap.eu2.hana.ondemand.com/services/odata/authpackagessrv/AuthObjectSet(PackageId='',ObjectId='S4M_UPDROL')/AuthObjectAuthLevelSet"
					}
				},
				"AuthObjectAuthLevelF4HelpSet": {
					"__deferred": {
						"uri": "https://supportshell-dgq5qdz5dm.dispatcher.int.sap.eu2.hana.ondemand.com/services/odata/authpackagessrv/AuthObjectSet(PackageId='',ObjectId='S4M_UPDROL')/AuthObjectAuthLevelF4HelpSet"
					}
				}
			}, {
				"__metadata": {
					"id": "https://supportshell-dgq5qdz5dm.dispatcher.int.sap.eu2.hana.ondemand.com/services/odata/authpackagessrv/AuthObjectSet(PackageId='',ObjectId='S4MINVOICE')",
					"uri": "https://supportshell-dgq5qdz5dm.dispatcher.int.sap.eu2.hana.ondemand.com/services/odata/authpackagessrv/AuthObjectSet(PackageId='',ObjectId='S4MINVOICE')",
					"type": "SVT.AUTH_PACKAGES_SRV.AuthObject"
				},
				"PackageId": "",
				"ObjectId": "S4MINVOICE",
				"ObjectDesc": "Manage Invoices and Payments",
				"AuthLevelId": "DEBITOR",
				"AuthLevelDesc": "Customer",
				"Selected": false,
				"AuthObjectGroup": "G_S4M_WEB",
				"TopLevel": "CCC",
				"CurrentAuthLevel": "none",
				"Value": "0000203069",
				"Field": "CCC",
				"AuthObjectAuthLevelSet": {
					"__deferred": {
						"uri": "https://supportshell-dgq5qdz5dm.dispatcher.int.sap.eu2.hana.ondemand.com/services/odata/authpackagessrv/AuthObjectSet(PackageId='',ObjectId='S4MINVOICE')/AuthObjectAuthLevelSet"
					}
				},
				"AuthObjectAuthLevelF4HelpSet": {
					"__deferred": {
						"uri": "https://supportshell-dgq5qdz5dm.dispatcher.int.sap.eu2.hana.ondemand.com/services/odata/authpackagessrv/AuthObjectSet(PackageId='',ObjectId='S4MINVOICE')/AuthObjectAuthLevelF4HelpSet"
					}
				}
			}, {
				"__metadata": {
					"id": "https://supportshell-dgq5qdz5dm.dispatcher.int.sap.eu2.hana.ondemand.com/services/odata/authpackagessrv/AuthObjectSet(PackageId='',ObjectId='S4M_BUYLIC')",
					"uri": "https://supportshell-dgq5qdz5dm.dispatcher.int.sap.eu2.hana.ondemand.com/services/odata/authpackagessrv/AuthObjectSet(PackageId='',ObjectId='S4M_BUYLIC')",
					"type": "SVT.AUTH_PACKAGES_SRV.AuthObject"
				},
				"PackageId": "",
				"ObjectId": "S4M_BUYLIC",
				"ObjectDesc": "Purchase Licenses",
				"AuthLevelId": "DEBITOR",
				"AuthLevelDesc": "Customer",
				"Selected": false,
				"AuthObjectGroup": "G_S4M_WEB",
				"TopLevel": "CCC",
				"CurrentAuthLevel": "none",
				"Value": "0000203069",
				"Field": "CCC",
				"AuthObjectAuthLevelSet": {
					"__deferred": {
						"uri": "https://supportshell-dgq5qdz5dm.dispatcher.int.sap.eu2.hana.ondemand.com/services/odata/authpackagessrv/AuthObjectSet(PackageId='',ObjectId='S4M_BUYLIC')/AuthObjectAuthLevelSet"
					}
				},
				"AuthObjectAuthLevelF4HelpSet": {
					"__deferred": {
						"uri": "https://supportshell-dgq5qdz5dm.dispatcher.int.sap.eu2.hana.ondemand.com/services/odata/authpackagessrv/AuthObjectSet(PackageId='',ObjectId='S4M_BUYLIC')/AuthObjectAuthLevelF4HelpSet"
					}
				}
			}
		]
	}
}