{
	"d": {
		"results": [{
			"__metadata": {
				"id": "https://supportshell-dgq5qdz5dm.dispatcher.int.sap.eu2.hana.ondemand.com/services/odata/authpackagessrv/AuthorizedCustomersSet('202418')",
				"uri": "https://supportshell-dgq5qdz5dm.dispatcher.int.sap.eu2.hana.ondemand.com/services/odata/authpackagessrv/AuthorizedCustomersSet('202418')",
				"type": "SVT.AUTH_PACKAGES_SRV.AuthorizedCustomers"
			},
			"Kunnr": "202418",
			"CustomerName": "test cust. OSS1 HCSM..",
			"Description": "OSS corp. funktion...."
		}, {
			"__metadata": {
				"id": "https://supportshell-dgq5qdz5dm.dispatcher.int.sap.eu2.hana.ondemand.com/services/odata/authpackagessrv/AuthorizedCustomersSet('202419')",
				"uri": "https://supportshell-dgq5qdz5dm.dispatcher.int.sap.eu2.hana.ondemand.com/services/odata/authpackagessrv/AuthorizedCustomersSet('202419')",
				"type": "SVT.AUTH_PACKAGES_SRV.AuthorizedCustomers"
			},
			"Kunnr": "202419",
			"CustomerName": "SAPNet R/3-Frontend Test custo",
			"Description": "LSDE HCSM"
		}, {
			"__metadata": {
				"id": "https://supportshell-dgq5qdz5dm.dispatcher.int.sap.eu2.hana.ondemand.com/services/odata/authpackagessrv/AuthorizedCustomersSet('203069')",
				"uri": "https://supportshell-dgq5qdz5dm.dispatcher.int.sap.eu2.hana.ondemand.com/services/odata/authpackagessrv/AuthorizedCustomersSet('203069')",
				"type": "SVT.AUTH_PACKAGES_SRV.AuthorizedCustomers"
			},
			"Kunnr": "203069",
			"CustomerName": "Test value contracts HCSM",
			"Description": "OSS corp.  funct"
		}, {
			"__metadata": {
				"id": "https://supportshell-dgq5qdz5dm.dispatcher.int.sap.eu2.hana.ondemand.com/services/odata/authpackagessrv/AuthorizedCustomersSet('202420')",
				"uri": "https://supportshell-dgq5qdz5dm.dispatcher.int.sap.eu2.hana.ondemand.com/services/odata/authpackagessrv/AuthorizedCustomersSet('202420')",
				"type": "SVT.AUTH_PACKAGES_SRV.AuthorizedCustomers"
			},
			"Kunnr": "202420",
			"CustomerName": "test cust. #3.",
			"Description": "OSS corp. funct."
		}]
	}
}