{
	"d": {
		"results": [{
			"__metadata": {
				"id": "https://supportshell-dgq5qdz5dm.dispatcher.int.sap.eu2.hana.ondemand.com/services/odata/authpackagessrv/AuthorizedInstallationsSet(Kunnr='202418',InstallationNumber='20251954')",
				"uri": "https://supportshell-dgq5qdz5dm.dispatcher.int.sap.eu2.hana.ondemand.com/services/odata/authpackagessrv/AuthorizedInstallationsSet(Kunnr='202418',InstallationNumber='20251954')",
				"type": "SVT.AUTH_PACKAGES_SRV.AuthorizedInstallations"
			},
			"Kunnr": "202418",
			"InstallationNumber": "20251954",
			"CustomerName": "test cust. OSS1 HCSM..",
			"InstallationName": "Discovery Installation"
		}, {
			"__metadata": {
				"id": "https://supportshell-dgq5qdz5dm.dispatcher.int.sap.eu2.hana.ondemand.com/services/odata/authpackagessrv/AuthorizedInstallationsSet(Kunnr='202418',InstallationNumber='20251953')",
				"uri": "https://supportshell-dgq5qdz5dm.dispatcher.int.sap.eu2.hana.ondemand.com/services/odata/authpackagessrv/AuthorizedInstallationsSet(Kunnr='202418',InstallationNumber='20251953')",
				"type": "SVT.AUTH_PACKAGES_SRV.AuthorizedInstallations"
			},
			"Kunnr": "202418",
			"InstallationNumber": "20251953",
			"CustomerName": "test cust. OSS1 HCSM..",
			"InstallationName": "Discovery Installation"
		}, {
			"__metadata": {
				"id": "https://supportshell-dgq5qdz5dm.dispatcher.int.sap.eu2.hana.ondemand.com/services/odata/authpackagessrv/AuthorizedInstallationsSet(Kunnr='202418',InstallationNumber='20251949')",
				"uri": "https://supportshell-dgq5qdz5dm.dispatcher.int.sap.eu2.hana.ondemand.com/services/odata/authpackagessrv/AuthorizedInstallationsSet(Kunnr='202418',InstallationNumber='20251949')",
				"type": "SVT.AUTH_PACKAGES_SRV.AuthorizedInstallations"
			},
			"Kunnr": "202418",
			"InstallationNumber": "20251949",
			"CustomerName": "test cust. OSS1 HCSM..",
			"InstallationName": "Discovery Installation"
		}, {
			"__metadata": {
				"id": "https://supportshell-dgq5qdz5dm.dispatcher.int.sap.eu2.hana.ondemand.com/services/odata/authpackagessrv/AuthorizedInstallationsSet(Kunnr='202418',InstallationNumber='20251945')",
				"uri": "https://supportshell-dgq5qdz5dm.dispatcher.int.sap.eu2.hana.ondemand.com/services/odata/authpackagessrv/AuthorizedInstallationsSet(Kunnr='202418',InstallationNumber='20251945')",
				"type": "SVT.AUTH_PACKAGES_SRV.AuthorizedInstallations"
			},
			"Kunnr": "202418",
			"InstallationNumber": "20251945",
			"CustomerName": "test cust. OSS1 HCSM..",
			"InstallationName": "Discovery Installation"
		}, {
			"__metadata": {
				"id": "https://supportshell-dgq5qdz5dm.dispatcher.int.sap.eu2.hana.ondemand.com/services/odata/authpackagessrv/AuthorizedInstallationsSet(Kunnr='202418',InstallationNumber='20251944')",
				"uri": "https://supportshell-dgq5qdz5dm.dispatcher.int.sap.eu2.hana.ondemand.com/services/odata/authpackagessrv/AuthorizedInstallationsSet(Kunnr='202418',InstallationNumber='20251944')",
				"type": "SVT.AUTH_PACKAGES_SRV.AuthorizedInstallations"
			},
			"Kunnr": "202418",
			"InstallationNumber": "20251944",
			"CustomerName": "test cust. OSS1 HCSM..",
			"InstallationName": "Discovery Installation"
		}, {
			"__metadata": {
				"id": "https://supportshell-dgq5qdz5dm.dispatcher.int.sap.eu2.hana.ondemand.com/services/odata/authpackagessrv/AuthorizedInstallationsSet(Kunnr='202418',InstallationNumber='20251943')",
				"uri": "https://supportshell-dgq5qdz5dm.dispatcher.int.sap.eu2.hana.ondemand.com/services/odata/authpackagessrv/AuthorizedInstallationsSet(Kunnr='202418',InstallationNumber='20251943')",
				"type": "SVT.AUTH_PACKAGES_SRV.AuthorizedInstallations"
			},
			"Kunnr": "202418",
			"InstallationNumber": "20251943",
			"CustomerName": "test cust. OSS1 HCSM..",
			"InstallationName": "Discovery Installation"
		}, {
			"__metadata": {
				"id": "https://supportshell-dgq5qdz5dm.dispatcher.int.sap.eu2.hana.ondemand.com/services/odata/authpackagessrv/AuthorizedInstallationsSet(Kunnr='202418',InstallationNumber='20251994')",
				"uri": "https://supportshell-dgq5qdz5dm.dispatcher.int.sap.eu2.hana.ondemand.com/services/odata/authpackagessrv/AuthorizedInstallationsSet(Kunnr='202418',InstallationNumber='20251994')",
				"type": "SVT.AUTH_PACKAGES_SRV.AuthorizedInstallations"
			},
			"Kunnr": "202418",
			"InstallationNumber": "20251994",
			"CustomerName": "test cust. OSS1 HCSM..",
			"InstallationName": "Discovery Installation"
		}, {
			"__metadata": {
				"id": "https://supportshell-dgq5qdz5dm.dispatcher.int.sap.eu2.hana.ondemand.com/services/odata/authpackagessrv/AuthorizedInstallationsSet(Kunnr='202418',InstallationNumber='20251995')",
				"uri": "https://supportshell-dgq5qdz5dm.dispatcher.int.sap.eu2.hana.ondemand.com/services/odata/authpackagessrv/AuthorizedInstallationsSet(Kunnr='202418',InstallationNumber='20251995')",
				"type": "SVT.AUTH_PACKAGES_SRV.AuthorizedInstallations"
			},
			"Kunnr": "202418",
			"InstallationNumber": "20251995",
			"CustomerName": "test cust. OSS1 HCSM..",
			"InstallationName": "Discovery Installation"
		}, {
			"__metadata": {
				"id": "https://supportshell-dgq5qdz5dm.dispatcher.int.sap.eu2.hana.ondemand.com/services/odata/authpackagessrv/AuthorizedInstallationsSet(Kunnr='202418',InstallationNumber='20251996')",
				"uri": "https://supportshell-dgq5qdz5dm.dispatcher.int.sap.eu2.hana.ondemand.com/services/odata/authpackagessrv/AuthorizedInstallationsSet(Kunnr='202418',InstallationNumber='20251996')",
				"type": "SVT.AUTH_PACKAGES_SRV.AuthorizedInstallations"
			},
			"Kunnr": "202418",
			"InstallationNumber": "20251996",
			"CustomerName": "test cust. OSS1 HCSM..",
			"InstallationName": "Discovery Installation"
		}, {
			"__metadata": {
				"id": "https://supportshell-dgq5qdz5dm.dispatcher.int.sap.eu2.hana.ondemand.com/services/odata/authpackagessrv/AuthorizedInstallationsSet(Kunnr='202418',InstallationNumber='20636151')",
				"uri": "https://supportshell-dgq5qdz5dm.dispatcher.int.sap.eu2.hana.ondemand.com/services/odata/authpackagessrv/AuthorizedInstallationsSet(Kunnr='202418',InstallationNumber='20636151')",
				"type": "SVT.AUTH_PACKAGES_SRV.AuthorizedInstallations"
			},
			"Kunnr": "202418",
			"InstallationNumber": "20636151",
			"CustomerName": "test cust. OSS1 HCSM..",
			"InstallationName": "Test Veronika"
		}, {
			"__metadata": {
				"id": "https://supportshell-dgq5qdz5dm.dispatcher.int.sap.eu2.hana.ondemand.com/services/odata/authpackagessrv/AuthorizedInstallationsSet(Kunnr='202418',InstallationNumber='20637956')",
				"uri": "https://supportshell-dgq5qdz5dm.dispatcher.int.sap.eu2.hana.ondemand.com/services/odata/authpackagessrv/AuthorizedInstallationsSet(Kunnr='202418',InstallationNumber='20637956')",
				"type": "SVT.AUTH_PACKAGES_SRV.AuthorizedInstallations"
			},
			"Kunnr": "202418",
			"InstallationNumber": "20637956",
			"CustomerName": "test cust. OSS1 HCSM..",
			"InstallationName": "Test Creation Veronika 3 (13.0"
		}, {
			"__metadata": {
				"id": "https://supportshell-dgq5qdz5dm.dispatcher.int.sap.eu2.hana.ondemand.com/services/odata/authpackagessrv/AuthorizedInstallationsSet(Kunnr='202418',InstallationNumber='20637957')",
				"uri": "https://supportshell-dgq5qdz5dm.dispatcher.int.sap.eu2.hana.ondemand.com/services/odata/authpackagessrv/AuthorizedInstallationsSet(Kunnr='202418',InstallationNumber='20637957')",
				"type": "SVT.AUTH_PACKAGES_SRV.AuthorizedInstallations"
			},
			"Kunnr": "202418",
			"InstallationNumber": "20637957",
			"CustomerName": "test cust. OSS1 HCSM..",
			"InstallationName": "Test Creation Veronika 3 (13.0"
		}, {
			"__metadata": {
				"id": "https://supportshell-dgq5qdz5dm.dispatcher.int.sap.eu2.hana.ondemand.com/services/odata/authpackagessrv/AuthorizedInstallationsSet(Kunnr='202418',InstallationNumber='20637958')",
				"uri": "https://supportshell-dgq5qdz5dm.dispatcher.int.sap.eu2.hana.ondemand.com/services/odata/authpackagessrv/AuthorizedInstallationsSet(Kunnr='202418',InstallationNumber='20637958')",
				"type": "SVT.AUTH_PACKAGES_SRV.AuthorizedInstallations"
			},
			"Kunnr": "202418",
			"InstallationNumber": "20637958",
			"CustomerName": "test cust. OSS1 HCSM..",
			"InstallationName": "Test Creation Veronika 3 (13.0"
		}, {
			"__metadata": {
				"id": "https://supportshell-dgq5qdz5dm.dispatcher.int.sap.eu2.hana.ondemand.com/services/odata/authpackagessrv/AuthorizedInstallationsSet(Kunnr='202418',InstallationNumber='120009915')",
				"uri": "https://supportshell-dgq5qdz5dm.dispatcher.int.sap.eu2.hana.ondemand.com/services/odata/authpackagessrv/AuthorizedInstallationsSet(Kunnr='202418',InstallationNumber='120009915')",
				"type": "SVT.AUTH_PACKAGES_SRV.AuthorizedInstallations"
			},
			"Kunnr": "202418",
			"InstallationNumber": "120009915",
			"CustomerName": "test cust. OSS1 HCSM..",
			"InstallationName": "Test Installation 0120009915_ testI7D  test"
		}, {
			"__metadata": {
				"id": "https://supportshell-dgq5qdz5dm.dispatcher.int.sap.eu2.hana.ondemand.com/services/odata/authpackagessrv/AuthorizedInstallationsSet(Kunnr='202418',InstallationNumber='20182239')",
				"uri": "https://supportshell-dgq5qdz5dm.dispatcher.int.sap.eu2.hana.ondemand.com/services/odata/authpackagessrv/AuthorizedInstallationsSet(Kunnr='202418',InstallationNumber='20182239')",
				"type": "SVT.AUTH_PACKAGES_SRV.AuthorizedInstallations"
			},
			"Kunnr": "202418",
			"InstallationNumber": "20182239",
			"CustomerName": "test cust. OSS1 HCSM..",
			"InstallationName": "SAP ERP - Testinstallation - Neu___"
		}, {
			"__metadata": {
				"id": "https://supportshell-dgq5qdz5dm.dispatcher.int.sap.eu2.hana.ondemand.com/services/odata/authpackagessrv/AuthorizedInstallationsSet(Kunnr='202418',InstallationNumber='20187822')",
				"uri": "https://supportshell-dgq5qdz5dm.dispatcher.int.sap.eu2.hana.ondemand.com/services/odata/authpackagessrv/AuthorizedInstallationsSet(Kunnr='202418',InstallationNumber='20187822')",
				"type": "SVT.AUTH_PACKAGES_SRV.AuthorizedInstallations"
			},
			"Kunnr": "202418",
			"InstallationNumber": "20187822",
			"CustomerName": "test cust. OSS1 HCSM..",
			"InstallationName": "SAP NW04"
		}, {
			"__metadata": {
				"id": "https://supportshell-dgq5qdz5dm.dispatcher.int.sap.eu2.hana.ondemand.com/services/odata/authpackagessrv/AuthorizedInstallationsSet(Kunnr='202418',InstallationNumber='20187823')",
				"uri": "https://supportshell-dgq5qdz5dm.dispatcher.int.sap.eu2.hana.ondemand.com/services/odata/authpackagessrv/AuthorizedInstallationsSet(Kunnr='202418',InstallationNumber='20187823')",
				"type": "SVT.AUTH_PACKAGES_SRV.AuthorizedInstallations"
			},
			"Kunnr": "202418",
			"InstallationNumber": "20187823",
			"CustomerName": "test cust. OSS1 HCSM..",
			"InstallationName": "SAP EP - Testinstallation"
		}, {
			"__metadata": {
				"id": "https://supportshell-dgq5qdz5dm.dispatcher.int.sap.eu2.hana.ondemand.com/services/odata/authpackagessrv/AuthorizedInstallationsSet(Kunnr='202418',InstallationNumber='20190925')",
				"uri": "https://supportshell-dgq5qdz5dm.dispatcher.int.sap.eu2.hana.ondemand.com/services/odata/authpackagessrv/AuthorizedInstallationsSet(Kunnr='202418',InstallationNumber='20190925')",
				"type": "SVT.AUTH_PACKAGES_SRV.AuthorizedInstallations"
			},
			"Kunnr": "202418",
			"InstallationNumber": "20190925",
			"CustomerName": "test cust. OSS1 HCSM..",
			"InstallationName": "SAP Business One - Test Installation"
		}, {
			"__metadata": {
				"id": "https://supportshell-dgq5qdz5dm.dispatcher.int.sap.eu2.hana.ondemand.com/services/odata/authpackagessrv/AuthorizedInstallationsSet(Kunnr='202418',InstallationNumber='20227072')",
				"uri": "https://supportshell-dgq5qdz5dm.dispatcher.int.sap.eu2.hana.ondemand.com/services/odata/authpackagessrv/AuthorizedInstallationsSet(Kunnr='202418',InstallationNumber='20227072')",
				"type": "SVT.AUTH_PACKAGES_SRV.AuthorizedInstallations"
			},
			"Kunnr": "202418",
			"InstallationNumber": "20227072",
			"CustomerName": "test cust. OSS1 HCSM..",
			"InstallationName": "On Demand Intallation - please do NOT touch!"
		}, {
			"__metadata": {
				"id": "https://supportshell-dgq5qdz5dm.dispatcher.int.sap.eu2.hana.ondemand.com/services/odata/authpackagessrv/AuthorizedInstallationsSet(Kunnr='202418',InstallationNumber='20251905')",
				"uri": "https://supportshell-dgq5qdz5dm.dispatcher.int.sap.eu2.hana.ondemand.com/services/odata/authpackagessrv/AuthorizedInstallationsSet(Kunnr='202418',InstallationNumber='20251905')",
				"type": "SVT.AUTH_PACKAGES_SRV.AuthorizedInstallations"
			},
			"Kunnr": "202418",
			"InstallationNumber": "20251905",
			"CustomerName": "test cust. OSS1 HCSM..",
			"InstallationName": "Discovery Installation"
		}, {
			"__metadata": {
				"id": "https://supportshell-dgq5qdz5dm.dispatcher.int.sap.eu2.hana.ondemand.com/services/odata/authpackagessrv/AuthorizedInstallationsSet(Kunnr='202418',InstallationNumber='20251906')",
				"uri": "https://supportshell-dgq5qdz5dm.dispatcher.int.sap.eu2.hana.ondemand.com/services/odata/authpackagessrv/AuthorizedInstallationsSet(Kunnr='202418',InstallationNumber='20251906')",
				"type": "SVT.AUTH_PACKAGES_SRV.AuthorizedInstallations"
			},
			"Kunnr": "202418",
			"InstallationNumber": "20251906",
			"CustomerName": "test cust. OSS1 HCSM..",
			"InstallationName": "Discovery Installation"
		}, {
			"__metadata": {
				"id": "https://supportshell-dgq5qdz5dm.dispatcher.int.sap.eu2.hana.ondemand.com/services/odata/authpackagessrv/AuthorizedInstallationsSet(Kunnr='202418',InstallationNumber='20251907')",
				"uri": "https://supportshell-dgq5qdz5dm.dispatcher.int.sap.eu2.hana.ondemand.com/services/odata/authpackagessrv/AuthorizedInstallationsSet(Kunnr='202418',InstallationNumber='20251907')",
				"type": "SVT.AUTH_PACKAGES_SRV.AuthorizedInstallations"
			},
			"Kunnr": "202418",
			"InstallationNumber": "20251907",
			"CustomerName": "test cust. OSS1 HCSM..",
			"InstallationName": "Discovery Installation"
		}, {
			"__metadata": {
				"id": "https://supportshell-dgq5qdz5dm.dispatcher.int.sap.eu2.hana.ondemand.com/services/odata/authpackagessrv/AuthorizedInstallationsSet(Kunnr='202418',InstallationNumber='20251908')",
				"uri": "https://supportshell-dgq5qdz5dm.dispatcher.int.sap.eu2.hana.ondemand.com/services/odata/authpackagessrv/AuthorizedInstallationsSet(Kunnr='202418',InstallationNumber='20251908')",
				"type": "SVT.AUTH_PACKAGES_SRV.AuthorizedInstallations"
			},
			"Kunnr": "202418",
			"InstallationNumber": "20251908",
			"CustomerName": "test cust. OSS1 HCSM..",
			"InstallationName": "Discovery Installation"
		}, {
			"__metadata": {
				"id": "https://supportshell-dgq5qdz5dm.dispatcher.int.sap.eu2.hana.ondemand.com/services/odata/authpackagessrv/AuthorizedInstallationsSet(Kunnr='202418',InstallationNumber='20251909')",
				"uri": "https://supportshell-dgq5qdz5dm.dispatcher.int.sap.eu2.hana.ondemand.com/services/odata/authpackagessrv/AuthorizedInstallationsSet(Kunnr='202418',InstallationNumber='20251909')",
				"type": "SVT.AUTH_PACKAGES_SRV.AuthorizedInstallations"
			},
			"Kunnr": "202418",
			"InstallationNumber": "20251909",
			"CustomerName": "test cust. OSS1 HCSM..",
			"InstallationName": "Discovery Installation"
		}, {
			"__metadata": {
				"id": "https://supportshell-dgq5qdz5dm.dispatcher.int.sap.eu2.hana.ondemand.com/services/odata/authpackagessrv/AuthorizedInstallationsSet(Kunnr='202418',InstallationNumber='20251910')",
				"uri": "https://supportshell-dgq5qdz5dm.dispatcher.int.sap.eu2.hana.ondemand.com/services/odata/authpackagessrv/AuthorizedInstallationsSet(Kunnr='202418',InstallationNumber='20251910')",
				"type": "SVT.AUTH_PACKAGES_SRV.AuthorizedInstallations"
			},
			"Kunnr": "202418",
			"InstallationNumber": "20251910",
			"CustomerName": "test cust. OSS1 HCSM..",
			"InstallationName": "Discovery Installation"
		}, {
			"__metadata": {
				"id": "https://supportshell-dgq5qdz5dm.dispatcher.int.sap.eu2.hana.ondemand.com/services/odata/authpackagessrv/AuthorizedInstallationsSet(Kunnr='202418',InstallationNumber='20251911')",
				"uri": "https://supportshell-dgq5qdz5dm.dispatcher.int.sap.eu2.hana.ondemand.com/services/odata/authpackagessrv/AuthorizedInstallationsSet(Kunnr='202418',InstallationNumber='20251911')",
				"type": "SVT.AUTH_PACKAGES_SRV.AuthorizedInstallations"
			},
			"Kunnr": "202418",
			"InstallationNumber": "20251911",
			"CustomerName": "test cust. OSS1 HCSM..",
			"InstallationName": "Discovery Installation"
		}, {
			"__metadata": {
				"id": "https://supportshell-dgq5qdz5dm.dispatcher.int.sap.eu2.hana.ondemand.com/services/odata/authpackagessrv/AuthorizedInstallationsSet(Kunnr='202418',InstallationNumber='20251913')",
				"uri": "https://supportshell-dgq5qdz5dm.dispatcher.int.sap.eu2.hana.ondemand.com/services/odata/authpackagessrv/AuthorizedInstallationsSet(Kunnr='202418',InstallationNumber='20251913')",
				"type": "SVT.AUTH_PACKAGES_SRV.AuthorizedInstallations"
			},
			"Kunnr": "202418",
			"InstallationNumber": "20251913",
			"CustomerName": "test cust. OSS1 HCSM..",
			"InstallationName": "Discovery Installation"
		}, {
			"__metadata": {
				"id": "https://supportshell-dgq5qdz5dm.dispatcher.int.sap.eu2.hana.ondemand.com/services/odata/authpackagessrv/AuthorizedInstallationsSet(Kunnr='202418',InstallationNumber='20251914')",
				"uri": "https://supportshell-dgq5qdz5dm.dispatcher.int.sap.eu2.hana.ondemand.com/services/odata/authpackagessrv/AuthorizedInstallationsSet(Kunnr='202418',InstallationNumber='20251914')",
				"type": "SVT.AUTH_PACKAGES_SRV.AuthorizedInstallations"
			},
			"Kunnr": "202418",
			"InstallationNumber": "20251914",
			"CustomerName": "test cust. OSS1 HCSM..",
			"InstallationName": "Discovery Installation"
		}, {
			"__metadata": {
				"id": "https://supportshell-dgq5qdz5dm.dispatcher.int.sap.eu2.hana.ondemand.com/services/odata/authpackagessrv/AuthorizedInstallationsSet(Kunnr='202418',InstallationNumber='20251942')",
				"uri": "https://supportshell-dgq5qdz5dm.dispatcher.int.sap.eu2.hana.ondemand.com/services/odata/authpackagessrv/AuthorizedInstallationsSet(Kunnr='202418',InstallationNumber='20251942')",
				"type": "SVT.AUTH_PACKAGES_SRV.AuthorizedInstallations"
			},
			"Kunnr": "202418",
			"InstallationNumber": "20251942",
			"CustomerName": "test cust. OSS1 HCSM..",
			"InstallationName": "Discovery Installation"
		}, {
			"__metadata": {
				"id": "https://supportshell-dgq5qdz5dm.dispatcher.int.sap.eu2.hana.ondemand.com/services/odata/authpackagessrv/AuthorizedInstallationsSet(Kunnr='202418',InstallationNumber='20251941')",
				"uri": "https://supportshell-dgq5qdz5dm.dispatcher.int.sap.eu2.hana.ondemand.com/services/odata/authpackagessrv/AuthorizedInstallationsSet(Kunnr='202418',InstallationNumber='20251941')",
				"type": "SVT.AUTH_PACKAGES_SRV.AuthorizedInstallations"
			},
			"Kunnr": "202418",
			"InstallationNumber": "20251941",
			"CustomerName": "test cust. OSS1 HCSM..",
			"InstallationName": "Discovery Installation"
		}, {
			"__metadata": {
				"id": "https://supportshell-dgq5qdz5dm.dispatcher.int.sap.eu2.hana.ondemand.com/services/odata/authpackagessrv/AuthorizedInstallationsSet(Kunnr='202418',InstallationNumber='20251932')",
				"uri": "https://supportshell-dgq5qdz5dm.dispatcher.int.sap.eu2.hana.ondemand.com/services/odata/authpackagessrv/AuthorizedInstallationsSet(Kunnr='202418',InstallationNumber='20251932')",
				"type": "SVT.AUTH_PACKAGES_SRV.AuthorizedInstallations"
			},
			"Kunnr": "202418",
			"InstallationNumber": "20251932",
			"CustomerName": "test cust. OSS1 HCSM..",
			"InstallationName": "Discovery Installation"
		}, {
			"__metadata": {
				"id": "https://supportshell-dgq5qdz5dm.dispatcher.int.sap.eu2.hana.ondemand.com/services/odata/authpackagessrv/AuthorizedInstallationsSet(Kunnr='202418',InstallationNumber='20251931')",
				"uri": "https://supportshell-dgq5qdz5dm.dispatcher.int.sap.eu2.hana.ondemand.com/services/odata/authpackagessrv/AuthorizedInstallationsSet(Kunnr='202418',InstallationNumber='20251931')",
				"type": "SVT.AUTH_PACKAGES_SRV.AuthorizedInstallations"
			},
			"Kunnr": "202418",
			"InstallationNumber": "20251931",
			"CustomerName": "test cust. OSS1 HCSM..",
			"InstallationName": "Discovery Installation"
		}, {
			"__metadata": {
				"id": "https://supportshell-dgq5qdz5dm.dispatcher.int.sap.eu2.hana.ondemand.com/services/odata/authpackagessrv/AuthorizedInstallationsSet(Kunnr='202418',InstallationNumber='20251929')",
				"uri": "https://supportshell-dgq5qdz5dm.dispatcher.int.sap.eu2.hana.ondemand.com/services/odata/authpackagessrv/AuthorizedInstallationsSet(Kunnr='202418',InstallationNumber='20251929')",
				"type": "SVT.AUTH_PACKAGES_SRV.AuthorizedInstallations"
			},
			"Kunnr": "202418",
			"InstallationNumber": "20251929",
			"CustomerName": "test cust. OSS1 HCSM..",
			"InstallationName": "Discovery Installation"
		}, {
			"__metadata": {
				"id": "https://supportshell-dgq5qdz5dm.dispatcher.int.sap.eu2.hana.ondemand.com/services/odata/authpackagessrv/AuthorizedInstallationsSet(Kunnr='202418',InstallationNumber='20251928')",
				"uri": "https://supportshell-dgq5qdz5dm.dispatcher.int.sap.eu2.hana.ondemand.com/services/odata/authpackagessrv/AuthorizedInstallationsSet(Kunnr='202418',InstallationNumber='20251928')",
				"type": "SVT.AUTH_PACKAGES_SRV.AuthorizedInstallations"
			},
			"Kunnr": "202418",
			"InstallationNumber": "20251928",
			"CustomerName": "test cust. OSS1 HCSM..",
			"InstallationName": "Discovery Installation"
		}, {
			"__metadata": {
				"id": "https://supportshell-dgq5qdz5dm.dispatcher.int.sap.eu2.hana.ondemand.com/services/odata/authpackagessrv/AuthorizedInstallationsSet(Kunnr='202418',InstallationNumber='20251927')",
				"uri": "https://supportshell-dgq5qdz5dm.dispatcher.int.sap.eu2.hana.ondemand.com/services/odata/authpackagessrv/AuthorizedInstallationsSet(Kunnr='202418',InstallationNumber='20251927')",
				"type": "SVT.AUTH_PACKAGES_SRV.AuthorizedInstallations"
			},
			"Kunnr": "202418",
			"InstallationNumber": "20251927",
			"CustomerName": "test cust. OSS1 HCSM..",
			"InstallationName": "Discovery Installation"
		}, {
			"__metadata": {
				"id": "https://supportshell-dgq5qdz5dm.dispatcher.int.sap.eu2.hana.ondemand.com/services/odata/authpackagessrv/AuthorizedInstallationsSet(Kunnr='202418',InstallationNumber='20251926')",
				"uri": "https://supportshell-dgq5qdz5dm.dispatcher.int.sap.eu2.hana.ondemand.com/services/odata/authpackagessrv/AuthorizedInstallationsSet(Kunnr='202418',InstallationNumber='20251926')",
				"type": "SVT.AUTH_PACKAGES_SRV.AuthorizedInstallations"
			},
			"Kunnr": "202418",
			"InstallationNumber": "20251926",
			"CustomerName": "test cust. OSS1 HCSM..",
			"InstallationName": "Discovery Installation"
		}, {
			"__metadata": {
				"id": "https://supportshell-dgq5qdz5dm.dispatcher.int.sap.eu2.hana.ondemand.com/services/odata/authpackagessrv/AuthorizedInstallationsSet(Kunnr='202418',InstallationNumber='20251923')",
				"uri": "https://supportshell-dgq5qdz5dm.dispatcher.int.sap.eu2.hana.ondemand.com/services/odata/authpackagessrv/AuthorizedInstallationsSet(Kunnr='202418',InstallationNumber='20251923')",
				"type": "SVT.AUTH_PACKAGES_SRV.AuthorizedInstallations"
			},
			"Kunnr": "202418",
			"InstallationNumber": "20251923",
			"CustomerName": "test cust. OSS1 HCSM..",
			"InstallationName": "Discovery Installation"
		}, {
			"__metadata": {
				"id": "https://supportshell-dgq5qdz5dm.dispatcher.int.sap.eu2.hana.ondemand.com/services/odata/authpackagessrv/AuthorizedInstallationsSet(Kunnr='202418',InstallationNumber='20251922')",
				"uri": "https://supportshell-dgq5qdz5dm.dispatcher.int.sap.eu2.hana.ondemand.com/services/odata/authpackagessrv/AuthorizedInstallationsSet(Kunnr='202418',InstallationNumber='20251922')",
				"type": "SVT.AUTH_PACKAGES_SRV.AuthorizedInstallations"
			},
			"Kunnr": "202418",
			"InstallationNumber": "20251922",
			"CustomerName": "test cust. OSS1 HCSM..",
			"InstallationName": "Discovery Installation"
		}, {
			"__metadata": {
				"id": "https://supportshell-dgq5qdz5dm.dispatcher.int.sap.eu2.hana.ondemand.com/services/odata/authpackagessrv/AuthorizedInstallationsSet(Kunnr='202418',InstallationNumber='20251921')",
				"uri": "https://supportshell-dgq5qdz5dm.dispatcher.int.sap.eu2.hana.ondemand.com/services/odata/authpackagessrv/AuthorizedInstallationsSet(Kunnr='202418',InstallationNumber='20251921')",
				"type": "SVT.AUTH_PACKAGES_SRV.AuthorizedInstallations"
			},
			"Kunnr": "202418",
			"InstallationNumber": "20251921",
			"CustomerName": "test cust. OSS1 HCSM..",
			"InstallationName": "Discovery Installation"
		}, {
			"__metadata": {
				"id": "https://supportshell-dgq5qdz5dm.dispatcher.int.sap.eu2.hana.ondemand.com/services/odata/authpackagessrv/AuthorizedInstallationsSet(Kunnr='202418',InstallationNumber='20251920')",
				"uri": "https://supportshell-dgq5qdz5dm.dispatcher.int.sap.eu2.hana.ondemand.com/services/odata/authpackagessrv/AuthorizedInstallationsSet(Kunnr='202418',InstallationNumber='20251920')",
				"type": "SVT.AUTH_PACKAGES_SRV.AuthorizedInstallations"
			},
			"Kunnr": "202418",
			"InstallationNumber": "20251920",
			"CustomerName": "test cust. OSS1 HCSM..",
			"InstallationName": "Discovery Installation"
		}, {
			"__metadata": {
				"id": "https://supportshell-dgq5qdz5dm.dispatcher.int.sap.eu2.hana.ondemand.com/services/odata/authpackagessrv/AuthorizedInstallationsSet(Kunnr='202418',InstallationNumber='20251918')",
				"uri": "https://supportshell-dgq5qdz5dm.dispatcher.int.sap.eu2.hana.ondemand.com/services/odata/authpackagessrv/AuthorizedInstallationsSet(Kunnr='202418',InstallationNumber='20251918')",
				"type": "SVT.AUTH_PACKAGES_SRV.AuthorizedInstallations"
			},
			"Kunnr": "202418",
			"InstallationNumber": "20251918",
			"CustomerName": "test cust. OSS1 HCSM..",
			"InstallationName": "Discovery Installation"
		}, {
			"__metadata": {
				"id": "https://supportshell-dgq5qdz5dm.dispatcher.int.sap.eu2.hana.ondemand.com/services/odata/authpackagessrv/AuthorizedInstallationsSet(Kunnr='202418',InstallationNumber='20251917')",
				"uri": "https://supportshell-dgq5qdz5dm.dispatcher.int.sap.eu2.hana.ondemand.com/services/odata/authpackagessrv/AuthorizedInstallationsSet(Kunnr='202418',InstallationNumber='20251917')",
				"type": "SVT.AUTH_PACKAGES_SRV.AuthorizedInstallations"
			},
			"Kunnr": "202418",
			"InstallationNumber": "20251917",
			"CustomerName": "test cust. OSS1 HCSM..",
			"InstallationName": "Discovery Installation"
		}, {
			"__metadata": {
				"id": "https://supportshell-dgq5qdz5dm.dispatcher.int.sap.eu2.hana.ondemand.com/services/odata/authpackagessrv/AuthorizedInstallationsSet(Kunnr='202420',InstallationNumber='20237001')",
				"uri": "https://supportshell-dgq5qdz5dm.dispatcher.int.sap.eu2.hana.ondemand.com/services/odata/authpackagessrv/AuthorizedInstallationsSet(Kunnr='202420',InstallationNumber='20237001')",
				"type": "SVT.AUTH_PACKAGES_SRV.AuthorizedInstallations"
			},
			"Kunnr": "202420",
			"InstallationNumber": "20237001",
			"CustomerName": "test cust. #3.",
			"InstallationName": "TEST Spotcheck 19.02.2006"
		}, {
			"__metadata": {
				"id": "https://supportshell-dgq5qdz5dm.dispatcher.int.sap.eu2.hana.ondemand.com/services/odata/authpackagessrv/AuthorizedInstallationsSet(Kunnr='202420',InstallationNumber='120009939')",
				"uri": "https://supportshell-dgq5qdz5dm.dispatcher.int.sap.eu2.hana.ondemand.com/services/odata/authpackagessrv/AuthorizedInstallationsSet(Kunnr='202420',InstallationNumber='120009939')",
				"type": "SVT.AUTH_PACKAGES_SRV.AuthorizedInstallations"
			},
			"Kunnr": "202420",
			"InstallationNumber": "120009939",
			"CustomerName": "test cust. #3.",
			"InstallationName": "Daten oder Tokens bitte nicht ändern !!! (TS)"
		}, {
			"__metadata": {
				"id": "https://supportshell-dgq5qdz5dm.dispatcher.int.sap.eu2.hana.ondemand.com/services/odata/authpackagessrv/AuthorizedInstallationsSet(Kunnr='203069',InstallationNumber='20251919')",
				"uri": "https://supportshell-dgq5qdz5dm.dispatcher.int.sap.eu2.hana.ondemand.com/services/odata/authpackagessrv/AuthorizedInstallationsSet(Kunnr='203069',InstallationNumber='20251919')",
				"type": "SVT.AUTH_PACKAGES_SRV.AuthorizedInstallations"
			},
			"Kunnr": "203069",
			"InstallationNumber": "20251919",
			"CustomerName": "Test value contracts HCSM",
			"InstallationName": ""
		}, {
			"__metadata": {
				"id": "https://supportshell-dgq5qdz5dm.dispatcher.int.sap.eu2.hana.ondemand.com/services/odata/authpackagessrv/AuthorizedInstallationsSet(Kunnr='203069',InstallationNumber='90256333')",
				"uri": "https://supportshell-dgq5qdz5dm.dispatcher.int.sap.eu2.hana.ondemand.com/services/odata/authpackagessrv/AuthorizedInstallationsSet(Kunnr='203069',InstallationNumber='90256333')",
				"type": "SVT.AUTH_PACKAGES_SRV.AuthorizedInstallations"
			},
			"Kunnr": "203069",
			"InstallationNumber": "90256333",
			"CustomerName": "Test value contracts HCSM",
			"InstallationName": "S4HCE"
		}, {
			"__metadata": {
				"id": "https://supportshell-dgq5qdz5dm.dispatcher.int.sap.eu2.hana.ondemand.com/services/odata/authpackagessrv/AuthorizedInstallationsSet(Kunnr='203069',InstallationNumber='91699766')",
				"uri": "https://supportshell-dgq5qdz5dm.dispatcher.int.sap.eu2.hana.ondemand.com/services/odata/authpackagessrv/AuthorizedInstallationsSet(Kunnr='203069',InstallationNumber='91699766')",
				"type": "SVT.AUTH_PACKAGES_SRV.AuthorizedInstallations"
			},
			"Kunnr": "203069",
			"InstallationNumber": "91699766",
			"CustomerName": "Test value contracts HCSM",
			"InstallationName": "SAP CLOUD Yan"
		}, {
			"Kunnr": "202419",
			"InstallationNumber": "00699766",
			"CustomerName": "SAPNet R/3-Frontend Test custo",
			"InstallationName": "Test installation"
		}]
	}
}