{
    "d": {
        "results": [
            {
                "AuthPackId": "22",
                "CustomerNo": "111111",
                "Text": "Test one",
                "Protected": false
            },
            {
                "AuthPackId": "42",
                "CustomerNo": "111111",
                "Text": "test two",
                "Protected": false
            },
            {
                "AuthPackId": "54",
                "CustomerNo": "111111",
                "Text": "TEST THREE",
                "Protected": false
            }
            ,
            {
                "AuthPackId": "64",
                "CustomerNo": "111111",
                "Text": "TEST PROTECTED",
                "Protected": true
            }
        ]
    }
}