{
    "d": {
        "results": [
            {
                "AuthPackId": "22",
                "Text": "Test one",
                "SUser": "S0006269249"
            },
            {
                "AuthPackId": "54",
                "Text": "TEST THREE",
                "SUser": "S0006269249"
            },
            {
                "AuthPackId": "42",
                "Text": "TEST two",
                "SUser": "S999999"
            },
            {
                "AuthPackId": "54",
                "Text": "TEST THREE",
                "SUser": "S999999"
            }
        ]
    }
}