{
    "d": {
        "results": [
            {
                "AuthPackId": "42",
                "Object": "ABC",
                "ValueDesc": "Test auth level name",
                "CustomerNo": "203069",
                "ObjectDesc": "Create Incident",
                "Text": "CREATE",
                "ValueType": "",
                "FieldDesc": "Test AUTH LEV",
                "Installation": "",
                "Value": "0032132134",
                "Field": "EEE",
                "InstallDesc": ""
            }, 
            {
                "AuthPackId": "42",
                "Object": "DEF",
                "ValueDesc": "More test auth level name",
                "CustomerNo": "203069",
                "ObjectDesc": "Edit an Incident",
                "Text": "EDIT",
                "ValueType": "",
                "FieldDesc": "New Test AUTH LEV",
                "Installation": "",
                "Value": "0054441233284775",
                "Field": "DDD",
                "InstallDesc": ""
            },
            {
                "AuthPackId": "54",
                "Object": "DEF",
                "ValueDesc": "More test auth level name",
                "CustomerNo": "203069",
                "ObjectDesc": "Edit an Incident",
                "Text": "EDIT",
                "ValueType": "",
                "FieldDesc": "New Test AUTH LEV",
                "Installation": "",
                "Value": "0054441233272546",
                "Field": "DDD",
                "InstallDesc": ""
            }
        ]
    }
}