{
    "d": {
        "results": [
            {
                "AuthPackId": "22",
                "CustomerNo": "111111",
                "Text": "Test one"
            },
            {
                "AuthPackId": "42",
                "CustomerNo": "111111",
                "Text": "test two"
            },
            {
                "AuthPackId": "54",
                "CustomerNo": "111111",
                "Text": "TEST THREE"
            }
            ,
            {
                "AuthPackId": "64",
                "CustomerNo": "111111",
                "Text": "TEST PROTECTED"
            }
        ]
    }
}