{
	"d": {
		"results": [{
			"PackId": "22",
			"ObjectId": "ANLEG",
			"ObjectDesc": "Report an Incident",
			"CustName": "DEF",
			"CustNum": "000000002",
			"CustDesc": "",
			"AuthLevel": "000000002",
			"AuthLevelDesc": "DEF",
			"AuthLevelType": "DEBITOR",
			"AuthLevelTypeDesc": "Customer",
			"TopLevel": "DEBITOR",
			"IsAssigned": false
		}, {
			"PackId": "22",
			"ObjectId": "ANLEG",
			"ObjectDesc": "Report an Incident",
			"CustName": "ABC",
			"CustNum": "000000001",
			"CustDesc": "",
			"AuthLevel": "00001",
			"AuthLevelDesc": "TEST INST 1",
			"AuthLevelType": "NONDEBITOR",
			"AuthLevelTypeDesc": "Installation",
			"TopLevel": "NONDEBITOR",
			"IsAssigned": false
		}]
	}
}