{
  "d": {
    "results": [
      {
        "AuthPackId": "42",
        "AuthPackText": "test two",
        "SuserId": "S0006269249",
        "FirstName": "Donald",
        "LastName": "Trump",
        "Department": "",
        "CustNumber": "202418"
      },
      {
        "AuthPackId": "42",
        "AuthPackText": "test two",
        "SuserId": "S32169249",
        "FirstName": "Alex",
        "LastName": "Pushkin",
        "Department": "",
        "CustNumber": "202418"
      },
      {
        "AuthPackId": "22",
        "AuthPackText": "Test one",
        "SuserId": "S5555555",
        "FirstName": "Leo",
        "LastName": "Tolstoy",
        "Department": "",
        "CustNumber": "515151"
      },
      {
        "AuthPackId": "54",
        "AuthPackText": "TEST THREE",
        "SuserId": "S0006269249",
        "FirstName": "Donald",
        "LastName": "Trump",
        "Department": "",
        "CustNumber": "202418"
      }
    ]
  }
}