{
  "basevalidator": {
    "services": {
      "js": "fioriJsValidator",
      "xml": "fioriXmlAnalysis"
    }
  },
  "mockpreview": {
    "mockUri": "/services/odata/svt/user_profile_srv/",
    "metadataFilePath": "localService/metadata.xml",
    "mockRequestsFilePath": "",
    "loadJSONFiles": false,
    "loadCustomRequests": false
  },
  "translation": {
    "translationDomain": "",
    "supportedLanguages": "",
    "defaultLanguage": "",
    "defaultI18NPropertyFile": "",
    "resourceModelName": ""
  }
}