{
	"welcomeFile": "index.html",
	"headerWhiteList": [
		"X-HTTP-Method"
	],
	"sendWelcomeFileRedirect": false,
	"routes": [{
		"path": "webapp/resources",
		"target": {
			"type": "service",
			"name": "sapui5",
			"entryPath": "/resources"
		},
		"description": "SAPUI5 Resources"
	}, {
		"path": "/sap/opu/odata",
		"target": {
			"type": "destination",
			"name": "GW_PGP_WEB",
			"entryPath": "/sap/opu/odata"
		},
		"description": "PG* Landscape connection"
	}, {
		"path": "/bc/odata",
		"target": {
			"type": "destination",
			"name": "int_CRM_AGS_WEB_Neo_Dev",
			"entryPath": "/sap/opu/odata"
		},
		"description": "BC* Landscape connection"
	}, {
		"path": "services/customer/search",
		"target": {
			"type": "destination",
			"name": "GW_PGP_WEB",
			"entryPath": "/sap/opu/odata/sap/ZS_ESCALATIONS/"

		},
		"description": "Gateway to PG*/ to get Customer F4 helpsearch Result"
	}, {
		"path": "/services/odata",
		"target": {
			"type": "destination",
			"name": "SMP_NG_WEB",
			"entryPath": "/odata"
		},
		"description": "Odata Gateway"
	}, {
		"path": "/services/ism",
		"target": {
			"type": "destination",
			"name": "ISM-MCC-Activity-App"
		},
		"description": "Incident Solution Matching API"
	}, {
		"path": "/services/flp/ism",
		"target": {
			"type": "destination",
			"name": "int_ism"
		},
		"description": "Incident Solution Matching API from Fiori Launchpad"
	}, {
		"path": "/applications",
		"target": {
			"type": "application",
			"name": "*"
		},
		"description": "HANA Cloud Platform Applications"
	}, {
		"path": "/resources",
		"target": {
			"type": "service",
			"name": "sapui5",
			"entryPath": "/resources"
		},
		"description": "SAPUI5 Resources"
	}, {
		"path": "/test-resources",
		"target": {
			"type": "service",
			"name": "sapui5",
			"entryPath": "/test-resources"
		},
		"description": "SAPUI5 Test Resources"
	}]
}