[
    {
        "name": "example",
        "title": "Example",
        "initialize": {
            "libraries": [
                "sap.me.example"
            ],
            "modules": [
                "sap/me/example/initializeDashboard"
            ],
            "extensions": {
                "example": "sap/me/example/ExampleExtension"
            }
        },
        "header": {
            "fragment": "sap.me.example.ExampleHeader",
            "controller": "sap/me/example/ExampleHeaderController",
            "title": "Example Dashboard"
        },
        "layout": {
            "fixedWidthGrid": true,
            "fixedHeightGrid": true
        },
        "attributes": [],
        "sections": [
            {
                "name": "cards",
                "title": "Groups & Cards",
                "groups": [
                    {
                        "key": "example",
                        "title": "Example Group",
                        "cards": [
                            {
                                "id": "example",
                                "control": "sap/me/example/cards/ExampleCard",
                                "columns": 10
                            }
                        ]
                    },
                    {
                        "key": "clock",
                        "title": "Clock Group",
                        "cards": [
                            {
                                "id": "clock1",
                                "control": "sap/me/example/cards/ClockCard",
                                "columns": 2,
                                "settings": {
                                    "pocketSize": true,
                                    "timeZone": "Europe/Bucharest"
                                }
                            },
                            {
                                "id": "clock2",
                                "control": "sap/me/example/cards/ClockCard",
                                "columns": 2,
                                "settings": {
                                    "pocketSize": true,
                                    "timeZone": "Europe/Dublin"
                                }
                            },
                            {
                                "id": "clock3",
                                "control": "sap/me/example/cards/ClockCard",
                                "columns": 4,
                                "settings": {
                                    "timeZone": "Europe/Berlin"
                                }
                            },
                            {
                                "id": "clock4",
                                "control": "sap/me/example/cards/ClockCard",
                                "columns": 4,
                                "settings": {
                                    "timeZone": "America/New_York"
                                }
                            },
                            {
                                "id": "clock5",
                                "control": "sap/me/example/cards/ClockCard",
                                "columns": 2,
                                "settings": {
                                    "pocketSize": true,
                                    "timeZone": "Canada/Pacific"
                                }
                            },
                            {
                                "id": "clock6",
                                "control": "sap/me/example/cards/ClockCard",
                                "columns": 2,
                                "settings": {
                                    "pocketSize": true,
                                    "timeZone": "Asia/Shanghai"
                                }
                            }
                        ]
                    }
                ]
            },
            {
                "name": "CardsControlExamples",
                "title": "Cards Controls Examples",
                "groups": [
                    {
                        "key": "example",
                        "title": "Example Group",
                        "cards": [
                            {
                                "id": "examplePaginationCard",
                                "control": "sap/me/example/cards/ExamplePaginationCard",
                                "columns": 10
                            },
                            {
                                "id": "exampleTableSortingCard",
                                "control": "sap/me/example/cards/ExampleTableSortingCard",
                                "columns": 10
                            }
                        ]
                    }
                ]
            },
            {
                "name": "component",
                "title": "Component",
                "applicationName": "componentExample"
            },
            {
                "name": "frame",
                "title": "Frame",
                "applicationName": "frameExample"
            }
        ]
    }
]