{
	"SolutionA":[{
		"subsolutionA":"subsolutionA",
		"key":"subsolutionA"
		},
		{
		"subsolutionA":"subsolutionB",
		"key":"subsolutionB"
		},
		{
		"subsolutionA":"subsolutionC",
		"key":"subsolutionC"
		},
		{
		"subsolutionA":"subsolutionD",
		"key":"subsolutionD"
		},
		{
		"subsolutionA":"subsolutionE",
		"key":"subsolutionE"
		},
		{
		"subsolutionA":"subsolutionF",
		"key":"subsolutionF"
		},
		],
		"SolutionB":[{
			"subsolutionB": "subsolution1",
			"key":"subsolution1"
		},
		{
			"subsolutionB": "subsolution2",
			"key":"subsolution2"
		},
		{
			"subsolutionB": "subsolution3",
			"key":"subsolution3"
		},
		{
			"subsolutionB": "subsolution4",
			"key":"subsolution4"
		},
		{
			"subsolutionB": "subsolution5",
			"key":"subsolution5"
		},
		{
			"subsolutionB": "subsolution6",
			"key":"subsolution6"
		}
		],
		"SolutionC":[{
			"subsolutionC":"subsolutionK"
			"key":"subsolutionK"
		},
		{
			"subsolutionC":"subsolutionL"
			"key":"subsolutionL"
		},
		{
			"subsolutionC":"subsolutionM"
			"key":"subsolutionM"
		},
		{
			"subsolutionC":"subsolutionN"
			"key":"subsolutionN"
		}
		],
		"Human Capital Management":[{
			"hcmA":"HCM-A",
			"key":"HCM-A"
		},{
			"hcmA":"HCM-B",
			"key":"HCM-B"
		},
		{
			"hcmA":"HCM-C",
			"key":"HCM-C"
		},
		{
			"hcmA":"HCM-D",
			"key":"HCM-D"
		}
		]
}