<core:FragmentDefinition xmlns="sap.m" xmlns:core="sap.ui.core" xmlns:f="sap.f">
    <f:DynamicPageHeader pinnable="false" class="sapMeExampleHeader">
        <HBox justifyContent="SpaceBetween" alignItems="Center">
            <Title text="{i18nExample>exampleHeaderTitle}" />
            <!--
            this press is handled by the header controller defined in the dashboards.json file!
            if you would be alternatively using a dashboard extension, you can reference the extension here by it's extension name,
            e.g. for the example extension: .example.anyMethodInTheExtension
            -->
            <Button press=".handleToHome" text="{i18nExample>exampleHeaderNavToHome}" />
            <HBox visible="{header>/getAssistanceVisible}">
                <Button text="{i18n>getAssistance}" press="navigateToGetAssistance"  class="sapMeAssistanceButton"/>
            </HBox>
        </HBox>
    </f:DynamicPageHeader>
</core:FragmentDefinition>