{
  "welcomeFile": "/webapp/index.html",
  "routes": [
  	{
		"path": "/services/odata",
		"target": {
			"type": "destination",
			"name": "SMP_NG_WEB",
			"entryPath": "/odata"
		},
		"description": "Odata Gateway"
	},
    {
	    "path": "/sap/bc/lrep",
	    "target": {
	        "type": "destination",
	        "name": "SMP_NG_LREP"
	    },
	    "description": "Flexibility Services (LREP)"
	},
    {
      "path": "/resources",
      "target": {
        "type": "service",
        "name": "sapui5",
        "entryPath": "/resources"
      },
      "description": "SAPUI5 Resources"
    },
    {
      "path": "/test-resources",
      "target": {
        "type": "service",
        "name": "sapui5",
        "entryPath": "/test-resources"
      },
      "description": "SAPUI5 Resources"
    },
    {
      "path": "/webapp/resources",
      "target": {
        "type": "service",
        "name": "sapui5",
        "entryPath": "/resources"
      },
      "description": "SAPUI5 Resources"
    },
    {
      "path": "/webapp/test-resources",
      "target": {
        "type": "service",
        "name": "sapui5",
        "entryPath": "/test-resources"
      },
      "description": "SAPUI5 Test Resources"
    }
  ],
  "sendWelcomeFileRedirect": true,
  "securityConstraints": [
		    {
		        "permission": "AccessApplicationDescriptor",
		        "description": "Access application descriptor file (neo-app.json)",
		        "protectedPaths": [
		            "/neo-app.json"
		        ]
		    },
		    {
		        "permission": "EclipseWorkspaceFiles",
		        "description": "Access to the eclipse workspace files",
		        "protectedPaths": [
		            "/.classpath",".project","/.settings","/src","/build","/WebContent/META-INF","/WebContent/WEB-INF"
		        ]
		    }
		]
}