{
	"d": {
		"results": [{
			"AdminId": "S1506183624",
			"AdminCustomer": "1208936",
			"AdminCustomerName": "",
			"AdminFormOfAddress": "",
			"AdminLastname": "Green",
			"AdminFirstname": "Alex",
			"AdminEmail": "alexgreen@useradmin.com",
			"AdminPhone": "+12345678",
			"AdminLocation": "WALDORF, US",
			"UserId": "S1111",
			"UserFirstname": "Test",
			"UserLastname": "User"
		}, {
			"AdminId": "S1506183801",
			"AdminCustomer": "1208936",
			"AdminCustomerName": "",
			"AdminFormOfAddress": "",
			"AdminLastname": "Brown",
			"AdminFirstname": "John",
			"AdminEmail": "jhnbrown@useradmin.com",
			"AdminPhone": "+7329271",
			"AdminLocation": "",
			"UserId": "S1111",
			"UserFirstname": "Test",
			"UserLastname": "User"
		}, {
			"AdminId": "S1506183848",
			"AdminCustomer": "1208936",
			"AdminCustomerName": "",
			"AdminFormOfAddress": "",
			"AdminLastname": "White",
			"AdminFirstname": "Zack",
			"AdminEmail": "zachwhite@useradmin.com",
			"AdminPhone": "+5555111",
			"AdminLocation": "",
			"UserId": "S1111",
			"UserFirstname": "Test",
			"UserLastname": "User"
		}]
	}
}