{
    "columns": [
        {
            "text": "",
            "visible": true,
            "key": "incidentNumber",
            "width": "70px"
        },
        {
            "text": "tablecol_id",
            "visible": true,
            "key": "incidentNumber",
            "width": "350px"
        },
        {
            "text": "tablecol_subject",
            "visible": false,
            "key": "subject"
        },
        {
            "text": "tablecol_status",
            "visible": true,
            "key": "statusTxt"
        },
        {
            "text": "tablecol_priorityId",
            "visible": false,
            "key": "priorityId"
        },
        {
            "text": "tablecol_priorityTxt",
            "visible": true,
            "key": "priorityTxt"
        },
        {
            "text": "tablecol_installation",
            "visible": true,
            "key": "installationTxt"
        },
        {
            "text": "tablecol_systemId",
            "visible": false,
            "key": "systemNumber"
        },
        {
            "text": "tablecol_system",
            "visible": true,
            "key": "systemTxt"
        },
        {
            "text": "tablecol_component",
            "visible": true,
            "key": "componentTxt"
        },
        {
            "text": "tablecol_reporterId",
            "visible": false,
            "key": "reporterId"
        },
        {
            "text": "tablecol_reporter",
            "visible": true,
            "key": "reporterTxt"
        },
        {
            "text": "tablecol_creator",
            "visible": false,
            "key": "createdBy"
        },
        {
            "text": "tablecol_customerId",
            "visible": false,
            "key": "customerId"
        },
        {
            "text": "tablecol_customer",
            "visible": true,
            "key": "customerTxt"
        },
        {
            "text": "tablecol_createdon",
            "visible": true,
            "key": "createdAt"
        },
        {
            "text": "tablecol_updatedon",
            "visible": true,
            "key": "updatedAt"
        },
        {
            "text": "tablecol_autoconfirmdate",
            "visible": true,
            "key": "autoConfirmDateTxt"
        },
        {
            "text": "tablecol_sessionstate",
            "visible": false,
            "key": "aaEPSessStatus"
        },
        {
            "text": "tablecol_sessioncreated",
            "visible": false,
            "key": "quesDateCreated"
        },
        {
            "text": "tablecol_sessioncompleted",
            "visible": false,
            "key": "quesExpirationDate"
        }
    ],
    "columnsSettings": [
        {
            "text": "tablecol_id",
            "visible": true,
            "key": "sapNumber",
            "order": 0
        },
        {
            "text": "tablecol_status",
            "visible": true,
            "key": "statusTxt",
            "order": 1
        },
        {
            "text": "tablecol_priorityId",
            "visible": true,
            "key": "priorityId",
            "order": 2
        },
        {
            "text": "tablecol_installation",
            "visible": true,
            "key": "installationTxt",
            "order": 3
        },
        {
            "text": "tablecol_system",
            "visible": true,
            "key": "systemTxt",
            "order": 4
        },
        {
            "text": "tablecol_component",
            "visible": true,
            "key": "componentTxt",
            "order": 5
        },
        {
            "text": "tablecol_reporter",
            "visible": true,
            "key": "reporterTxt",
            "order": 6
        },
        {
            "text": "tablecol_creator",
            "visible": false,
            "key": "createdBy",
            "order": 7
        },
        {
            "text": "tablecol_customer",
            "visible": true,
            "key": "customerTxt",
            "order": 8
        },
        {
            "text": "tablecol_createdon",
            "visible": true,
            "key": "createdAt",
            "order": 9
        },
        {
            "text": "tablecol_updatedon",
            "visible": true,
            "key": "updatedAt",
            "order": 10
        },
        {
            "text": "tablecol_autoconfirmdate",
            "visible": true,
            "key": "autoConfirmDateTxt",
            "order": 11
        },
        {
            "text": "tablecol_sessionstate",
            "visible": false,
            "key": "aaEPSessStatus",
            "order": 12
        },
        {
            "text": "tablecol_sessioncreated",
            "visible": false,
            "key": "quesDateCreated",
            "order": 13
        },
        {
            "text": "tablecol_sessioncompleted",
            "visible": false,
            "key": "quesExpirationDate",
            "order": 14
        }
    ],
    "group": [
        {
            "text": "tablecol_status",
            "key": "statusTxt"
        },
        {
            "text": "tablecol_priorityId",
            "key": "priorityId"
        },
        {
            "text": "tablecol_installation",
            "key": "installationTxt"
        },
        {
            "text": "tablecol_system",
            "key": "systemTxt"
        },
        {
            "text": "tablecol_component",
            "key": "componentTxt"
        },
        {
            "text": "tablecol_reporter",
            "key": "reporterTxt"
        },
        {
            "text": "tablecol_customer",
            "key": "customerTxt"
        },
        {
            "text": "tablecol_autoconfirmdatetxt",
            "key": "autoConfirmDateTxt"
        }
    ]
}