{
	"d": {
		"results": [{
			"GlobalFlag": false,
			"AuthObjectText": "CAC",
			"AuthObject": "CL_CAC",
			"Selected": false,
			"Userid": "S0006269249"
		}, {
			"GlobalFlag": "restricted",
			"AuthObjectText": "Cloud ESR Report",
			"AuthObject": "CL_ESREP",
			"Selected": false,
			"Userid": "S0006269249"
		}, {
			"GlobalFlag": false,
			"AuthObjectText": "Send Cloud Incidents to SAP",
			"AuthObject": "CL_INCIDEN",
			"Selected": false,
			"Userid": "S0006269249"
		}, {
			"GlobalFlag": false,
			"AuthObjectText": "Cloud Administrator",
			"AuthObject": "CL_ADMIN",
			"Selected": false,
			"Userid": "S0006269249"
		}, {
			"GlobalFlag": false,
			"AuthObjectText": "Cloud Administrator",
			"AuthObject": "CL_ADMIN",
			"Selected": false,
			"Userid": "S32169249"
		}]
	}
}