{
	"d": {
		"results": [{
			"sUser": "S0006269249",
			"authObject": "CL_CAC",
			"InstNumber": "1111111111",
			"InstProd": "Installation test",
			"InstallationName": "Installation name test",
			"CustomerName": "Pharma",
			"CustomerId": "12345"
		}, {
			"sUser": "S0006269249",
			"authObject": "CL_CAC",
			"InstNumber": "11111111112",
			"InstProd": "Installation test 2",
			"InstallationName": "Installation name test 2",
			"CustomerName": "Pharma",
			"CustomerId": "12345"
		}, {
			"sUser": "S0006269249",
			"authObject": "CL_INCIDEN",
			"InstNumber": "11111111112",
			"InstProd": "Installation test 2",
			"InstallationName": "Installation name test 3",
			"CustomerName": "Pharma",
			"CustomerId": "12345"
		}]
	}
}