{
	"d": {
		"results": [{
			"sUser": "S0006269249",
			"authObject": "CL_CAC",
			"InstProd": "Prod test",
			"InstProdDescr": "First product",
			"CustomerName": "Pharma IV",
			"CustomerId": "34214"
		}, {
			"sUser": "S0006269249",
			"authObject": "CL_CAC",
			"InstProd": "Prod test 2",
			"InstProdDescr": "One more product",
			"CustomerName": "Pharma",
			"CustomerId": "12345"
		}, {
			"sUser": "S0006269249",
			"authObject": "CL_INCIDEN",
			"InstProd": "Prod test 2",
			"InstProdDescr": "Super Product",
			"CustomerName": "Pharma 2",
			"CustomerId": "546661"
		}, {
			"sUser": "S0006269249",
			"authObject": "CL_INCIDEN",
			"InstProd": "Prod test 2",
			"InstProdDescr": "Super Product",
			"CustomerName": "Pharma 88",
			"CustomerId": "4214412"
		}]
	}
}