{
	"d": {
		"results": [{
			"sUser": "S0006269249",
			"authObject": "CL_CAC",
			"TenantName": "Name test",
			"TenantNumber": "1234567",
			"InstNumber": "1111111111",
			"InstProd": "Installation test",
			"InstProdDescr": "Installation Descr test",
			"CustomerName": "Pharma",
			"CustomerId": "12345",
			"IsAssigned": true,
			"Set": []
		}, {
			"sUser": "S0006269249",
			"authObject": "CL_CAC",
			"TenantName": "Name test 2",
			"TenantNumber": "12345678",
			"InstNumber": "11111111112",
			"InstProd": "Installation test 2",
			"InstProdDescr": "Installation Descr test 2",
			"CustomerName": "Pharma",
			"CustomerId": "12345",
			"IsAssigned": false,
			"Set": []
		}]
	}
}