<edmx:Edmx xmlns:edmx="http://schemas.microsoft.com/ado/2007/06/edmx" xmlns:m="http://schemas.microsoft.com/ado/2007/08/dataservices/metadata" xmlns:sap="http://www.sap.com/Protocols/SAPData" Version="1.0">
<edmx:DataServices m:DataServiceVersion="2.0">
<Schema xmlns="http://schemas.microsoft.com/ado/2008/09/edm" Namespace="/SVT/ESR_SRV" xml:lang="en" sap:schema-version="1">
	<EntityType Name="Text" sap:content-version="1">
		<Key>
			<PropertyRef Name="RequestId"/>
		</Key>
		<Property Name="RequestId" Type="Edm.String" Nullable="false" MaxLength="30" sap:creatable="false" sap:updatable="false" sap:sortable="false" sap:filterable="false"/>
		<Property Name="Longtext" Type="Edm.String" Nullable="false" sap:creatable="false" sap:updatable="false" sap:sortable="false" sap:filterable="false"/>
		<Property Name="URL_Name" Type="Edm.String" Nullable="false" MaxLength="100" sap:creatable="false" sap:updatable="false" sap:sortable="false" sap:filterable="false"/>
		<Property Name="URL" Type="Edm.String" Nullable="false" MaxLength="200" sap:creatable="false" sap:updatable="false" sap:sortable="false" sap:filterable="false"/>
		<Property Name="Target" Type="Edm.String" Nullable="false" MaxLength="15" sap:creatable="false" sap:updatable="false" sap:sortable="false" sap:filterable="false"/>
	</EntityType>
	<EntityType Name="UserData" sap:content-version="1">
		<Key>
			<PropertyRef Name="ReportType"/>
		</Key>
		<Property Name="UserName" Type="Edm.String" Nullable="false" MaxLength="30" sap:label="User Name" sap:creatable="false" sap:updatable="false" sap:sortable="false" sap:filterable="false"/>
		<Property Name="UserEmail" Type="Edm.String" Nullable="false" MaxLength="100" sap:label="Email" sap:creatable="false" sap:updatable="false" sap:sortable="false" sap:filterable="false"/>
		<Property Name="Kunnr" Type="Edm.String" Nullable="false" MaxLength="10" sap:creatable="false" sap:updatable="false" sap:sortable="false" sap:filterable="false"/>
		<Property Name="DownPopText" Type="Edm.String" Nullable="false" MaxLength="1000" sap:creatable="false" sap:updatable="false" sap:sortable="false" sap:filterable="false"/>
		<Property Name="DownBottomText" Type="Edm.String" Nullable="false" MaxLength="1000" sap:creatable="false" sap:updatable="false" sap:sortable="false" sap:filterable="false"/>
		<Property Name="ErrorMsg" Type="Edm.String" Nullable="false" MaxLength="200" sap:creatable="false" sap:updatable="false" sap:sortable="false" sap:filterable="false"/>
		<Property Name="UserID" Type="Edm.String" Nullable="false" MaxLength="11" sap:creatable="false" sap:updatable="false" sap:sortable="false" sap:filterable="false"/>
		<Property Name="ReportType" Type="Edm.String" Nullable="false" MaxLength="10" sap:creatable="false" sap:updatable="false" sap:sortable="false" sap:filterable="false"/>
		<Property Name="Disable_New_Request" Type="Edm.String" Nullable="false" MaxLength="1" sap:creatable="false" sap:updatable="false" sap:sortable="false" sap:filterable="false"/>
		<Property Name="Substitute" Type="Edm.String" Nullable="false" MaxLength="11" sap:creatable="false" sap:updatable="false" sap:sortable="false" sap:filterable="false"/>
		<Property Name="Inside_User" Type="Edm.String" Nullable="false" MaxLength="3" sap:creatable="false" sap:updatable="false" sap:sortable="false" sap:filterable="false"/>
	</EntityType>
	<EntityType Name="Chapter" sap:content-version="1">
		<Key>
			<PropertyRef Name="ReportId"/>
			<PropertyRef Name="ReportLangu"/>
			<PropertyRef Name="ZLEVEL"/>
			<PropertyRef Name="HEADERID"/>
		</Key>
		<Property Name="ReportId" Type="Edm.String" Nullable="false" MaxLength="3" sap:creatable="false" sap:updatable="false" sap:sortable="false" sap:filterable="false"/>
		<Property Name="ReportLangu" Type="Edm.String" Nullable="false" MaxLength="1" sap:creatable="false" sap:updatable="false" sap:sortable="false" sap:filterable="false"/>
		<Property Name="ZLEVEL" Type="Edm.String" Nullable="false" MaxLength="5" sap:creatable="false" sap:updatable="false" sap:sortable="false" sap:filterable="false"/>
		<Property Name="HEADERID" Type="Edm.String" Nullable="false" MaxLength="8" sap:creatable="false" sap:updatable="false" sap:sortable="false" sap:filterable="false"/>
		<Property Name="NBR" Type="Edm.String" Nullable="false" MaxLength="255" sap:creatable="false" sap:updatable="false" sap:sortable="false" sap:filterable="false"/>
		<Property Name="ZTXT" Type="Edm.String" Nullable="false" MaxLength="255" sap:creatable="false" sap:updatable="false" sap:sortable="false" sap:filterable="false"/>
	</EntityType>
	<EntityType Name="Report" sap:content-version="1">
		<Key>
			<PropertyRef Name="ReportId"/>
			<PropertyRef Name="ReportLangu"/>
		</Key>
		<Property Name="ReportId" Type="Edm.String" Nullable="false" MaxLength="3" sap:creatable="false" sap:updatable="false" sap:sortable="false" sap:filterable="false"/>
		<Property Name="ReportName" Type="Edm.String" Nullable="false" MaxLength="255" sap:creatable="false" sap:updatable="false" sap:sortable="false" sap:filterable="false"/>
		<Property Name="ReportLangu" Type="Edm.String" Nullable="false" MaxLength="1" sap:creatable="false" sap:updatable="false" sap:sortable="false" sap:filterable="false"/>
		<NavigationProperty Name="ChapterSet" Relationship="/SVT/ESR_SRV.Report_chapter" FromRole="FromRole_Report_chapter" ToRole="ToRole_Report_chapter"/>
		<NavigationProperty Name="LanguageSet" Relationship="/SVT/ESR_SRV.Report_language" FromRole="FromRole_Report_language" ToRole="ToRole_Report_language"/>
	</EntityType>
	<EntityType Name="Language" sap:content-version="1">
		<Key>
			<PropertyRef Name="ReportId"/>
			<PropertyRef Name="ReportLangu"/>
		</Key>
		<Property Name="ReportId" Type="Edm.String" Nullable="false" MaxLength="3" sap:creatable="false" sap:updatable="false" sap:sortable="false" sap:filterable="false"/>
		<Property Name="ReportLangu" Type="Edm.String" Nullable="false" MaxLength="1" sap:creatable="false" sap:updatable="false" sap:sortable="false" sap:filterable="false"/>
		<Property Name="Langu_key" Type="Edm.String" Nullable="false" MaxLength="2" sap:creatable="false" sap:updatable="false" sap:sortable="false" sap:filterable="false"/>
		<Property Name="Langu_name" Type="Edm.String" Nullable="false" MaxLength="15" sap:creatable="false" sap:updatable="false" sap:sortable="false" sap:filterable="false"/>
	</EntityType>
	<EntityType Name="ESR_REQUEST" sap:content-version="1">
		<Key>
			<PropertyRef Name="RequestId"/>
		</Key>
		<Property Name="RequestId" Type="Edm.String" Nullable="false" MaxLength="30" sap:label="Request ID" sap:creatable="false" sap:updatable="false" sap:sortable="false" sap:filterable="false"/>
		<Property Name="ReportId" Type="Edm.String" Nullable="false" MaxLength="3" sap:label="ESR Report ID" sap:creatable="false" sap:updatable="false" sap:sortable="false"/>
		<Property Name="ReportLangu" Type="Edm.String" Nullable="false" MaxLength="1" sap:label="Language Key" sap:creatable="false" sap:updatable="false" sap:sortable="false" sap:filterable="false"/>
		<Property Name="Creator" Type="Edm.String" Nullable="false" MaxLength="12" sap:label="Creator ID" sap:creatable="false" sap:updatable="false" sap:sortable="false" sap:filterable="false"/>
		<Property Name="CreatorName" Type="Edm.String" Nullable="false" MaxLength="70" sap:label="Created By" sap:creatable="false" sap:updatable="false" sap:sortable="false" sap:filterable="false"/>
		<Property Name="CreatorKunnr" Type="Edm.String" Nullable="false" MaxLength="10" sap:label="Customer" sap:creatable="false" sap:updatable="false" sap:sortable="false" sap:filterable="false"/>
		<Property Name="CreatedAt" Type="Edm.String" Nullable="false" MaxLength="30" sap:label="Created At" sap:creatable="false" sap:updatable="false" sap:sortable="false" sap:filterable="false"/>
		<Property Name="Status" Type="Edm.String" Nullable="false" MaxLength="1" sap:label="ESR Report Req. Stat" sap:creatable="false" sap:updatable="false" sap:sortable="false"/>
		<Property Name="ScmKey" Type="Edm.String" Nullable="false" MaxLength="24" sap:label="SCM Key" sap:creatable="false" sap:updatable="false" sap:sortable="false" sap:filterable="false"/>
		<Property Name="RepGuKunnr" Type="Edm.String" Nullable="false" MaxLength="10" sap:label="Customer" sap:creatable="false" sap:updatable="false" sap:sortable="false" sap:filterable="false"/>
		<Property Name="RepKunnr" Type="Edm.String" Nullable="false" MaxLength="2000" sap:label="REP_KUNNR" sap:creatable="false" sap:updatable="false" sap:sortable="false" sap:filterable="false"/>
		<Property Name="Installation" Type="Edm.String" Nullable="false" MaxLength="100" sap:label="INSTALLATION" sap:creatable="false" sap:updatable="false" sap:sortable="false" sap:filterable="false"/>
		<Property Name="TargetEmail" Type="Edm.String" Nullable="false" MaxLength="400" sap:label="TARGET_EMAIL" sap:creatable="false" sap:updatable="false" sap:sortable="false" sap:filterable="false"/>
		<Property Name="RemoveChapter" Type="Edm.String" Nullable="false" MaxLength="1000" sap:label="REMOVE_CHAPTER" sap:creatable="false" sap:updatable="false" sap:sortable="false" sap:filterable="false"/>
		<Property Name="ReportType" Type="Edm.String" Nullable="false" MaxLength="10" sap:label="ReportType" sap:creatable="false" sap:updatable="false" sap:sortable="false" sap:filterable="false"/>
		<Property Name="ReportName" Type="Edm.String" Nullable="false" MaxLength="150" sap:label="ReportName" sap:creatable="false" sap:updatable="false" sap:sortable="false" sap:filterable="false"/>
		<Property Name="CustomerName" Type="Edm.String" Nullable="false" MaxLength="10000" sap:label="CustomerName" sap:creatable="false" sap:updatable="false" sap:sortable="false" sap:filterable="false"/>
		<Property Name="LanguageName" Type="Edm.String" Nullable="false" MaxLength="20" sap:label="LanguageName" sap:creatable="false" sap:updatable="false" sap:sortable="false" sap:filterable="false"/>
		<Property Name="StatusName" Type="Edm.String" Nullable="false" MaxLength="20" sap:label="StatusName" sap:creatable="false" sap:updatable="false" sap:sortable="false" sap:filterable="false"/>
		<Property Name="Total_Number" Type="Edm.String" Nullable="false" MaxLength="10" sap:label="Total Number" sap:creatable="false" sap:updatable="false" sap:sortable="false" sap:filterable="false"/>
		<Property Name="Number_New" Type="Edm.String" Nullable="false" MaxLength="10" sap:creatable="false" sap:updatable="false" sap:sortable="false" sap:filterable="false"/>
		<Property Name="Number_Inprocess" Type="Edm.String" Nullable="false" MaxLength="10" sap:creatable="false" sap:updatable="false" sap:sortable="false" sap:filterable="false"/>
		<Property Name="Number_Complete" Type="Edm.String" Nullable="false" MaxLength="10" sap:creatable="false" sap:updatable="false" sap:sortable="false" sap:filterable="false"/>
		<Property Name="CreatedTime" Type="Edm.String" Nullable="false" MaxLength="30" sap:creatable="false" sap:updatable="false" sap:sortable="false" sap:filterable="false"/>
	</EntityType>
	<EntityType Name="Customer" sap:content-version="1">
		<Key>
			<PropertyRef Name="Customer_No"/>
		</Key>
		<Property Name="Customer_No" Type="Edm.String" Nullable="false" MaxLength="10" sap:label="Customer Number" sap:creatable="false" sap:updatable="false" sap:sortable="false" sap:filterable="false"/>
		<Property Name="Customer_Name" Type="Edm.String" Nullable="false" MaxLength="255" sap:label="Customer Name" sap:creatable="false" sap:updatable="false" sap:sortable="false" sap:filterable="false"/>
		<Property Name="S_User" Type="Edm.String" Nullable="false" MaxLength="11" sap:label="S-User" sap:creatable="false" sap:updatable="false" sap:sortable="false" sap:filterable="false"/>
	</EntityType>
	<Association Name="Report_language" sap:content-version="1">
		<End Type="/SVT/ESR_SRV.Report" Multiplicity="1" Role="FromRole_Report_language"/>
		<End Type="/SVT/ESR_SRV.Language" Multiplicity="*" Role="ToRole_Report_language"/>
		<ReferentialConstraint>
			<Principal Role="FromRole_Report_language">
				<PropertyRef Name="ReportLangu"/>
				<PropertyRef Name="ReportId"/>
			</Principal>
			<Dependent Role="ToRole_Report_language">
				<PropertyRef Name="ReportLangu"/>
				<PropertyRef Name="ReportId"/>
			</Dependent>
		</ReferentialConstraint>
	</Association>
	<Association Name="Report_chapter" sap:content-version="1">
		<End Type="/SVT/ESR_SRV.Report" Multiplicity="1" Role="FromRole_Report_chapter"/>
		<End Type="/SVT/ESR_SRV.Chapter" Multiplicity="*" Role="ToRole_Report_chapter"/>
		<ReferentialConstraint>
			<Principal Role="FromRole_Report_chapter">
				<PropertyRef Name="ReportLangu"/>
				<PropertyRef Name="ReportId"/>
			</Principal>
			<Dependent Role="ToRole_Report_chapter">
				<PropertyRef Name="ReportLangu"/>
				<PropertyRef Name="ReportId"/>
			</Dependent>
		</ReferentialConstraint>
	</Association>
	<EntityContainer Name="/SVT/ESR_SRV_Entities" m:IsDefaultEntityContainer="true" sap:supported-formats="atom json xlsx">
		<!--<EntitySet Name="TextSet" EntityType="/SVT/ESR_SRV.Text" sap:creatable="false" sap:updatable="false" sap:deletable="false" sap:pageable="false" sap:addressable="false" sap:content-version="1"/>-->
		<EntitySet Name="UserDataSet" EntityType="/SVT/ESR_SRV.UserData" sap:creatable="false" sap:updatable="false" sap:deletable="false" sap:pageable="false" sap:content-version="1"/>
		
		<EntitySet Name="ChapterSet" EntityType="/SVT/ESR_SRV.Chapter" sap:creatable="false" sap:updatable="false" sap:deletable="false" sap:pageable="false" sap:addressable="false" sap:content-version="1"/>
		<EntitySet Name="ReportSet" EntityType="/SVT/ESR_SRV.Report" sap:creatable="false" sap:updatable="false" sap:deletable="false" sap:pageable="false" sap:addressable="false" sap:content-version="1"/>
		<EntitySet Name="LanguageSet" EntityType="/SVT/ESR_SRV.Language" sap:creatable="false" sap:updatable="false" sap:deletable="false" sap:pageable="false" sap:addressable="false" sap:content-version="1"/>
		<EntitySet Name="ESR_REQUESTSet" EntityType="/SVT/ESR_SRV.ESR_REQUEST" sap:updatable="false" sap:deletable="false" sap:searchable="true" sap:content-version="1"/>
		<EntitySet Name="CustomerSet" EntityType="/SVT/ESR_SRV.Customer" sap:creatable="false" sap:updatable="false" sap:deletable="false" sap:pageable="false" sap:requires-filter="true" sap:content-version="1"/>
		<AssociationSet Name="Report_languageSet" Association="/SVT/ESR_SRV.Report_language" sap:creatable="false" sap:updatable="false" sap:deletable="false" sap:content-version="1">
			<End EntitySet="ReportSet" Role="FromRole_Report_language"/>
			<End EntitySet="LanguageSet" Role="ToRole_Report_language"/>
		</AssociationSet>
		<AssociationSet Name="Report_chapterSet" Association="/SVT/ESR_SRV.Report_chapter" sap:creatable="false" sap:updatable="false" sap:deletable="false" sap:content-version="1">
			<End EntitySet="ReportSet" Role="FromRole_Report_chapter"/>
			<End EntitySet="ChapterSet" Role="ToRole_Report_chapter"/>
		</AssociationSet>
	</EntityContainer>
	<atom:link xmlns:atom="http://www.w3.org/2005/Atom" rel="self" href="https://webidetesting2294288-waeb84638.dispatcher.int.sap.hana.ondemand.com/services/odata/svt/esr_srv/$metadata"/>
	<atom:link xmlns:atom="http://www.w3.org/2005/Atom" rel="latest-version" href="https://webidetesting2294288-waeb84638.dispatcher.int.sap.hana.ondemand.com/services/odata/svt/esr_srv/$metadata"/>
</Schema>
</edmx:DataServices>
</edmx:Edmx>