<core:FragmentDefinition
    xmlns="sap.m"
    xmlns:core="sap.ui.core"
    xmlns:cards="sap.me.cards"
>
    <cards:TableCard
        class="sapMeActionPlansCard"
        supportsFullScreen="true"
        growing="{$this>/growing}"
        growingThreshold="{$this>/growingThreshold}"
        showRowCount="{$this>/showRowCount}"
        columnsDefinition="[
            {'propertyName': 'status', 'label': '{$this.i18n>action_plans_status}','width': '20%', 'hAlign': 'Left', 'minScreenWidth': 'Tablet', 'demandPopin': true, 'popinDisplay': 'Inline'},
            {'propertyName': 'plannedNextStep', 'label': '{$this.i18n>action_plans_plannedNextStep}', 'width': '20%', 'hAlign': 'Left', 'minScreenWidth': 'Tablet', 'demandPopin': true, 'popinDisplay': 'Inline'},
            {'propertyName': 'nextStatusUpdate', 'label': '{$this.i18n>action_plans_nextStatusUpdate}','width': '25%', 'hAlign': 'Left', 'minScreenWidth': 'Tablet', 'demandPopin': true, 'popinDisplay': 'Inline'},
            {'propertyName': 'responsible', 'label': '{$this.i18n>action_plans_responsible}','width': '20%', 'hAlign': 'Left', 'minScreenWidth': 'Tablet', 'demandPopin': true, 'popinDisplay': 'Inline'},
            {'propertyName': 'createdOn', 'label': '{$this.i18n>action_plans_created}','width': '20%', 'hAlign': 'Left', 'minScreenWidth': 'Tablet', 'demandPopin': true, 'popinDisplay': 'Inline'}
        ]"
        items="{
            templateShareable: false
            , path:'$this.odata>/CaseActionPlans'
            , sorter:[{path:'createdOn'}]
        }"
        updateFinished="onUpdateFinished"
    >
        <cards:items>
            <ColumnListItem>
                <cells>
                    <Text text="{path: '$this.odata>status', targetType: 'any'}" wrapping="false" />
					<Text text="{path: '$this.odata>plannedNextStep', targetType: 'any'}" wrapping="true" />
                    <Text text="{
                        path: '$this.odata>nextStatusUpdate',
                        formatter: '.formatter.formatDateTime'
                    }" />
					<Text text="{path: '$this.odata>responsible', targetType: 'any'}" />
                    <Text text="{
                        path: '$this.odata>createdOn',
                        formatter: '.formatter.formatDateTime'
                    }" />
                </cells>
            </ColumnListItem>
        </cards:items>
    </cards:TableCard>
</core:FragmentDefinition>
