<core:FragmentDefinition
    xmlns="sap.m"
    xmlns:core="sap.ui.core"
    xmlns:cards="sap.me.cards"
>
    <cards:TableCard
        class="sapMeAttachmentsCard"
        supportsFullScreen="true"
        growing="{$this>/growing}"
        growingThreshold="{$this>/growingThreshold}"
        showRowCount="{$this>/showRowCount}"
        description="{$this.i18n>attachments_whatIsThisCardAbout}"
        title="{$this.i18n>attachments_title}"
        columnsDefinition="[
            {'propertyName': 'fileName', 'label': '{$this.i18n>attachments_fileColumn}','width': 'auto', 'hAlign': 'Left', 'minScreenWidth': 'Tablet', 'demandPopin': true, 'popinDisplay': 'Inline'},
            {'propertyName': 'description', 'label': '{$this.i18n>attachments_descriptionColumn}', 'width': 'auto', 'hAlign': 'Left', 'minScreenWidth': 'Tablet', 'demandPopin': true, 'popinDisplay': 'Inline'},
            {'propertyName': 'createdOn', 'label': '{$this.i18n>attachments_uploadedByColumn}','width': 'auto', 'hAlign': 'Left', 'minScreenWidth': 'Tablet', 'demandPopin': true, 'popinDisplay': 'Inline'},
            {'propertyName': 'attributes', 'label': '{$this.i18n>attachments_attributesColumn}','width': 'auto', 'hAlign': 'Left', 'minScreenWidth': 'Tablet', 'demandPopin': true, 'popinDisplay': 'Inline'}
        ]"
        items="{
            templateShareable: false
            , path:'$this.odata>/CaseAttachments'
            , sorter:[]
        }"
        searchPropertyName="fileName"
        updateFinished="onUpdateFinished"
    >
        <cards:items>
            <ColumnListItem>
                <cells>
                    <HBox alignItems="Center" >
                        <core:Icon
                            src="{
                                parts: [{ path: '$this.odata>type' }, { path: '$this.attachment>/icon/src' }],
                                formatter: '.formatter.formatAttachmentIcon'
                            }"
                            class="sapUiSmallMarginEnd sapMeAttachmentsIcon"
                            width="2.25rem"
                            height="2.25rem"
                            size="1.2rem"
                        />
                        <VBox>
                            <Link
                                text="{$this.odata>fileName}"
                                tooltip="{$this.odata>fileName}"
                                href="{$this.odata>url}"
                                wrapping="false"
                                target="_blank"
                            />
                            <Text
                                class="sapMeAttachmentsCardDescriptionText"
                                text="{path: '$this.odata>size', targetType: 'any'}"
                                wrapping="false"
                            />
                        </VBox>
                    </HBox>
                    <FlexBox>
                        <Text visible="{= !!%{path:'$this.odata>description',formatter: '._isDescriptionAvailable'}}"
                              text="{path: '$this.odata>description', targetType: 'any'}"
                              wrapping="true"
                              class="sapMeAttachmentsCardDescription"
                        />
                        <Text visible="{= !%{path:'$this.odata>description',formatter: '._isDescriptionAvailable'}}"
                              text="{$this.i18n>attachments_no_description}"
                              class="sapMeSupportEngagementTextNotAvailable"
                              wrapping="true"
                        />
                    </FlexBox>
                    <VBox>
                        <Text text="{path: '$this.odata>createdBy', targetType: 'any'}" wrapping="false"/>
                        <Text text="{
                            path: '$this.odata>createdOn',
                            formatter: '.formatter.formatDateTime'
                        }" class="sapMeAttachmentsCardDescriptionText"/>
                    </VBox>
                    <HBox>
                        <ObjectStatus
                            text="{= %{$this.odata>cpocd} ? %{$this.i18n>attachments_pac} : ''}"
                            tooltip="{= %{$this.i18n>attachments_attributesPCTooltip}}"
                            inverted="true"
                            class="sapUiTinyMarginEnd" />
                        <ObjectStatus
                            text="{path: '$this.odata>dataProtection', formatter: '._formatDataProtection'}"
                            tooltip="{path: '$this.odata>dataProtection', formatter: '._formatDataProtectionTooltip'}"
                            inverted="true" />
                    </HBox>
                </cells>
            </ColumnListItem>
        </cards:items>

    </cards:TableCard>

</core:FragmentDefinition>
