<core:FragmentDefinition
    xmlns="sap.m"
    xmlns:core="sap.ui.core"
    xmlns:l="sap.ui.layout"
    xmlns:cards="sap.me.cards">
    <cards:Card height="100%"
        width="100%"
        class="sapMeCaseScheduleAManager sapMeCardsInteractive"
        title="{$this.i18n>CaseScheduleManagerCard}"
        growing="{$this>/growing}"
        >
        <FlexBox width="100%" height="100%" direction="Column" alignItems="Center" >
            <items>
                <Image src="../themes/img/NoSavedItems.png" />
                <Title text="{$this.i18n>CaseScheduleManagerTitleCard}"/>
                <Text text="{$this.i18n>CaseScheduleManagerSubtitleCard}" class="sapMeCaseScheduleAManagerCardText"/>
                <Button text="{$this.i18n>CaseScheduleManagerButtonCard}" press="onPressButtonRead" type="Default" class="sapMeIndicatorWithBorder sapMeScheduleAManagerButtonRead"/>
            </items>
        </FlexBox>
    </cards:Card>
</core:FragmentDefinition>
