<core:FragmentDefinition
    xmlns="sap.m"
    xmlns:core="sap.ui.core"
    xmlns:cards="sap.me.cards"
>
    <cards:Card
        class="sapMeCaseCreationCard"
        height="750px"
    >
        <cards:content>
            <HBox
                renderType="Bare"
                width="100%"
                height="100%"
            >

                <!-- container for timeLine fragment -->
                <VBox
                    id="timeLineContainer"
                    renderType="Bare"
                    width="{creationCardView>/leftPartWidth}"
                    visible="{creationCardView>/leftPartVisible}"
                    class="sapMeCaseCreationProcessBarVBox">
<!--                    <core:Fragment fragmentName="sap.me.support.fragments.caseCreationLayout.TimeLineLayout" type="XML" />-->
                </VBox>

                <VBox width="{creationCardView>/dividingLineWidth}"
                      visible="{creationCardView>/dividingLineVisible}"
                      class="sapMeCreationDivisionVBox"/>

                <VBox
                    id="sapMeCaseCreationStepContainer"
                    renderType="Bare"
                    width="{creationCardView>/middlePartWidth}"
                    visible="{creationCardView>/middlePartVisible}"
                    height="100%"
                    class="sapMeCaseCreationInputContentVBox"
                >

                </VBox>
                <VBox class="sapMeCreationRecommendedVBox" height="750px"
                      width="{creationCardView>/rightPartWidth}"
                      visible="{creationCardView>/rightPartVisible}">

                    <!-- File Analysis Reporting display window -->
                    <core:Fragment fragmentName="sap.me.support.fragments.caseCreationLayout.FileAnalysisReportDisplay" type="XML" />
                    <!-- Recommend Solution -->
                    <core:Fragment fragmentName="sap.me.support.fragments.caseCreationLayout.RecommendSolution" type="XML" />
                </VBox>
            </HBox>
        </cards:content>
    </cards:Card>
</core:FragmentDefinition>
