<core:FragmentDefinition
    xmlns="sap.m"
    xmlns:core="sap.ui.core"
    xmlns:cards="sap.me.cards"
>
    <cards:TableCard
        class="sapMeCaseSolutionsCard"
        supportsFullScreen="true"
        growing="{$this>/growing}"
        growingThreshold="{$this>/growingThreshold}"
        showRowCount="{$this>/showRowCount}"
        title="{$this.i18n>attSolutions_title}"
        description="{$this.i18n>attSolutions_whatIsThisCardAbout}"
        columnsDefinition="[]"
        items="{
            templateShareable: false,
            path:'$this.odata>/CaseAttachedSolutions'
        }"
        searchPropertyName="title"
        updateFinished="onUpdateFinished"
        exportVisible="false"
    >
        <cards:items>
            <ColumnListItem>
                <cells>
                    <VBox
                        renderType="Bare"
                        width="100%"
                    >
                        <Link
                            text="{$this.odata>ID} - {$this.odata>title}"
                            href="{
                                path: '$this.odata>ID'
                                , formatter: '._formatLink'
                            }"
                            class="sapUiTinyMarginBottom"
                            wrapping="true"
                            target="_blank"
                        />
                        <Text
                            text="{$this.odata>summary}"
                            maxLines="2"
                        />
                        <HBox class="sapUiSmallMarginTop">
                            <Text
                                text="{= %{$this.odata>component}}"
                                class="sapMeSolutionsLightFont sapUiTinyMarginEnd"
                            />
                            <Text text="•" />
                            <Text
                                text="{$this.odata>type} ({$this.odata>category})"
                                class="sapMeSolutionsLightFont sapUiTinyMarginBegin"
                            />
                        </HBox>
                    </VBox>
                </cells>
            </ColumnListItem>
        </cards:items>
    </cards:TableCard>
</core:FragmentDefinition>
