<core:FragmentDefinition
    xmlns="sap.m"
    xmlns:core="sap.ui.core"
    xmlns:cards="sap.me.cards"
>
    <cards:TableCard
        class="sapMeCaseSolutionsCard"
        supportsFullScreen="true"
        growing="{$this>/growing}"
        growingThreshold="{$this>/growingThreshold}"
        showRowCount="{$this>/showRowCount}"
        title="{$this.i18n>kbaSolutions_title}"
        description="{$this.i18n>kbaSolutions_whatIsThisCardAbout}"
        columnsDefinition="[]"
        items="{
            templateShareable: false,
            path:'$this.odata>/CaseKBASolutions'
        }"
        searchPropertyName="title"
        updateFinished="onUpdateFinished"
        exportVisible="false"
    >
        <cards:items>
            <ColumnListItem>
                <cells>
                    <VBox
                        renderType="Bare"
                        width="100%"
                    >
                        <Link
                            text="{$this.odata>title}"
                            href="{
                                path: '$this.odata>external_url'
                                , formatter: '._formatLink'
                            }"
                            class="sapUiTinyMarginBottom"
                            wrapping="true"
                            target="_blank"
                        />
                        <Text
                            text="{$this.odata>summary}"
                            maxLines="2"
                        />
                        <FlexBox
                            justifyContent="SpaceBetween"
                            direction="{= %{device>/device/system/phone} ? 'Column' : 'Row' }"
                        >
                        <HBox class="sapUiSmallMarginTop">
                            <Text
                                text="{$this.odata>component}"
                                class="sapMeSolutionsLightFont sapUiTinyMarginEnd"
                            />
                            <Text text="•" />
                            <Text
                                text="{$this.odata>type} ({$this.odata>category})"
                                class="sapMeSolutionsLightFont sapUiTinyMarginBegin"
                            />
                        </HBox>
                            <!-- <HBox
                                class="sapUiSmallMarginTop"
                            >
                                <core:Icon
                                    src="sap-icon://thumb-up"
                                    class="sapMeSolutionsLightFont sapUiTinyMarginEnd"
                                />
                                <Text
                                    text="{$this.odata>likeCount} {$this.i18n>kbaSolutions_likes}"
                                    class="sapMeSolutionsLightFont"
                                />
                            </HBox> -->
                        </FlexBox>
                    </VBox>
                </cells>
            </ColumnListItem>
        </cards:items>
    </cards:TableCard>
</core:FragmentDefinition>
