<core:FragmentDefinition
    xmlns="sap.m"
    xmlns:core="sap.ui.core"
    xmlns:cards="sap.me.cards"
>
    <cards:Card
        max-width="100%"
        height="100%"
        class="sapMeCaseScheduleAManagerCard"
        title="{$this.i18n>CaseScheduleAManagerTitleCard}"
    >

        <VBox id="SamVBox" width="100%">
            <IllustratedMessage id="noDataMessagePage"
                            illustrationSize="Spot"
                            illustrationType="sapIllus-EmptyPlanningCalendar"
                            visible="false"
                            title="{path:'$this.i18n>noScheduledSession', targetType: 'any'}"
                            enableFormattedText="true"
                            description="{path: '$this.i18n>bookAppointmentText', targetType:'any'}">
            </IllustratedMessage>

            <FlexBox width="100%" justifyContent="End">
                <Button
                visible="{binding>/bookSaMButtonVisible}"
                enabled="{binding>/bookSaMButtonEnable}"
                tooltip="{binding>/bookSaMButtonToolTip}"
                text="Schedule"
                press="scheduleASessionPress"
                type="Emphasized"
                class="sapUiTinyMarginBottom sapUiSmallMarginEnd"/>
            </FlexBox>

            <List id="timeZoneDataHolder" items="{ path: '$this.userTimezone>/UserSettingsTimeZone'}" visible="false">
                <StandardListItem/>
            </List>
            <List
                id="caseSAMAppointmentsList"
                width="100%"
                noDataText="{$this.i18n>noDataInSection}"
                items="{path:'$this.odata>/CaseAppointments'}">
                <items>

                    <CustomListItem type="{= ${$this.odata>status} === 'cancelled' ? 'Inactive' : 'Active'}" press="onSamSelected" >
                    <FlexBox id="flexboxNeedBorder" class="sapUiSmallMarginBeginEnd">
                        <HBox width="100%">
                            <FlexBox alignItems="Start" width="100%" justifyContent="SpaceBetween">
                                <VBox class=" sapUiSmallMarginTopBottom" width="100%">
                                    <HBox width="100%">
                                        <FlexBox justifyContent="SpaceBetween" width="100%">
                                            <VBox>
                                                <HBox>
                                                    <Text text="{$this.odata>title}" class="sapMeCaseScheduleAManagerCardTitle sapMeCaseSessionCancelled" visible="{= %{$this.odata>status} === 'cancelled' ? true : false}" />
                                                    <Link text="{$this.odata>title}" class="sapMeCaseScheduleAManagerCardTitle" visible="{= %{$this.odata>status} === 'cancelled' ? false : true}" press="onPressViewEvent"/>
                                                </HBox>
                                                <Text text="{path: '$this.odata>startTime',
                                                        formatter: '._formatToUserTZone'
                                                    }"/>
                                            </VBox>
                                            <layoutData>
                                                <FlexItemData growFactor="3" />
                                            </layoutData>
                                            <ObjectStatus justifyContent="End" class="sapUiTinyMarginBeginEnd sapUiTinyMarginTop" text="Today" inverted="true" state="Information" visible="{path:'$this.odata>startTime', formatter:'._formatTodayTextVisible', targetType:'any'}"/>
                                        </FlexBox>
                                    </HBox>

                                    <Text text="{path: '$this.odata>teamsUrl'}"
                                          visible="false"/>
                                    <Text text="{path: '$this.odata>type'}"
                                          visible="false"/>
                                    <Text text="{path: '$this.odata>endTime'}"
                                          visible="false"/>
                                    <Text text="{path: '$this.odata>pointer'}"
                                          visible="false"/>
                                    <Text text="{path: '$this.odata>additionalInfo'}"
                                          visible="false"/>
                                </VBox>
                            </FlexBox>
                            <VBox class=" sapUiSmallMarginTopBottom">
                                <HBox justifyContent="End">
                                    <Button
                                            icon="sap-icon://cancel"
                                            class="sapMeCaseScheduleAnExpertCardButton sapUiTinyMarginEnd"
                                            enabled="{= %{$this.odata>status} === 'cancelled' ? false : true}"
                                            press="onPressCancelSession" />
                                    <HBox width="40px">
                                        <Button
                                            icon="sap-icon://download"
                                            text="{path: '$this.odata>button', targetType: 'any'}"
                                            tooltip="{path: '$this.odata>button', targetType: 'any'}"
                                            class="sapMeCaseScheduleAnExpertCardButton"
                                            enabled="{= %{$this.odata>status} === 'cancelled' ? false : true}"
                                            press="downloadPress" />
                                    </HBox>
                                </HBox>
                            </VBox>
                        </HBox>
                    </FlexBox>
                        <VBox visible="false" class="sapUiSmallMarginBeginEnd">
                            <HBox width="100%" justifyContent="SpaceBetween">
                                <Text text="Session Information" class=" sapUiSmallMarginTop SapUiTinyMarginBottom sapMeCaseNoScheduledSessionTitle"/>
                                <HBox class="sapUiTinyMarginEnd">
                                    <Button
                                            icon="sap-icon://edit"
                                            text="{$this.odata>button}"
                                            tooltip="{$this.odata>button}"
                                            class="sapMeCaseScheduleAnExpertCardButton  sapUiSmallMarginTop SapUiTinyMarginBottom"
                                            enabled="{= %{$this.odata>status} === 'cancelled' ? false : true}"
                                            press="downloadPress" />
                                </HBox>
                            </HBox>
                            <HBox>
                                <HBox width="25%" justifyContent="End">
                                    <Label labelFor="sessionName" text="Name"/>
                                </HBox>
                                <Text id="sessionName" text="{parts:[{path:'$this.odata>additionalInfo'}, {value:'name'}], formatter:'._formatAdditionalInfo'}" class="sapUiSmallMarginBegin"/>
                            </HBox>
                            <HBox>
                                <HBox width="25%" justifyContent="End">
                                    <Label labelFor="sessionPhone" text="Phone Number"/>
                                </HBox>
                                <Text id="sessionPhone" text="{parts:[{path:'$this.odata>additionalInfo'},{value:'phone'}], formatter:'._formatAdditionalInfo'}" class="sapUiSmallMarginBegin"/>
                            </HBox>
                            <HBox>
                                <HBox width="25%" justifyContent="End">
                                    <Label labelFor="sessionEmail" text="E-mail"/>
                                </HBox>
                                <Text id="sessionEmail" text="{parts:[{path:'$this.odata>additionalInfo'},{value:'email'}], formatter:'._formatAdditionalInfo'}" class="sapUiSmallMarginBegin sapUiSmallMarginBottom"/>
                            </HBox>
                        </VBox>
                    </CustomListItem>
                </items>
            </List>
        </VBox>
    </cards:Card>

</core:FragmentDefinition>
