<core:FragmentDefinition
    xmlns="sap.m"
    xmlns:core="sap.ui.core"
    xmlns:cards="sap.me.cards"
>
    <cards:Card
        max-width="100%"
        class="sapMeCaseScheduleAnExpertCard"
        title="{$this.i18n>CaseScheduleAnExpertTitleCard}">

        <VBox id="SaeVBox" width="100%">
            <IllustratedMessage id="noDataMessagePage"
                            illustrationSize="Spot"
                            illustrationType="sapIllus-EmptyCalendar"
                            visible="false"
                            title="{path:'$this.i18n>noScheduledSession', targetType: 'any'}"
                            enableFormattedText="true"
                            description="{path: '$this.i18n>bookAppointmentText', targetType:'any'}">
            </IllustratedMessage>
            <List id="timeZoneDataHolder" items="{ path: '$this.userTimezone>/UserSettingsTimeZone'}" visible="false">
                <StandardListItem/>
            </List>

            <List
                id="caseAppointmentsList"
                width="100%"
                noDataText="{path:'$this.i18n>noDataInSection', targetType:'any'}"
                items="{path:'$this.odata>/CaseAppointments'}">
                <items>
                    <CustomListItem>
                        <HBox justifyContent="SpaceBetween" alignItems="Center">
                            <FlexBox justifyContent="SpaceBetween" width="100%" class="sapUiSmallMarginTopBottom">
                                <VBox class="sapUiSmallMarginBegin">
                                    <Link text="{path:'$this.odata>title', targetType:'any'}" class="sapMeCaseScheduleAnExpertCardTitle" press="onPressViewEvent"/>
                                    <Text text="{path: '$this.odata>startTime', formatter:'._formatToUserTZone', targetType:'any'}"/>
                                    <Text text="{path: '$this.odata>teamsUrl', targetType:'any'}"
                                          visible="false"/>
                                    <Text text="{path: '$this.odata>type', targetType:'any'}"
                                          visible="false"/>
                                    <Text text="{path: '$this.odata>endTime', targetType:'any'}"
                                          visible="false"/>
                                    <Text text="{path: '$this.odata>additionalInfo', targetType:'any'}"
                                          visible="false"/>
                                </VBox>
                                <ObjectStatus class="sapUiTinyMarginBeginEnd sapUiTinyMarginTop" text="{$this.i18n>Today}" inverted="true" state="Information" visible="{path:'$this.odata>startTime', formatter:'._formatTodayTextVisible', targetType:'any'}"/>
                            </FlexBox>
                            <VBox class="sapUiSmallMarginEnd sapUiSmallMarginTopBottom">
                                <HBox justifyContent="End">
                                    <Button icon="sap-icon://cancel" class="sapMeCaseScheduleAnExpertCardButton sapUiTinyMarginEnd" press="onPressCancelSession" type="Tertiary" />
                                    <Button icon="sap-icon://download" class="sapMeCaseScheduleAnExpertCardButton" press="downloadPress" type="Tertiary"/>
                                </HBox>
                            </VBox>
                        </HBox>
                    </CustomListItem>
                </items>
            </List>

            <FlexBox width="100%">
                <FlexBox id="historyTabBar" class="sapUiSmallMarginBegin sapUiSmallMarginEnd" alignItems="Start" justifyContent="SpaceBetween">
                    <Button id="showHistoryButton" icon="sap-icon://history" text="{$this.i18n>sessionHistory}" class="sapUiTinyMarginBottom sapMeCaseScheduleAnExpertCardButton" press="toggleHistory" type="Tertiary"/>
                    <layoutData>
                        <FlexItemData growFactor="3" />
                    </layoutData>
                    <Button id="BookSAEButton" text="{$this.i18n>ScheduleASession}" visible="true" press="scheduleASessionPress" type="Emphasized" class="sapUiTinyMarginBottom"/>
                </FlexBox>
            </FlexBox>

            <List
                id="casePastAppointmentsList"
                width="100%"
                noDataText="{$this.i18n>noDataInSection}"
                items="{path:'$this.odata>/CaseAppointments'}"
                visible="false">
                <items>
                    <CustomListItem>
                        <HBox width="100%" justifyContent="SpaceBetween">
                            <FlexBox alignItems="Start" justifyContent="SpaceBetween">
                                <VBox class="sapUiSmallMarginBegin sapUiSmallMarginTopBottom">
                                    <Title text="{path:'$this.odata>title', targetType:'any'}" class="sapMeCaseScheduleAnExpertCardTitle" visible="{= %{$this.odata>status} === 'cancelled' ? false : true}"/>
                                    <Title text="{path:'$this.odata>title', targetType:'any'}" class="sapMeCaseScheduleAnExpertCardTitle sapMeCaseSessionCancelled" visible="{= %{$this.odata>status} === 'cancelled' ? true : false}"/>
                                    <Text text="{path: '$this.odata>startTime',
                                            formatter: '._formatToUserTZone',
                                            targetType:'any'
                                        }"/>
                                </VBox>
                            </FlexBox>
                            <HBox justifyContent="End" class="sapUiSmallMarginBegin sapUiSmallMarginTopBottom">
                                <ObjectStatus class="sapUiSmallMarginBeginEnd sapUiTinyMarginTop" text="{path:'$this.odata>status', targetType:'any'}" inverted="true" state="None"/>
                            </HBox>
                        </HBox>
                    </CustomListItem>
                </items>
            </List>

        </VBox>

    </cards:Card>

</core:FragmentDefinition>
