<core:FragmentDefinition
    xmlns="sap.m"
    xmlns:cards="sap.me.cards"
    xmlns:core="sap.ui.core">

    <cards:TableCard
        class="sapMeContactsSectionCard"
        growing="{$this>/growing}"
        growingThreshold="{$this>/growingThreshold}"
        showRowCount="{$this>/showRowCount}"
        title="{$this.i18n>ContactsSectionCard_title}"
        columnsDefinition="[
                        {'propertyName': 'role', 'label': '{$this.i18n>ContactsSectionCard_role}', 'hAlign': 'Left', 'minScreenWidth': 'Phone'},
                        {'propertyName': 'contact', 'label': '{$this.i18n>ContactsSectionCard_contact}', 'hAlign': 'Left', 'width': '22%','minScreenWidth': 'Phone'},
                        {'propertyName': 'telephone', 'label': '{$this.i18n>ContactsSectionCard_phone}', 'hAlign': 'Left', 'minScreenWidth': 'Desktop'},
                        {'propertyName': 'email', 'label': '{$this.i18n>ContactsSectionCard_email}', 'hAlign': 'Left', 'minScreenWidth': 'Desktop'},
                        {'propertyName': 'timezone', 'label': '{$this.i18n>ContactsSectionCard_timeZone}', 'hAlign': 'Left', 'minScreenWidth': 'Desktop'}
                        {'propertyName': 'action', 'label': '{$this.i18n>ContactsSectionCard_action}', 'hAlign': 'Left', 'width': '18%','minScreenWidth': 'Desktop'}
                    ]"
        items="{path:'$this.caseContacts>/ContactsSectionCard', sorter:[]}">
        <cards:headerContentRight>
            <Button icon="sap-icon://add-employee" text="{$this.i18n>ContactsSectionCard_addButton}" press="onContactAddBtnPressed"
                    class="sapUiMediumMarginBegin" visible="{
                                    parts:[
                                        {path: '$this.context>/isCanWrite', targetType : 'any'}
                                        , {path: 'CacheDetailModel>/status', targetType : 'any'}
                                    ]
                                    , formatter: '.formatIsDisplayAddContactBtn'
                                }"/>
        </cards:headerContentRight>
        <cards:items>
            <ColumnListItem class="sapMeContactsSectionCardListItem">
                <FlexBox wrap="Wrap" direction="{= %{device>/device/system/phone} ? 'Column' : 'Row' }">
                    <VBox >
                        <Text text="{$this.caseContacts>displayRole}" class="sapUiTinyMarginEnd sapMeRoleContactsSectionCard" tooltip="{path: '$this.caseContacts>role', formatter:'.formatRoleToolTip'}"/>
                    </VBox>
                    <Label text="Default" tooltip="{$this.i18n>DefaultLabel_tooltip}" class="sapUiTinyMarginBegin sapMeDefaultContactTitle" visible="{= ${$this.caseContacts>default_contact} === true  ? true : false}"/>
                </FlexBox>
                <FlexBox wrap="Wrap" direction="{= %{device>/device/system/phone} ? 'Column' : 'Row' }">
                    <HBox visible="{= ${$this.caseContacts>available} === true  ? true : false }">
                        <Avatar
                            class="sapUiTinyMarginEnd sapMeAvatar"
                            src="sap-icon://person-placeholder"/>
                        <VBox>
                            <Text text="{$this.caseContacts>contact}" visible="{= !!%{$this.caseContacts>contact}}"
                                  class="sapUiTinyMarginEnd sapMeTitleContactsSectionCard"/>
                            <Text text="{$this.caseContacts>userId}" visible="{= !!%{$this.caseContacts>userId}}"
                                  class="sapMeSubtitleContactsSectionCard"/>
                        </VBox>
                    </HBox>
                    <HBox visible="{= ${$this.caseContacts>available} === false  ? true : false }">
                        <Text text="{$this.i18n>ContactsSectionCard_No_Contacts}" wrapping="true"
                              class="sapMeSupportEngagementTextNotAvailable"/>
                    </HBox>
                </FlexBox>
                <FlexBox wrap="Wrap" direction="{= %{device>/device/system/phone} ? 'Column' : 'Row' }" visible="{= ${$this.caseContacts>available} === true  ? true : false }">
                    <VBox visible="{= !%{
                                parts:[
                                    {path: 'CacheDetailModel>/priority', targetType : 'any'}
                                    , {path: '$this.caseContacts>mobile', targetType : 'any'}
                                    , {path: '$this.caseContacts>telephone', targetType : 'any'}
                                    , {path: '$this.caseContacts>role', targetType : 'any'}
                                    , {path: '$this.caseContacts>contact', targetType : 'any'}
                                ]
                                , formatter: '.formatIsNoPhoneWarningVisible'
                            }}">
                        <Text text="{$this.caseContacts>telephone}" visible="{=!!%{$this.caseContacts>telephone}}"
                              class="sapMeSubtitleContactsSectionCard"/>
                        <Text text="{$this.caseContacts>mobile}" visible="{=!!%{$this.caseContacts>mobile}}"
                              class="sapUiTinyMarginEnd sapMeTitleContactsSectionCard"/>
                    </VBox>
                    <HBox visible="{
                                parts:[
                                    {path: 'CacheDetailModel>/priority', targetType : 'any'}
                                    , {path: '$this.caseContacts>mobile', targetType : 'any'}
                                    , {path: '$this.caseContacts>telephone', targetType : 'any'}
                                    , {path: '$this.caseContacts>role', targetType : 'any'}
                                    , {path: '$this.caseContacts>contact', targetType : 'any'}
                                ]
                                , formatter: '.formatIsNoPhoneWarningVisible'
                            }">
                        <core:Icon src="sap-icon://alert" class="sapMNoPhoneWarningColor"/>
                        <Text text="{$this.i18n>ContactsSectionCard_noPhoneWarning}" wrapping="true" class="sapMNoPhoneText"/>
                    </HBox>
                </FlexBox>
                <FlexBox wrap="Wrap" direction="{= %{device>/device/system/phone} ? 'Column' : 'Row' }">
                    <VBox visible="{= ${$this.caseContacts>available} === true  ? true : false }">
                        <Text text="{$this.caseContacts>email}" class="sapUiTinyMarginEnd"/>
                    </VBox>
                </FlexBox>
                <FlexBox wrap="Wrap" direction="{= %{device>/device/system/phone} ? 'Column' : 'Row' }">
                    <VBox visible="{= ${$this.caseContacts>available} === true  ? true : false }">
                        <Text text="{
                            parts: [
                               { path: '$this.caseContacts>timezone' },
                               { path: '$this._oTimezones>/TimezoneCollection' }
                            ],
                            formatter: '.formatTimezoneDescription'
                        }"
                        class="sapUiTinyMarginEnd"/>
                    </VBox>
                </FlexBox>
                <HBox wrap="Wrap" direction="{= %{device>/device/system/phone} ? 'Column' : 'Row' }" class="sapMActionButton">
                    <HBox width="40px" visible="true">
                        <Button icon="sap-icon://search" press="onContactListValueHelpPressed"
                                visible="{
                                parts:[
                                    {path: '$this.caseContacts>role', targetType : 'any'}
                                    , {path: '$this.context>/isCanWrite', targetType : 'any'}
                                    , {path: 'CacheDetailModel>/status', targetType : 'any'}
                                ]
                                , formatter: '.formatIsDisplayValueHelperIcon'
                            }">
                        </Button>
                    </HBox>
                    <HBox width="40px" visible="true">
                        <Button icon="sap-icon://edit" tooltip="{$this.i18n>icon_tooltip_edit}" press="onProfileEditBtnPressed"
                                visible="{
                                    parts:[
                                        {path: '$this.caseContacts>userId', targetType : 'any'}
                                        , {path: '$this.context>/isCanWrite', targetType : 'any'}
                                        , {path: 'CacheDetailModel>/status', targetType : 'any'}
                                    ]
                                    , formatter: '.formatIsDisplayEditIcon'
                                }">
                        </Button>

                        <Button icon="sap-icon://edit" tooltip="{$this.i18n>icon_tooltip_edit}" press="onEditBU"
                                visible="{
                                parts:[
                                        {path: '$this.caseContacts>role', targetType : 'any'}
                                        , {path: '$this.context>/isCanWrite', targetType : 'any'}
                                        , {path: 'CacheDetailModel>/status', targetType : 'any'}
                                    ]
                                    , formatter: '.formatIsDisplayBUEditIcon'
                                }">
                        </Button>
                    </HBox>
                    <Button icon="sap-icon://delete" press="onContactDeleteBtnPressed"
                            visible="{
                                parts:[
                                    {path: '$this.caseContacts>role', targetType : 'any'}
                                    , {path: '$this.caseContacts>contact', targetType : 'any'}
                                    , {path: '$this.context>/isCanWrite', targetType : 'any'}
                                    , {path: 'CacheDetailModel>/priority', targetType : 'any'}
                                    , {path: 'CacheDetailModel>/status', targetType : 'any'}
                                ]
                                , formatter: '.formatIsDisplayDeleteIcon'
                            }">
                    </Button>
                </HBox>
            </ColumnListItem>
        </cards:items>
    </cards:TableCard>
</core:FragmentDefinition>
