<core:FragmentDefinition
    xmlns="sap.m"
    xmlns:core="sap.ui.core"
    xmlns:f="sap.f"
    xmlns:l="sap.ui.layout"
    xmlns:custom="sap.me.support.controls"
    xmlns:cards="sap.me.cards">

    <cards:Card
        class="sapMeEnterpriseSupportCard"
        title="{$this.i18n>enterprise_title}"
        resizable="true"
        minimumWidth="20rem"
        maximumWidth="60rem"
        placeholderType="Generic">
        <cards:headerContentRight>
            <Link text="{$this.i18n>enterprise_overview}" href="sdfsdfsdfsdf" target="_blank" class="sapMeCardLink" />
        </cards:headerContentRight>
        <VBox class="sapUiSmallMargin" width="100%" renderType="Bare">
            <l:BlockLayout>
                <l:BlockLayoutRow class="sapUiNoContentPadding sapMeSmallMargin">
                    <l:BlockLayoutCell>
                        <VBox class="sapUiSmallMarginTopBottom" width="100%" >
                            <VBox class="sapUiSmallMarginTopBottom" width="100%">
                                <Title class="sapMeContractDetailsCellLabelTitle" text="{$this.i18n>enterprise_contractDesc}"/>
                                    <VBox class="SapMEContractDetailsContractDescription">
                                        <Text  class="sapUiSmallMarginBottom" text="{$this.model>/EnterpriseSupport/ContactDescription}" />
                                    </VBox>
                                <HBox>
                                    <core:Icon src="sap-icon://pdf-attachment" class="sapMeEnterpriseSupportIcon" color="#031E48" ></core:Icon>
                                    <Link text="{$this.i18n>enterprise_fullContactDesc}" href="gh" target="_blank" class="sapMeEnterpriseSupportCellLinkContractDes sapMeCardLink" />
                                </HBox>
                            </VBox>
                            <VBox class="sapUiSmallMarginTopBottom">
                                <Title  text="{$this.i18n>ContractDetailsShipping}" />
                                <Text class="sapMeContractDetailsTextDetails" text="{$this.model>/EnterpriseSupport/ShippingTo}" />
                            </VBox>
                            <FlexBox class="columns">
                                <VBox class="sapUiSmallMarginTopBottom" width="100%" >
                                    <Title level="H3" text="{$this.i18n>ContractDetailsService}" />
                                        <Text text="{path: '$this.model>/EnterpriseSupport/ServicePeriodFrom',
                                                type: 'sap.ui.model.type.Date',
                                                formatOptions: {
                                                    style: 'short',
                                                    source: {pattern: 'YYYY-MM-dd'}
                                                }
                                            } to {
                                                path: '$this.model>/EnterpriseSupport/ServicePeriodTo',
                                                type: 'sap.ui.model.type.Date',
                                                formatOptions: {
                                                    style: 'short',
                                                    source: {pattern: 'YYYY-MM-dd'}
                                                }
                                            }"
                                            class="sapMeContractDetailsTextDetails" />
                                    <layoutData>
                                        <FlexItemData growFactor="1" />
                                    </layoutData>
                                </VBox>
                                <VBox class="sapUiSmallMarginTopBottom" width="100%">
                                    <Title level="H3" text="{$this.i18n>ContractDetailsContractId}" />
                                    <Text text="{$this.model>/EnterpriseSupport/ContactId}" class="sapMeContractDetailsTextDetails" />
                                    <layoutData>
                                        <FlexItemData growFactor="1" />
                                    </layoutData>
                                </VBox>
                            </FlexBox>
                            <VBox class="sapUiSmallMarginTopBottom">
                                <Title class="sapMeContractDetailsTextDetails" text="{$this.i18n>enterprise_suportAdvisor}" />
                                <HBox alignItems="Center">
                                    <Avatar src="sap-icon://person-placeholder"
                                            displaySize="XS"
                                            backgroundColor="Accent10"/>
                                    <Text text="{$this.model>/EnterpriseSupport/ContactName}" class="sapMeContractDetailsContractName"/>
                                    <Button icon="sap-icon://email" tooltip="{$this.i18n>email}" press="onPressEmail" class="sapMeIconButtons"/>
                                    <Button icon="sap-icon://call" tooltip="{$this.i18n>phone}" press="onPressPhone" class="sapMeIconButtons"/>
                                </HBox>
                            </VBox>
                        </VBox>
                    </l:BlockLayoutCell>
                    <l:BlockLayoutCell class="sapMEBlockLayoutright">
                        <VBox class="sapUiSmallMarginTopBottom sapMeContractDetailsContentRight" width="100%">
                            <VBox class="sapUiSmallMarginTopBottom" width="100%">
                                <Title class="sapMeContractDetailsCellLabelTitle" text="{$this.i18n>enterprise_companyCovered}" />
                            </VBox>
                                <VBox class="sapMeEnterpriseVboxContentRight">
                                    <Text text="{$this.model>/EnterpriseSupport/LicenseMaterials}" />
                                    <Text text="{$this.i18n>enterprise_licenseMaterials}" />
                                    <Link text="{$this.i18n>enterprise_licenseMaterialsAll}" href="gh" target="_blank" class="sapMeEnterpriseSupportCellLinkContractDes sapMeCardLink" />
                                </VBox>
                                <VBox class="sapMeEnterpriseVboxContentRight">
                                    <Text text="{$this.model>/EnterpriseSupport/Systems}" />
                                    <Text text="{$this.i18n>enterprise_systems}" />
                                    <Link text="{$this.i18n>enterprise_systemsAll}" href="gh" target="_blank" class="sapMeEnterpriseSupportCellLinkContractDes sapMeCardLink" />
                                </VBox>
                        </VBox>
                    </l:BlockLayoutCell>
                </l:BlockLayoutRow>
            </l:BlockLayout>
        </VBox>
    </cards:Card>
</core:FragmentDefinition>
