<core:FragmentDefinition xmlns="sap.m"
 xmlns:core="sap.ui.core"
 xmlns:f="sap.f"
 xmlns:cards="sap.me.cards"
 xmlns:html="http://www.w3.org/1999/xhtml"
 xmlns:template="http://schemas.sap.com/sapui5/extension/sap.ui.core.template/1" height="100%">
    <cards:CardBase resizable="true" visible="{= ${$this.odata>/IncidentsAlertCardVisibility} === true  ? true : false }">
        <VBox>
            <cards:TableCard
            id="incidentsAlertCard"
            class="sapMeIncidentsAlertCard"
            description="{$this.i18n>incidentsAlert_description}"
            growing="{$this>/growing}"
            growingThreshold="5"
            columnsDefinition="[
            {'propertyName': 'pointer', 'label': '{$this.i18n>incidents_ID}', 'width': '25%', 'hAlign': 'Left', 'minScreenWidth': 'Phone'},
            {'propertyName': 'subject', 'label': '{$this.i18n>incidents_subject}', 'width': '35%', 'hAlign': 'Left', 'minScreenWidth': 'Phone'},
            {'propertyName': 'priorityText', 'label': '{$this.i18n>incidents_priority}', 'width': '20%', 'hAlign': 'Left', 'minScreenWidth': 'Desktop', 'demandPopin': true, 'popinDisplay': 'Inline'},
            {'propertyName': 'lastUpdate', 'label': '{$this.i18n>incidents_lastChanged}', 'width': '20%', 'hAlign': 'Left', 'minScreenWidth': 'Desktop', 'demandPopin': true, 'popinDisplay': 'Inline','dataType': 'Edm.Date'}
        ]"
        items="{path:'$this.odata>/IncidentsAlertCard', templateShareable:true}"
        updateFinished="onUpdateFinished"
        exportVisible="true">
        <cards:items>
            <ColumnListItem>
                <cells>
                    <VBox>
                        <!--<Link text="{ path: '$this.odata>pointer', formatter: '.formatter.formatIncidentPointer'}" tooltip="{$this.odata>pointer}" href="{path: '$this.odata>pointer',  formatter: '._getIncidentsRequestDeepLinkByID'}" target="_blank" visible="{= !${features>/case-show-details-in-sap4me}}"/>-->
                        <Link
                            text="{ path: '$this.odata>pointer', formatter: '.formatter.formatIncidentPointer'}"
                            tooltip="{$this.odata>pointer}"
                            press=".onCaseLinkPressed"
                            visible="{= !${features>/case-show-details-in-sap4me}}"/>
                        <Link
                            text="{ path: '$this.odata>pointer', formatter: '.formatter.formatIncidentPointer'}"
                            tooltip="{$this.odata>pointer}"
                            visible="{= !!${features>/case-show-details-in-sap4me}}"
                            press="._onNavigateToDetailPage"
                        />
                    </VBox>
                    <FormattedText htmlText="{$this.odata>subject}"/>
                    <ObjectStatus text="{path: '$this.odata>priorityTxt'}" state="{path: '$this.odata>priorityTxt', formatter: '._getIncidentsPriorityState'}" class="sapMeIndicatorWithBorder" />
                    <Text text="{path: '$this.odata>lastUpdate', formatter: '.formatter.relativeDate'}" />
                </cells>
            </ColumnListItem>
            </cards:items>
            <cards:headerContentLeft>
                <HBox id="incidentsAlertHeaderContentLeftCard" class="incidentsAlertHeaderContentLeftCard" alignItems="Center">
                    <core:Icon src="sap-icon://message-information" color="#ee0000" />
                    <Text text="{path:'$this.odata>/AllIncidents/allIncidents'} {$this.i18n>incidents_count}" class="sapMeIncidentsCount"/>
                    <Text text="{$this.i18n>incidents_count_message}" class="sapMeIncidentsCountText"/>
                </HBox>
            </cards:headerContentLeft>
            <cards:headerContentRight>
                <SegmentedButton id="incidentsAlertTypeButton" selectedKey="MyIncidents" selectionChange="onChoseIncidentType" class="sapUiSmallMarginEnd sapMeComboBox">
                    <items>
                        <SegmentedButtonItem key="AllIncidents" text="{$this.i18n>all_incidents} ({$this.odata>/AllIncidents/allIncidents})"/>
                        <SegmentedButtonItem key="MyIncidents" text="{$this.i18n>my_incidents} ({$this.odata>/MyIncidents/myIncidents})"/>
                    </items>
                </SegmentedButton>
            </cards:headerContentRight>
            </cards:TableCard>
            <VBox
                id="incidentsAlertFooterCard"
                alignItems="Center">
                <Link text="{$this.i18n>incidents_view_all} ({$this.odata>/AllIncidents/allIncidents})" press="onLinkPressed" target="_blank" class="incidentsAlertCardAll" />
            </VBox>
            <VBox
                id="incidentsAlertFooterNoDataCard"
                alignItems="Center">
                <Link text="{$this.i18n>incidents_view_all}" press="onLinkPressedNoData" target="_blank" class="incidentsAlertCardAll" />
            </VBox>
        </VBox>
    </cards:CardBase>
</core:FragmentDefinition>
