<core:FragmentDefinition xmlns="sap.m" xmlns:core="sap.ui.core" xmlns:f="sap.f"
    xmlns:cards="sap.me.cards" xmlns:viz="sap.viz.ui5.controls" xmlns:viz.data="sap.viz.ui5.data" xmlns:viz.feeds="sap.viz.ui5.controls.common.feeds"
    xmlns:html="http://www.w3.org/1999/xhtml" xmlns:template="http://schemas.sap.com/sapui5/extension/sap.ui.core.template/1" height="100%"
    core:require="{
      vizlib: 'sap/viz/library'
    }">
    <cards:TableCard
        id="incidentsCard"
        class="sapMeIncidentsCard"
        description="{$this.i18n>incidents_description}"
        supportsFullScreen="true"
        growing="{$this>/growing}"
        growingThreshold="{$this>/growingThreshold}"
        showRowCount="{$this>/showRowCount}"
        privacyStatementVisible="true"
        exportVisible="true"
        columnsDefinition="[
                    {'propertyName': 'incidentID', 'label': '{$this.i18n>incidents_ID}', 'width': '7rem', 'hAlign': 'Left', 'minScreenWidth': 'Phone'},
                    {'propertyName': 'subject', 'label': '{$this.i18n>incidents_subject}', 'width': '32%', 'hAlign': 'Left', 'minScreenWidth': 'Phone'},
                    {'propertyName': 'status', 'label': '{$this.i18n>incidents_status}', 'width': '12%', 'hAlign': 'Left', 'minScreenWidth': 'Desktop', 'demandPopin': true, 'popinDisplay': 'Inline'},
                    {'propertyName': 'priorityText', 'label': '{$this.i18n>incidents_priority}', 'width': '12%', 'hAlign': 'Left', 'minScreenWidth': 'Desktop', 'demandPopin': true, 'popinDisplay': 'Inline'},
                    {'propertyName': 'lastChanged', 'label': '{$this.i18n>incidents_lastChanged}', 'width': '14%', 'hAlign': 'Left', 'minScreenWidth': 'Desktop', 'demandPopin': true, 'popinDisplay': 'Inline','dataType': 'Edm.DateTimeOffset'}
                ]"
    items="{path:'$this.odata>/CaseList4Card', sorter:[{path:'priorityKey'}]}"
    >
        <cards:items>
            <ColumnListItem>
                <cells>
                    <HBox>
                        <Link
                            text="{ path: '$this.odata>incidentID', formatter: '.formatter.formatIncidentPointer' }"
                            tooltip="{$this.odata>incidentID}"
                            press="navigateToIncidentDetailPageOSLP(%{$this.odata>incidentID})"
                            target="_blank"
                            visible="{= !${features>/case-show-details-in-sap4me}}"/>
                        <Link
                            text="{ path: '$this.odata>incidentID', formatter: '.formatter.formatIncidentPointer' }"
                            tooltip="{$this.odata>incidentID}"
                            press="navigateToIncidentDetailPage"
                            class ='sapMeProductsLink'
                            visible="{= !!${features>/case-show-details-in-sap4me}}">
                            <layoutData>
                                <FlexItemData  styleClass="sapMeProductsLink" />
                            </layoutData>
                        </Link>
                    </HBox>
                    <FormattedText htmlText="{$this.odata>subject}"/>
                    <Text text="{$this.odata>status}" />
                    <ObjectStatus text="{path: '$this.odata>priorityKey', formatter: '._getIncidentsPriorityText'}" state="{path: '$this.odata>priorityKey', formatter: '._getIncidentsPriorityState'}" class="sapMeIndicatorWithBorder" />
                    <Text text="{path: '$this.odata>lastChanged', type: 'sap.ui.model.type.DateTime', formatOptions: { style: 'medium', source: { pattern: 'YYYY-MM-ddTHH:mm:ssZ' } } }" />
                </cells>
            </ColumnListItem>
        </cards:items>
         <cards:headerContentLeft>
            <SegmentedButton id="incidentTypeButton" selectedKey="AllIncidents" selectionChange="onChoseIncidentType" class="sapUiSmallMarginEnd sapMeComboBox">
                <items>
                    <SegmentedButtonItem key="AllIncidents" text="{$this.i18n>all_incidents}"/>
                    <SegmentedButtonItem key="MyIncidents" text="{$this.i18n>my_incidents}"/>
                </items>
            </SegmentedButton>
        </cards:headerContentLeft>
        <cards:headerContentRight>
            <Link text="{$this.i18n>incidents_manageIncidents}" press="onManageIncidents" target="_blank" class="sapMeCardLink" visible="{=${device>/device/system/desktop}}" />
            <Button id="createIncident" text="{$this.i18n>incidents_createNewIncidents}" icon="sap-icon://write-new-document" press="onCreateIncident" class="sapUiSmallMarginBegin sapMeCreateNewIncidentButton" enabled="{= !!%{isCanCreateCase>/enabled}}" visible="{=${device>/device/system/desktop}}" />
        </cards:headerContentRight>

        <cards:sideContent>
            <HBox justifyContent="Center">
                <FlexBox direction="Column" class="sapMeVizChartBorder">
                    <viz:VizFrame id="incidentsChart" class="sapMeVizFrame" uiConfig="{applicationSet:'fiori'}" width="20.325em" vizType="donut" selectData="onSelectChartData" deselectData="onSelectChartData" vizProperties="{
                        title: { visible: false },
                        legend: {
                            isScrollable: false,
                            showFullLabel: true
                        },
                        legendGroup: {
                            layout: {
                                position: 'bottom',
                                alignment: 'center'
                            }
                        },
                        tooltip: {
                            visible: true
                        },
                        general: {
                            layout: {
                                isFixedPadding: true,
                                padding: 0
                            }
                        },
                        plotArea: {
                            dataLabel: {
                                visible: true,
                                hideWhenOverlap: true
                            },
                            background: {
                                gradientDirection: 'horizontal'
                            }
                        }
                    }">
                        <viz:dataset>
                            <viz.data:FlattenedDataset>
                                <viz.data:dimensions>
                                    <viz.data:DimensionDefinition name="Incident Status"
                                        value="{$this.odata>status}" />
                                </viz.data:dimensions>
                                <viz.data:measures>
                                    <viz.data:MeasureDefinition name="Number of incidents"
                                        value="{$this.odata>count}" />
                                </viz.data:measures>
                            </viz.data:FlattenedDataset>
                        </viz:dataset>
                        <viz:feeds>
                            <viz.feeds:FeedItem uid="size" type="Measure"
                                values="Number of incidents" />
                            <viz.feeds:FeedItem uid="color" type="Dimension"
                                values="Incident Status" />
                        </viz:feeds>
                    </viz:VizFrame>
                    <core:HTML id="chartLegend" content="&lt;svg class=&quot;sapMeVizLegend&quot; /&gt;" afterRendering="onAfterLegendContainerRendering" />
                </FlexBox>
            </HBox>
        </cards:sideContent>

    </cards:TableCard>
</core:FragmentDefinition>
