<core:FragmentDefinition
    xmlns="sap.m"
    xmlns:core="sap.ui.core"
    xmlns:cards="sap.me.cards"
>
    <cards:TableCard
        class="sapMeOverviewContractCard"
        supportsFullScreen="true"
        growing="{$this>/growing}"
        growingThreshold="{$this>/growingThreshold}"
        description="{$this.i18n>overviewContract_whatIsThisCardAbout}"
        columnsDefinition="[
            {'propertyName': 'serviceName', 'label': '{$this.i18n>overviewContract_serviceName}','width': '25%', 'hAlign': 'Left', 'minScreenWidth': 'Tablet', 'demandPopin': true, 'popinDisplay': 'Inline'},
            {'propertyName': 'contractNumber', 'label': '{$this.i18n>overviewContract_contractNumber}', 'width': '20%', 'hAlign': 'Left', 'minScreenWidth': 'Tablet', 'demandPopin': true, 'popinDisplay': 'Inline'},
            {'propertyName': 'contractType', 'label': '{$this.i18n>overviewContract_contractType}','width': '25%', 'hAlign': 'Left', 'minScreenWidth': 'Tablet', 'demandPopin': true, 'popinDisplay': 'Inline'},
            {'propertyName': 'startDate', 'label': '{$this.i18n>overviewContract_contractPeriod}','width': '30%', 'hAlign': 'Left', 'minScreenWidth': 'Tablet', 'demandPopin': true, 'popinDisplay': 'Inline'}
        ]"
        items="{
            templateShareable: false,
            sorter:[],
            path:'$this.odata>/OverviewContract'
        }"
    >
        <cards:items>
            <ColumnListItem>
                <cells>
                    <HBox alignItems="Center" class="sapMeOverviewContractServiceName">
                        <core:Icon
                            src="sap-icon://favorite"
                            id="favouriteIcon"
                            color="{= %{$this.odata>isFavorite} ? '#e38b16' : '#dedede'}"
                            press="onFavoriteIconPressed"
                            class="sapUiSmallMarginEnd"
                            tooltip="{$this.i18n>overviewContract_favouriteTooltip}"
                        />
                        <VBox>
                            <Link text="{$this.odata>serviceName}" press="navigateToContractDetailPage" class ='sapMeOverviewContractLink' />
			                <Text text="{path: '$this.odata>contractType', targetType: 'any'}" wrapping="false" />
                        </VBox>
                    </HBox>
					<Text text="{path: '$this.odata>contractNumber', targetType: 'any'}"/>
					<Text text="{path: '$this.odata>contractType', targetType: 'any'}"/>
                    <Text text="{
                                parts: [
                                    {
                                        path: '$this.odata>startDate'
                                        , type: 'sap.ui.model.type.Date'
                                        , formatOptions: {
                                            style: 'short'
                                            , source: {pattern: 'YYYY-MM-dd'}
                                        }
                                    }
                                    , {
                                        path: '$this.odata>endDate'
                                        , type: 'sap.ui.model.type.Date'
                                        , formatOptions: {
                                            style: 'short'
                                            , source: {pattern: 'YYYY-MM-dd'}
                                        }
                                    }
                                ],
                                formatter: '.formatContractPeriod'
                            }"
                    />
                </cells>
            </ColumnListItem>
        </cards:items>

        <cards:headerContentLeft>
            <Title text="{$this.i18n>overviewContract_contractType}:" class="sapFCardTitle sapUiTinyMarginEnd sapUiTinyMarginTop" />
            <MultiComboBox
                width="40%"
                id="sapMeOverviewContractTypeSelect"
                items="{
                    path: '$this.odata>/ContractTypes',
                    templateShareable: false
                }"
                selectionChange="onContractTypeSelectChange"
            >
                <core:Item
                    key="{$this.odata>ID}"
                    text="{parts: ['$this.odata>name', '$this.odata>total'], formatter: '.formatContractTypeSelectText'}"
                />
            </MultiComboBox>
        </cards:headerContentLeft>

    </cards:TableCard>
</core:FragmentDefinition>
