<core:FragmentDefinition
    xmlns="sap.m"
    xmlns:cards="sap.me.cards"
    xmlns:core="sap.ui.core"
    xmlns:f="sap.f"
    xmlns:l="sap.ui.layout">
    <cards:Card class="sapMePreferredSuccessCard" resizable="true" minimumWidth="20rem" maximumWidth="60rem" title="{$this.i18n>preferredSuccessCardTitle}">
        <cards:headerContentLeft>
            <Link text="{$this.i18n>preferredSuccessCardAriba}" press="onPressTitle" class="sapMeContractDetailsTitleToolbar"/>
        </cards:headerContentLeft>
        <VBox width="100%" renderType="Bare">
            <l:BlockLayout >
                <l:BlockLayoutRow>
                    <l:BlockLayoutCell>
                    <VBox class="sapUiSmallMarginTopBottom" width="100%">
                        <Title text="{$this.i18n>ContractDetailsShipping}" />
                        <Text text="{$this.preferredSuccessCard>/PreferredSuccessCard/ShippingTo}" class="sapMeContractDetailsTextDetails"/>
                    </VBox>
                    <FlexBox class="columns">
                        <VBox class="sapUiSmallMarginTopBottom" width="100%" >
                            <Title level="H3" text="{$this.i18n>ContractDetailsService}" />
                            <!-- <Text text="{$this.preferredSuccessCard>/PreferredSuccessCard/ServicePeriodFrom} to {$this.preferredSuccessCard>/PreferredSuccessCard/ServicePeriodTo}" class="sapMeContractDetailsTextDetails" /> -->
                            <Text text="{path: '$this.preferredSuccessCard>/PreferredSuccessCard/ServicePeriodFrom',
                                type: 'sap.ui.model.type.Date',
                                formatOptions: {
                                    style: 'short',
                                    source: {pattern: 'YYYY-MM-dd'}
                                }
                            } to {
                                path: '$this.preferredSuccessCard>/PreferredSuccessCard/ServicePeriodTo',
                                type: 'sap.ui.model.type.Date',
                                formatOptions: {
                                    style: 'short',
                                    source: {pattern: 'YYYY-MM-dd'}
                                }
                            }"
                            class="sapMeContractDetailsTextDetails" />
                            <layoutData>
                                <FlexItemData growFactor="1" />
                            </layoutData>
                        </VBox>
                        <VBox class="sapUiSmallMarginTopBottom" width="100%">
                            <Title level="H3" text="{$this.i18n>ContractDetailsContractId}" />
                            <Text text="{$this.preferredSuccessCard>/PreferredSuccessCard/ContactId}" class="sapMeContractDetailsTextDetails" />
                            <layoutData>
                                <FlexItemData growFactor="1" />
                            </layoutData>
                        </VBox>
                    </FlexBox>
                    <VBox class="sapUiSmallMarginTopBottom" width="100%" >
                        <Title class="sapMeContractDetailsTextDetails" level="H3" text="{$this.i18n>preferredSuccessCardCustomer}" />
                        <HBox alignItems="Center">
                            <Avatar
                                    src="sap-icon://person-placeholder"
                                    displaySize="XS"
                                    backgroundColor="Accent10"/>
                            <Text text="{$this.preferredSuccessCard>/PreferredSuccessCard/ContactName}" class="sapMeContractDetailsContractName"/>
                            <Button icon="sap-icon://email" tooltip="{$this.i18n>email}" press="onPressEmail" class="sapMeIconButtons"/>
                            <Button icon="sap-icon://call" tooltip="{$this.i18n>phone}" press="onPressPhone" class="sapMeIconButtons"/>
                        </HBox>
                    </VBox>
                </l:BlockLayoutCell>
            </l:BlockLayoutRow>
        </l:BlockLayout>
        </VBox>
    </cards:Card>
</core:FragmentDefinition>
