<core:FragmentDefinition xmlns="sap.m"
    xmlns:core="sap.ui.core"
    xmlns:f="sap.f"
    xmlns:l="sap.ui.layout"
    xmlns:custom="sap.me.support.controls"
    xmlns:cards="sap.me.cards">
    <!--
        this card is freely resizable between 20rem and 60rem
        you can also choose to set any number of supported sizes using the supported sizes object like so: supportedSizes="{ 'S': '20rem', 'M': '40rem', 'L': '60rem' }"
    -->
    <cards:Card
        class="sapMePremiumEngagementCard"
        title="{$this.i18n>premiumEngagementCardDetailsTitle}"
        resizable="true"
        minimumWidth="20rem"
        maximumWidth="60rem">
        <cards:headerContentRight>
            <Link
                text="{$this.i18n>premiumEngagementCardDetailsTitleLink}"
                href="{$this.model>/CONSTANTS/ACCESS_SERVICES_REPORTS_LINK}"
                target="_blank"
                class="sapMeCardLink" />
        </cards:headerContentRight>
        <VBox  width="100%" renderType="Bare">
            <l:BlockLayout class="sapMePremiumEngagementBlockLayout">
                <l:BlockLayoutRow>
                    <l:BlockLayoutCell>
                            <VBox>
                                <Label
                                    class="sapMePremiumEngagementCellLabelTitle"
                                    text="{$this.i18n>premiumEngagementCardDetailsShippingToLabel}" />
                                <Text
                                    class="sapUiSmallMarginBottom sapMePremiumEngagementCellTextValue"
                                    text="{$this.model>/PremiumEngagement/ShippingTo}" />
                                <Label
                                    class="sapMePremiumEngagementCellLabelTitle"
                                    text="{$this.i18n>premiumEngagementCardDetailsContratDescriptionLabel}" />
                                <Link
                                    text="{$this.model>/PremiumEngagement/ContactDescription}"
                                    href="{$this.model>/CONSTANTS/CONTRACT_DESCRIPTION_LINK}"
                                    target="_blank"
                                    class="sapMePremiumEngagementCellLinkContractDes sapMeCardLink" />
                            </VBox>
                    </l:BlockLayoutCell>
                    <l:BlockLayoutCell>
                        <VBox>
                            <Label
                                class="sapMePremiumEngagementCellLabelTitle"
                                text="{$this.i18n>premiumEngagementCardDetailsContcatIDLabel}" />
                            <Text
                                class="sapUiSmallMarginBottom sapMePremiumEngagementCellTextValue"
                                text="{$this.model>/PremiumEngagement/ContactId}" />
                            <Label
                                class="sapMePremiumEngagementCellLabelTitle"
                                text="{$this.i18n>premiumEngagementCardDetailsServicePeriodLabel}" />
                            <Text text="{$this.i18n>premiumEngagementCardDetailsFromLabel}
                            {path: '$this.model>/PremiumEngagement/ServicePeriodFrom',
                                type: 'sap.ui.model.type.Date',
                                formatOptions: {
                                    style: 'short',
                                    source: {pattern: 'YYYY-MM-dd'}
                                }
                            } {$this.i18n>premiumEngagementCardDetailsToLabel} {
                                path: '$this.model>/PremiumEngagement/ServicePeriodTo',
                                type: 'sap.ui.model.type.Date',
                                formatOptions: {
                                    style: 'short',
                                    source: {pattern: 'YYYY-MM-dd'}
                                }
                            }"
                            class="sapMePremiumEngagementCellTextValue" />
                        </VBox>
                    </l:BlockLayoutCell>
                </l:BlockLayoutRow>
                <l:BlockLayoutRow>
                    <l:BlockLayoutCell>
                         <VBox>
                            <Text
                                class="sapMePremiumEngagementCellTextValue"
                                text="{path: '$this.model>/PremiumEngagement/TotalDays', formatter: '.formatter.formatOpenCapacityTitle'}" />
                            <l:BlockLayout
                             class="sapMePremiumEngagementProgressIndicatorBlockLayout">
                                <l:BlockLayoutRow>
                                    <l:BlockLayoutCell width="3">
                                        <custom:ProgressIndicatorCustom
                                            class="sapMePremiumEngagementCellLabelCapacityInicator sapUiSmallMarginEnd"
                                            width="100%"
                                            daysUsed="{$this.model>/PremiumEngagement/DaysUsed}"
                                            daysAvailable="{$this.model>/PremiumEngagement/DaysAvailable}"
                                            percentValue="{$this.model>/PremiumEngagement/CapacityUsed}"
                                            displayValue="{$this.model>/PremiumEngagement/DaysUsed} {$this.i18n>premiumEngagementCardDetailsDaysUsedLabel} / {$this.model>/PremiumEngagement/DaysAvailable} {$this.i18n>premiumEngagementCardDetailsDaysAvailableLabel}"
                                            showValue="true"
                                            state="Information"
                                            displayOnly="true"
                                            toolTipSeparator="true"
                                            press="handleDetailsCapacity"
                                            pressDaysUsed="handlePressDaysUsed"
                                            pressDaysAvailable="handlePressDaysAvailable"/>
                                    </l:BlockLayoutCell>
                                        <l:BlockLayoutCell>
                                        <Label
                                            class="sapMePremiumEngagementCellLabelCapacityAvailable"
                                            text="{$this.model>/PremiumEngagement/CapacityAvailable} % {$this.i18n>premiumEngagementCardDetailsAvailableLabel}" />
                                    </l:BlockLayoutCell>
                                </l:BlockLayoutRow>
                            </l:BlockLayout>
                        </VBox>
                    </l:BlockLayoutCell>
                </l:BlockLayoutRow>
            </l:BlockLayout>
        </VBox>
    </cards:Card>
</core:FragmentDefinition>
