<core:FragmentDefinition
    xmlns="sap.m"
    xmlns:core="sap.ui.core"
    xmlns:cards="sap.me.cards"
>
    <cards:TableCard
        id="PrepackagedServicesCardTable"
        class="PrepackagedServicesCard"
        description=""
        growing="true"
        growingThreshold="5"
        showRowCount="true"
        exportVisible="true"
        columnsDefinition="[
            {'propertyName': 'OriginationDocNo', 'label': '{$this.i18n>prepackaged_services_card_provider_contract}', 'width': '7.5rem', 'hAlign': 'Left', 'minScreenWidth': 'Phone'},
            {'propertyName': 'OfferingName', 'label': '{$this.i18n>prepackaged_services_card_offering_name}', 'width': '12.5rem', 'hAlign': 'Left', 'minScreenWidth': 'Phone'},
            {'propertyName': 'all_CallOffStatus', 'label': '{$this.i18n>prepackaged_services_card_calloff_status}', 'width': '8.5rem', 'hAlign': 'Left', 'minScreenWidth': 'Phone'},
            {'propertyName': 'all_DeliveryStatus', 'label': '{$this.i18n>prepackaged_services_card_delivery_status}', 'width': '8.5rem', 'hAlign': 'Left', 'minScreenWidth': 'Phone'},
            {'propertyName': 'ValidFromTo', 'label': '{$this.i18n>prepackaged_services_card_valid_from_to}', 'width': '8.5rem', 'hAlign': 'Left', 'minScreenWidth': 'Phone' },
            {'propertyName': 'all_LastCallOffDate', 'label': '{$this.i18n>prepackaged_services_card_last_calloff_date}', 'width': '8.5rem', 'hAlign': 'Left', 'minScreenWidth': 'Desktop', 'demandPopin': true, 'popinDisplay': 'Inline' },
            {'propertyName': 'all_RequestedDate', 'label': '{$this.i18n>prepackaged_services_card_requested_date}', 'width': '8.5rem', 'hAlign': 'Left', 'minScreenWidth': 'Desktop', 'demandPopin': true, 'popinDisplay': 'Inline' },
            {'propertyName': 'all_ProjectedDate', 'label': '{$this.i18n>prepackaged_services_card_projected_date}', 'width': '8.5rem', 'hAlign': 'Left', 'minScreenWidth': 'Desktop', 'demandPopin': true, 'popinDisplay': 'Inline' },
            {'propertyName': 'srv_ServiceReportLink', 'label': '{$this.i18n>prepackaged_services_card_service_report}', 'width': '8.5rem', 'hAlign': 'Left', 'minScreenWidth': 'Desktop', 'demandPopin': true, 'popinDisplay': 'Inline' },
            {'propertyName': 'GTA_ContactPersonIT', 'label': '{$this.i18n>prepackaged_services_card_customer_contact}', 'width': '8.5rem', 'hAlign': 'Left', 'minScreenWidth': 'Desktop', 'demandPopin': true, 'popinDisplay': 'Inline' }
        ]"
        items="{path:'servicesList>/allList', templateShareable:true}">
        <cards:items>
            <ColumnListItem>
                <cells>
                    <Text text="{servicesList>OriginationDocNo}"/>
                    <Text text="{servicesList>OfferingName}"/>
                    <ObjectStatus
                        text="{servicesList>all_CallOffStatus}"
                        inverted="true"
                        state="None" />
                    <HBox class="PrepackagedServicesCardStatusItem">
                        <customData>
                            <core:CustomData key="status" value="{= %{servicesList>all_DeliveryStatus} === %{$this.i18n>prepackaged_services_card_completed} ? 'DeliveryCompleted' : 'normal'}" writeToDom="true" />
                        </customData>
                        <core:Icon src="sap-icon://sys-enter-2" visible="{= %{servicesList>all_DeliveryStatus} === %{$this.i18n>prepackaged_services_card_completed}}" />
                        <Text class="sapUiTinyMarginBegin" text="{servicesList>all_DeliveryStatus}"/>
                    </HBox>
                    <VBox>
                        <Text text="{path: 'servicesList>ValidFrom', formatter: '._formateServiceDate'}"/>
                        <Text class="PrepackagedServicesCardValidTo" text="{= 'to ' + %{path: 'servicesList>ValidTo', formatter: '._formateServiceDate'}}"/>
                    </VBox>
                    <Text text="{servicesList>all_LastCallOffDate}"/>
                    <Text text="{servicesList>all_RequestedDate}"/>
                    <Text text="{servicesList>all_ProjectedDate}"/>
                    <HBox>
                        <Text visible="{= !%{servicesList>srv_ServiceReportLink}}" text="-" />
                        <Link
                            visible="{= !!%{servicesList>srv_ServiceReportLink}}"
                            href="{servicesList>srv_ServiceReportLink}"
                            text="{$this.i18n>prepackaged_services_card_report_link}"
                            target="_blank"
                        />
                    </HBox>
                    <HBox alignItems="Center">
                        <Avatar
                            initials="{path: 'servicesList>GTA_ContactPersonIT', formatter: '._formateAvatarName' }"
                            displaySize="Custom"
                            customDisplaySize="2rem"
                            visible="{= !!%{servicesList>GTA_ContactPersonIT}}"
                        />
                        <Text class="sapUiTinyMarginBegin" text="{servicesList>GTA_ContactPersonIT}"/>
                    </HBox>
                </cells>
            </ColumnListItem>
        </cards:items>
        <cards:headerContentRight>
            <HBox>
                <SearchField width="100%" search="onSearchPrepackagedServices" />
            </HBox>
        </cards:headerContentRight>
    </cards:TableCard>
</core:FragmentDefinition>
