<core:FragmentDefinition
    xmlns="sap.m"
    xmlns:core="sap.ui.core"
    xmlns:cards="sap.me.cards"
>
    <cards:Card
        class="sapMeSystemSpecificNotesCard"
    >
        <cards:headerContentLeft>
            <HBox alignItems="Center">
                <HBox alignItems="Center">
                    <MultiComboBox id="sap4MePreventativeComponentFilter"
                                   width="100%"
                                   selectedKeys="{$this.allFiltersList>/componentSelectedKeys}"
                                   selectionChange="onComponentSelected"
                                   placeholder="{$this.i18n>system_specific_notes_card_comp_selector_placeholder}"
                                   showSelectAll="true"
                                   class="sapMeSelect"
                                   items="{path: '$this.allFiltersList>/componentFilters'}"
                                   enabled="true">
                        <dependents>
                            <Toolbar>
                                <Title text="{$this.i18n>system_specific_notes_card_comp_selector_header_title}" class="sapUiSmallMarginBegin"/>
                                <ToolbarSpacer />
                                <Button text="{ path: '$this.allFiltersList>/componentSelectedKeys'
                                                                , targetType : 'any'
                                                                , formatter: '._handleMultiBoxButtonText'
                                                                }" press="onComponentHeaderButtonPressed"
                                        class="sapUiTinyMarginEnd"/>
                            </Toolbar>
                        </dependents>
                        <core:Item key="{$this.allFiltersList>keyText}"
                                   text="{$this.allFiltersList>textValue}"/>
                    </MultiComboBox>
                </HBox>
                <HBox alignItems="Center" class="sapUiSmallMarginBegin">
                    <MultiComboBox id="sap4MePreventativeTypeFilter"
                                   width="100%"
                                   selectedKeys="{$this.allFiltersList>/typeSelectedKeys}"
                                   selectionChange="onTypeSelected"
                                   placeholder="{$this.i18n>system_specific_notes_card_type_selector_placeholder}"
                                   showSelectAll="true"
                                   class="sapMeSelect"
                                   items="{path: '$this.allFiltersList>/typeFilters'}"
                                   enabled="true">
                        <dependents>
                            <Toolbar>
                                <Title text="{$this.i18n>system_specific_notes_card_type_selector_header_title}" class="sapUiSmallMarginBegin"/>
                                <ToolbarSpacer />
                                <Button text="{ path: '$this.allFiltersList>/typeSelectedKeys'
                                                                , targetType : 'any'
                                                                , formatter: '._handleMultiBoxButtonText'
                                                                }" press="onTypeHeaderButtonPressed"
                                        class="sapUiTinyMarginEnd"/>
                            </Toolbar>
                        </dependents>
                        <core:Item key="{$this.allFiltersList>keyText}"
                                   text="{$this.allFiltersList>textValue}"/>
                    </MultiComboBox>
                </HBox>
                <HBox alignItems="Center" class="sapUiSmallMarginBegin" visible="{selectingInfo>/softwareProductVisible}">
                    <MultiComboBox id="sap4MePreventativeSoftwareFilter"
                                   width="100%"
                                   selectedKeys="{$this.allFiltersList>/softwareProSelectedKeys}"
                                   selectionChange="onSoftwareProductSelected"
                                   placeholder="{$this.i18n>system_specific_notes_card_software_selector_placeholder}"
                                   showSelectAll="true"
                                   class="sapMeSelect"
                                   items="{path: '$this.allFiltersList>/softwareProFilters'}"
                                   enabled="true">
                        <dependents>
                            <Toolbar>
                                <Title text="{$this.i18n>system_specific_notes_card_software_selector_header_title}" class="sapUiSmallMarginBegin"/>
                                <ToolbarSpacer />
                                <Button text="{ path: '$this.allFiltersList>/softwareProSelectedKeys'
                                                                , targetType : 'any'
                                                                , formatter: '._handleMultiBoxButtonText'
                                                                }" press="onSoftwareHeaderButtonPressed"
                                        class="sapUiTinyMarginEnd"/>
                            </Toolbar>
                        </dependents>
                        <core:Item key="{$this.allFiltersList>keyText}"
                                   text="{$this.allFiltersList>textValue}"/>
                    </MultiComboBox>
                </HBox>
            </HBox>
        </cards:headerContentLeft>
        <cards:headerContentRight>
            <HBox>
                <SearchField id="searchPreventativeCard" width="100%" search="onSearchFilterSystemNotes"
                             enabled="true"/>
                <Button icon="sap-icon://filter" text="{$this.i18n>system_specific_notes_card_button_filter}" visible="true" press="onOpenFilterDialog"/>
            </HBox>
        </cards:headerContentRight>
        <cards:content>
            <VBox width="100%">
                <!-- Filtered system info View -->
                <VBox>
                    <MessageStrip id="MessageStripPreventativeCard" text="{path: 'selectingInfo>/text'}" showIcon="false"
                                  showCloseButton="false"
                                  class="sapMeCardInformation" type="Information"
                                  enableFormattedText="true"
                                  enabled="true"
                                  visible="{path: 'selectingInfo>/isShow'}"/>
                </VBox>
                <!-- Panel Table View -->
                <VBox visible="{= %{selectingInfo>/currentViewStatus} === 'normal'}">
                    <List
                        id="sapMePreventativeList"
                        class="sap4MePreventativeKBACardPanelList"
                        items="{kbaNotesDisplayList>/allList}"
                    >
                        <items>
                            <CustomListItem>
                                <Panel
                                    expandable="true"
                                    headerText="{= ${kbaNotesDisplayList>name} + '  (' + ${kbaNotesDisplayList>count} + ')'}"
                                    backgroundDesign="Transparent"
                                    class="sap4MePreventativeKBACardPanelItem">
                                        <content>
                                            <cards:Table
                                                columnsDefinition="[
                                                {'propertyName': 'kmnumber', 'label': '{$this.i18n>system_specific_notes_card_table_number}', 'width': '5rem', 'hAlign': 'Left', 'minScreenWidth': 'Phone'},
                                                {'propertyName': 'title', 'label': '{$this.i18n>system_specific_notes_card_table_title}', 'width': '6rem', 'hAlign': 'Left', 'minScreenWidth': 'Phone'},
                                                {'propertyName': 'pred_type', 'label': '{$this.i18n>system_specific_notes_card_table_type}', 'width': '5rem', 'hAlign': 'Left', 'minScreenWidth': 'Phone'},
                                                {'propertyName': 'category', 'label': '{$this.i18n>system_specific_notes_card_table_category}', 'width': '6rem', 'hAlign': 'Left', 'minScreenWidth': 'Desktop', 'demandPopin': true, 'popinDisplay': 'Inline'},
                                                {'propertyName': 'software_product', 'label': '{$this.i18n>system_specific_notes_card_table_software_product}', 'visible': '{selectingInfo>/softwareProductVisible}', 'width': '7rem', 'hAlign': 'Left', 'minScreenWidth': 'Desktop', 'demandPopin': true, 'popinDisplay': 'Inline'},
                                                {'propertyName': 'component', 'label': '{$this.i18n>system_specific_notes_card_table_component}', 'width': '5rem', 'hAlign': 'Left', 'minScreenWidth': 'Desktop', 'demandPopin': true, 'popinDisplay': 'Inline'},
                                                {'propertyName': 'systemName', 'label': '{$this.i18n>system_specific_notes_card_table_system}', 'width': '5rem', 'hAlign': 'Left', 'minScreenWidth': 'Desktop', 'demandPopin': true, 'popinDisplay': 'Inline'},
                                                {'propertyName': 'alert_date', 'label': '{$this.i18n>system_specific_notes_card_table_alert_date}', 'width': '5rem', 'hAlign': 'Left', 'minScreenWidth': 'Desktop', 'demandPopin': true, 'popinDisplay': 'Inline'},
                                                {'propertyName': '', 'label': '', 'width': '5rem', 'hAlign': 'Left', 'minScreenWidth': 'Desktop', 'demandPopin': true, 'popinDisplay': 'Inline'}
                                            ]"
                                                items="{path:'kbaNotesDisplayList>notesItems', templateShareable:true}"
                                            >
                                                <cards:items>
                                                    <ColumnListItem>
                                                        <cells>
                                                            <Link text="{kbaNotesDisplayList>kmnumber}"
                                                                  href="{kbaNotesDisplayList>url}"
                                                                  press="._onClickNumber"
                                                                  target="_blank"/>
                                                            <Text text="{kbaNotesDisplayList>title}"/>
                                                            <HBox class="sapMeNotesTypeBox">
                                                                <ObjectStatus
                                                                    visible="{ path: 'kbaNotesDisplayList>pred_type'
                                                                , targetType : 'any'
                                                                , formatter: '._setTypeCriticalStyle'
                                                                }"
                                                                    text="{$this.i18n>system_specific_notes_card_type_critical}"
                                                                    active="false"
                                                                    inverted="true"
                                                                    state="Error"
                                                                    class="sapUiTinyMargin"
                                                                />
                                                                <ObjectStatus
                                                                    visible="{ path: 'kbaNotesDisplayList>pred_type'
                                                                , targetType : 'any'
                                                                , formatter: '._setTypeHotStyle'
                                                                }"
                                                                    text="{$this.i18n>system_specific_notes_card_type_hot}"
                                                                    active="false"
                                                                    inverted="true"
                                                                    state="Error"
                                                                    class="sapUiTinyMargin"
                                                                />
                                                                <ObjectStatus
                                                                    visible="{ path: 'kbaNotesDisplayList>pred_type'
                                                                , targetType : 'any'
                                                                , formatter: '._setTypeTrendingStyle'
                                                                }"
                                                                    text="{$this.i18n>system_specific_notes_card_type_trending}"
                                                                    inverted="true"
                                                                    active="false"
                                                                    state="Information"
                                                                    class="sapUiTinyMargin"
                                                                />
                                                                <ObjectStatus
                                                                    visible="{ path: 'kbaNotesDisplayList>pred_type'
                                                                , targetType : 'any'
                                                                , formatter: '._setTypePreventativeStyle'
                                                                }"
                                                                    text="{$this.i18n>system_specific_notes_card_type_preventative}"
                                                                    inverted="true"
                                                                    active="false"
                                                                    state="Success"
                                                                    class="sapUiTinyMargin"
                                                                />
                                                            </HBox>
                                                            <Text text="{kbaNotesDisplayList>category}"/>
                                                            <Text text="{kbaNotesDisplayList>software_product/name}"/>
                                                            <Text text="{kbaNotesDisplayList>component}"/>
                                                            <VBox>
                                                                <Text text="{kbaNotesDisplayList>systemName}"/>
                                                                <Link text="{kbaNotesDisplayList>systemDisplayNum}"
                                                                      href="{path: 'kbaNotesDisplayList>systemFullNum', formatter: '._onClickSystemNumber'}"
                                                                      target="_blank"/>
                                                            </VBox>
                                                            <Text
                                                                text="{path: 'kbaNotesDisplayList>alert_date', formatter: '.formatter.mediumDateFromDateNumberAndString'}"/>
                                                            <HBox class="sapUiSmallMargin sapSpecificCardthumbButton">
                                                                <Button type="Default"
                                                                        icon="{path: 'kbaNotesDisplayList>feedback_score', formatter: '._processThumbUpIcon'}"
                                                                        tooltip='{$this.i18n>system_specific_notes_card_thumbs_up}'
                                                                        press="_onThumbButton($event, 'up')"
                                                                        class='sapUiTinyMarginBeginEnd'/>
                                                                <Button type="Default"
                                                                        icon="{path: 'kbaNotesDisplayList>feedback_score', formatter: '._processThumbDownIcon'}"
                                                                        tooltip='{$this.i18n>system_specific_notes_card_thumbs_down}'
                                                                        press="_onThumbButton($event, 'down')"/>
                                                            </HBox>
                                                        </cells>
                                                    </ColumnListItem>
                                                </cards:items>
                                                <cards:noData>
                                                    <FormattedText htmlText="{kbaNotesDisplayList>noDataText}"/>
                                                </cards:noData>
                                            </cards:Table>
                                            <VBox width="100%" alignItems="Center">
                                                <Button class="sapUiSizeCompact"
                                                        text="{kbaNotesDisplayList>buttonText}"
                                                        type="Transparent" visible="{kbaNotesDisplayList>isShowButton}"
                                                        press="onTableButtonPress($event, ${kbaNotesDisplayList>buttonText})"/>
                                            </VBox>
                                        </content>
                                    </Panel>
                            </CustomListItem>
                        </items>
                    </List>
                </VBox>
                <!-- No Data View -->
                <FlexBox visible="{= %{selectingInfo>/currentViewStatus} === 'noSearchData'}" alignItems="Center" justifyContent="Center" class="sapMeCardStateNoData sapMeNoDataContent">
                    <IllustratedMessage
                        title="{$this.i18n>noData_noSearchDataSubTitle}"
                        description="{$this.i18n>noData_noDataSubTitle}"
                        illustrationSize="Auto"
                        illustrationType="sapIllus-SearchFolder" />
                </FlexBox>

                <!-- Error message View -->
                <VBox visible="{= %{selectingInfo>/currentViewStatus} === 'errorMessage'}" alignItems="Center" justifyContent="Center" class="sapMeCardStateNoData sapMeNoDataContent">
                    <IllustratedMessage
                        title="{$this.i18n>system_specific_notes_card_service_error_title}"
                        description="{$this.i18n>system_specific_notes_card_service_error_subTitle}"
                        illustrationSize="Auto"
                        illustrationType="sapIllus-SimpleError" />
                    <Button press="fetchNotesWithProcessing" type="Transparent" text="{$this.i18n>noData_noSrDataReload}" />
                </VBox>
            </VBox>
        </cards:content>
    </cards:Card>
</core:FragmentDefinition>
