<core:FragmentDefinition xmlns="sap.m" xmlns:core="sap.ui.core" xmlns:f="sap.f"
                         xmlns:cards="sap.me.cards">
    <cards:CardBase id="reportCaseCard" height="100%" class="sapMeFastAccessCard sapMeCardsInteractive">
        <FlexBox width="100%" height="100%" direction="Column" alignItems="Start" >
            <items>
                <f:Avatar src="sap-icon://quality-issue" initials="" displayShape="Square" class="sapMeAvatar" />
                <Title text="{$this.i18n>reportAnIssue_title}" wrapping="true" class="sapMeFastAccessCardTitle" />
            </items>
        </FlexBox>
    </cards:CardBase>
</core:FragmentDefinition>
