<core:FragmentDefinition xmlns="sap.m" xmlns:core="sap.ui.core" xmlns:f="sap.f"
                        xmlns:cards="sap.me.cards">
    <cards:CardBase height="100%" class="sapMeFastAccessCard sapMeCardsInteractive">
        <HBox>
            <FlexBox id="sapMeRequestExtendedSupportEntranceCard" width="100%" height="100%" direction="Column" alignItems="Start">
                <items>
                    <f:Avatar src="sap-icon://request" initials="" displayShape="Square" class="sapMeAvatar" />
                    <Title text="{$this.i18n>requestExtendedSupport_title}" wrapping="true" class="sapMeFastAccessCardTitle" />
                    <Text text="{$this.i18n>requestExtendedSupport_desc}" maxLines="5" class="sapMeFastAccessCardText" />
                </items>
            </FlexBox>
        </HBox>
    </cards:CardBase>
</core:FragmentDefinition>
