<core:FragmentDefinition
    xmlns="sap.m"
    xmlns:cards="sap.me.cards"
    xmlns:core="sap.ui.core"
    xmlns:f="sap.f"
    xmlns:layout="sap.ui.layout">
    <cards:CardBase height="100%"
     class="sapMeFastAccessCard sapMeCardsInteractive"
     visible="{= ${$this.serviceCatalogCard>/serviceCatalogCardVisible} === true  ? true : false }"
     >
        <FlexBox width="100%" height="100%" direction="Column" alignItems="Start" >
            <items>
                <f:Avatar src="{$this>/icon}" initials="{$this>/initials}" displayShape="Square" class="sapMeAvatar" />
                <Title text="{$this.i18n>serviceCatalogTitle}" wrapping="true" class="sapMeFastAccessCardTitle" />
                <Text text="{$this.i18n>serviceCatalogDescription}" maxLines="3" class="sapMeFastAccessCardText" />
            </items>
        </FlexBox>
    </cards:CardBase>
</core:FragmentDefinition>
