<core:FragmentDefinition
    xmlns="sap.m"
    xmlns:core="sap.ui.core"
    xmlns:cards="sap.me.cards"
>
    <cards:TableCard
        description="This is Service Delivery Status Card"
        supportsFullScreen="true"
        exportVisible="true"
        growing="true"
        showRowCount="true"
        growingThreshold="10"
        columnsDefinition="[
            {'propertyName': 'engagement', 'label': '{$this.i18n>serviceDeliveryCard_engagement}', 'width': '6rem', 'hAlign': 'Left', 'minScreenWidth': 'Phone'},
            {'propertyName': 'service', 'label': '{$this.i18n>serviceDeliveryCard_service}', 'width': '5rem', 'hAlign': 'Left', 'minScreenWidth': 'Phone'},
            {'propertyName': 'initiativeProjectDesc', 'label': '{$this.i18n>serviceDeliveryCard_initiativeProjectDesc}', 'width': '7rem', 'hAlign': 'Left', 'minScreenWidth': 'Phone'},
            {'propertyName': 'id', 'label': '{$this.i18n>serviceDeliveryCard_id}', 'width': '7rem', 'hAlign': 'Left', 'minScreenWidth': 'Desktop', 'demandPopin': true, 'popinDisplay': 'Inline'},
            {'propertyName': 'contact', 'label': '{$this.i18n>serviceDeliveryCard_contact}', 'width': '5rem', 'hAlign': 'Left', 'minScreenWidth': 'Desktop', 'demandPopin': true, 'popinDisplay': 'Inline'},
            {'propertyName': 'solutionProduct', 'label': '{$this.i18n>serviceDeliveryCard_solutionProduct}', 'width': '7rem', 'hAlign': 'Left', 'minScreenWidth': 'Desktop', 'demandPopin': true, 'popinDisplay': 'Inline'},
            {'propertyName': 'implPartner', 'label': '{$this.i18n>serviceDeliveryCard_implPartner}', 'width': '7rem', 'hAlign': 'Left', 'minScreenWidth': 'Desktop', 'demandPopin': true, 'popinDisplay': 'Inline'},
            {'propertyName': 'status', 'label': '{$this.i18n>serviceDeliveryCard_status}', 'width': '7rem', 'hAlign': 'Left', 'minScreenWidth': 'Desktop', 'demandPopin': true, 'popinDisplay': 'Inline'},
            {'propertyName': 'startDate', 'label': '{$this.i18n>serviceDeliveryCard_startDate}', 'width': '6rem', 'hAlign': 'Left', 'minScreenWidth': 'Desktop', 'demandPopin': true, 'popinDisplay': 'Inline'},
            {'propertyName': 'endDate', 'label': '{$this.i18n>serviceDeliveryCard_endDate}', 'width': '5rem', 'hAlign': 'Left', 'minScreenWidth': 'Desktop', 'demandPopin': true, 'popinDisplay': 'Inline'},
            {'propertyName': 'goLiveDate', 'label': '{$this.i18n>serviceDeliveryCard_goLiveDate}', 'width': '6rem', 'hAlign': 'Center', 'minScreenWidth': 'Desktop', 'demandPopin': true, 'popinDisplay': 'Inline'}
        ]"
        items="{path:'$this.odata>/ServiceDeliveryStatusCard', templateShareable:true}"
    >
        <cards:items>
            <ColumnListItem>
                <cells>
                    <Text text="{$this.odata>engagement}"/>
                    <Link text="{$this.odata>service}"/>
                    <Text text="{$this.odata>initiativeProjectDesc}"/>
                    <Text text="{$this.odata>id}"/>
                    <Text text="{$this.odata>contact}"/>
                    <Text text="{$this.odata>solutionProduct}"/>
                    <Text text="{$this.odata>implPartner}"/>
                    <Text text="{$this.odata>status}"/>
                    <Text text="{$this.odata>startDate}"/>
                    <Text text="{$this.odata>endDate}"/>
                    <Text text="{$this.odata>goLiveDate}"/>
                </cells>
            </ColumnListItem>
        </cards:items>
        <cards:headerContentLeft>
            <Label text="{$this.i18n>caseCustomerTitle}" class="sapUiTinyMarginTop"/>
            <Select
                width='10%'
                selectedKey="111"
            >
                <core:Item key="111" text="1193234"/>
            </Select>
        </cards:headerContentLeft>
        <cards:headerContentRight>
            <SearchField width="10%" enabled="true" placeholder="Search"/>
        </cards:headerContentRight>
    </cards:TableCard>
</core:FragmentDefinition>
