<core:FragmentDefinition xmlns="sap.m" xmlns:core="sap.ui.core" xmlns:f="sap.f"
                         xmlns:cards="sap.me.cards" xmlns:viz="sap.viz.ui5.controls" xmlns:viz.data="sap.viz.ui5.data"
                         xmlns:viz.feeds="sap.viz.ui5.controls.common.feeds"
                         xmlns:html="http://www.w3.org/1999/xhtml"
                         xmlns:template="http://schemas.sap.com/sapui5/extension/sap.ui.core.template/1" height="100%"
                         core:require="{
      vizlib: 'sap/viz/library'
    }" xmlns:cd="sap.ui.core.CustomData">
    <cards:TableCard
        id="ServicesRequestsCard"
        class="sapMeServicesRequestsCard"
        description="{$this.i18n>services_requests}"
        supportsFullScreen="true"
        growing="true"
        growingThreshold="10"
        showRowCount="true"
        privacyStatementVisible="true"
        exportVisible="true"
        columnsDefinition="[
            {'propertyName': 'id', 'label': '{$this.i18n>servicesRequests_ID}', 'width': '6rem', 'hAlign': 'Left', 'minScreenWidth': 'Phone'},
            {'propertyName': 'area', 'label': '{$this.i18n>servicesRequests_Area}', 'width': '5rem', 'hAlign': 'Left', 'minScreenWidth': 'Phone'},
            {'propertyName': 'entity', 'label': '{$this.i18n>servicesRequests_Entity}', 'width': '7rem', 'hAlign': 'Left', 'minScreenWidth': 'Phone'},
            {'propertyName': 'title', 'label': '{$this.i18n>servicesRequests_Title}', 'width': '7rem', 'hAlign': 'Left', 'minScreenWidth': 'Desktop', 'demandPopin': true, 'popinDisplay': 'Inline'},
            {'propertyName': 'status', 'label': '{$this.i18n>servicesRequests_Status}', 'width': '5rem', 'hAlign': 'Left', 'minScreenWidth': 'Desktop', 'demandPopin': true, 'popinDisplay': 'Inline'},
            {'propertyName': 'createdOnISO', 'label': '{$this.i18n>servicesRequests_CreatedAt}', 'width': '7rem', 'hAlign': 'Left', 'minScreenWidth': 'Desktop', 'demandPopin': true, 'popinDisplay': 'Inline','dataType': 'Edm.DateTimeOffset'},
            {'propertyName': 'createdBy', 'label': '{$this.i18n>servicesRequests_CreatedBy}', 'width': '7rem', 'hAlign': 'Left', 'minScreenWidth': 'Desktop', 'demandPopin': true, 'popinDisplay': 'Inline'},
            {'propertyName': 'requestFor', 'label': '{$this.i18n>servicesRequests_RequestedFor}', 'width': '7rem', 'hAlign': 'Left', 'minScreenWidth': 'Desktop', 'demandPopin': true, 'popinDisplay': 'Inline'},
            {'propertyName': 'startsAtISO', 'label': '{$this.i18n>servicesRequests_ExecutionDate}', 'width': '6rem', 'hAlign': 'Left', 'minScreenWidth': 'Desktop', 'demandPopin': true, 'popinDisplay': 'Inline','dataType': 'Edm.DateTimeOffset'},
            {'propertyName': 'type', 'label': '{$this.i18n>servicesRequests_Category}', 'width': '5rem', 'hAlign': 'Left', 'minScreenWidth': 'Desktop', 'demandPopin': true, 'popinDisplay': 'Inline'},
            {'propertyName': 'chargeableService', 'label': '{$this.i18n>servicesRequests_Chargeable}', 'width': '6rem', 'hAlign': 'Center', 'minScreenWidth': 'Desktop', 'demandPopin': true, 'popinDisplay': 'Inline'}
            {'propertyName': 'hasPassword', 'label': '', 'width': '3.5rem', 'hAlign': 'Center', 'minScreenWidth': 'Desktop', 'demandPopin': true, 'popinDisplay': 'Inline'}
        ]"
        items="{path:'$this.odata>/ServiceRequest', filters: [{path: 'isOpen', operator: 'EQ', value1: true }], sorter:[{ path: 'createdOnISO', descending: true }], templateShareable:true}">
        <cards:items>
            <ColumnListItem>
                <cells>
                    <Link text="{$this.odata>id}" tooltip="{$this.odata>id}"
                          href="{parts: [{path: '$this.odata>sysId', targetType: 'any'},
                              {path: '$this.odata>isClassic', targetType: 'any'}], formatter: '._getServiceRequestDetails'}"
                          target="_blank"/>
                    <Text text="{$this.odata>area}"/>
                    <Text text="{$this.odata>entity}"/>
                    <Text text="{$this.odata>title}"/>
                    <VBox>
                        <Text visible="{= !${$this.odata>isClassic}}" text="{$this.odata>status}"/>
                        <Text visible="{$this.odata>isClassic}" text="{$this.odata>status}"
                              tooltip="{path: '$this.odata>status', formatter: '._formatClassicStatusTooltip'}"/>
                    </VBox>
                    <Text
                        text="{path: '$this.odata>createdOnISO', formatter: '.formatter.mediumDateFromDateNumberAndString'}"/>
                    <Text text="{parts: [{path: '$this.odata>createdBy', targetType: 'any'},
                              {path: '$this.odata>createdByUserName', targetType: 'any'}], formatter: '._formatCreatedBy'}"/>
                    <Text text="{parts: [{path: '$this.odata>requestFor', targetType: 'any'}, {path: '$this.odata>createdBy', targetType: 'any'},
                              {path: '$this.odata>createdByUserName', targetType: 'any'}], formatter: '._formatRequestFor'}"/>
                    <Text
                        text="{path: '$this.odata>startsAtISO', formatter: '.formatter.mediumDateFromDateNumberAndString'}"/>
                    <Text text="{$this.odata>topic}"/>
                    <ObjectStatus
                        text="{path: '$this.odata>chargeableService', formatter: '._formatChargeableText'}"
                        visible="{= %{$this.odata>chargeableService} === 'CHARGEABLE' ? true : false }"
                        inverted="true"
                        state="{path: '$this.odata>chargeableService', formatter: '._formatChargeableState'}"
                        class="sapMeServicesRequestChargeableState sapUiSmallMarginEnd"/>
                    <Button
                        icon="sap-icon://shield"
                        tooltip="{= ${$this.odata>hasPassword} === true ? ' ' : ${$this.i18n>servicesRequests_PasswordNotAvailable} }"
                        ariaHasPopup="Dialog"
                        class="sapMeServicesRequestPasswordButton sapUiSmallMarginBegin"
                        press="_onOpenPasswordSharing"
                        visible="{= !%{$this.odata>isClassic}}"
                        enabled="{= ${$this.odata>hasPassword} === true ? true : false }"/>
                </cells>
            </ColumnListItem>
        </cards:items>
        <cards:headerContentLeft>
            <HBox alignItems="Center">
                <HBox alignItems="Center">
                    <SegmentedButton id="servicesRequestsTypeButton" selectedKey="AllServicesRequests"
                                     selectionChange="_onChoseServiceRequestType"
                                     class="sapUiSmallMarginEnd sapMeComboBox"
                                     enabled="{= !!%{isCanFilter>/enabled}}">
                        <items>
                            <SegmentedButtonItem key="AllServicesRequests"
                                                 text="{$this.i18n>servicesRequests_AllServicesRequests}"/>
                            <SegmentedButtonItem key="MyServicesRequests"
                                                 text="{$this.i18n>servicesRequests_MyServicesRequests}"/>
                        </items>
                    </SegmentedButton>
                </HBox>
                <HBox class="serviceRequestFlexWrap">
                    <HBox alignItems="Center">
                        <Title text="{$this.i18n>areaSelectText}" level="H6" titleStyle="H6"
                               class="sapUiTinyMarginEnd"></Title>
                        <MultiComboBox id="serviceRequestByAreaFilterSelect" width="85%"
                                       selectionChange="onAreaChange"
                                       showSelectAll="true"
                                       class="sapMeSelect"
                                       items="{path: '$this.odata>/EventAreaFilter'}"
                                       enabled="{= !!%{isCanFilter>/enabled}}">
                            <core:Item key="{$this.odata>keyValue}"
                                       text="{$this.odata>textValue}"/>
                        </MultiComboBox>
                    </HBox>
                    <HBox alignItems="Center">
                        <Title text="{$this.i18n>statusSelectText}" level="H6" titleStyle="H6"
                               class="sapUiTinyMarginEnd"></Title>
                        <MultiComboBox id="serviceRequestByStatusFilterSelect" width="85%"
                                       selectionChange="onStatusChange"
                                       showSelectAll="true"
                                       class="sapMeSelect"
                                       items="{path: '$this.odata>/EventCardStatusFilter'}"
                                       enabled="{= !!%{isCanFilter>/enabled}}">
                            <core:Item key="{$this.odata>keyValue}"
                                       text="{$this.odata>textValue}"/>
                        </MultiComboBox>
                    </HBox>
                </HBox>
            </HBox>
        </cards:headerContentLeft>
        <cards:headerContentRight>
            <HBox class="serviceRequestFlexWrap" alignContent="Start" alignItems="Center">
                <HBox>
                    <SearchField id="searchServiceRequest" width="100%" search="onFilterServiceRequest"
                                 enabled="{= !!%{isCanFilter>/enabled}}"/>
                </HBox>
                <Button id="createServiceRequestButton"
                        text="{$this.i18n>servicesRequests_createNewServicesRequests}"
                        icon="sap-icon://write-new-document" press="_openCreateServiceRequestDialog"
                        enabled="{= !!%{isCanCreate>/enabled}}"
                        tooltip="{= %{isCanCreate>/enabled} ? '' : %{$this.i18n>noPermission_creatServiceReq}}"
                        class="sapUiSmallMarginBegin"
                        visible="{=${device>/device/system/desktop}}"/>
                <Button id="closedServiceRequestButton" text="{$this.i18n>servicesRequests_closedServicesRequests}"
                        icon="sap-icon://inspect-down" press="_openClosedServiceRequestDialog"
                        enabled="{= !!%{isCanCreate>/enabled}}"
                        tooltip="{= %{isCanCreate>/enabled} ? %{$this.i18n>servicesRequests_ManageTooltip} : %{$this.i18n>noPermission_closedServiceReq}}"
                        class="sapUiSmallMarginBegin"
                        visible="{=${device>/device/system/desktop}}"/>
            </HBox>
        </cards:headerContentRight>
    </cards:TableCard>
</core:FragmentDefinition>
