<core:FragmentDefinition
    xmlns="sap.m"
    xmlns:core="sap.ui.core"
    xmlns:cards="sap.me.cards"
    xmlns:suite="sap.suite.ui.commons"
>
    <cards:Card
        class="sapMeServicesRequestsOverviewCard"
        description="{$this.i18n>service_request_overview_about}"
    >
        <cards:headerContentLeft>
        </cards:headerContentLeft>
        <cards:content>
            <VBox width="100%">
                <List
                    items="{$this.odata>/EventCardStatusFilter}"
                >
                    <ObjectListItem
                        class="sapMeServicesRequestsOverviewCardObjectListItem"
                        title="{$this.odata>keyValue}"
                        type="{path: '$this.odata>count', formatter: '.isCanClickStatusItem'}"
                        press="onStatusPressed"
                        number="{$this.odata>count}"
                        numberState="{= %{$this.odata>count} !== 0 ? 'Error' : 'Success'}"
                    />
                </List>
                <HBox class="sapMeServicesRequestsOverviewCardCreateButtonHBox">
                    <Button  text="{$this.i18n>servicesRequests_createNewServicesRequests}"
                        icon="sap-icon://write-new-document" press="_openCreateServiceRequestDialog"
                        enabled="{= !!%{isCanCreate>/enabled}}"
                        tooltip="{= %{isCanCreate>/enabled} ? '' : %{$this.i18n>noPermission_creatServiceReq}}"
                        class="sapUiSmallMarginBegin sapMeServicesRequestsOverviewCardCreateButton"
                        type="Emphasized"
                        visible="{=${device>/device/system/desktop}}"/>
                </HBox>
            </VBox>
        </cards:content>
    </cards:Card>
</core:FragmentDefinition>
