<core:FragmentDefinition
    xmlns="sap.m"
    xmlns:core="sap.ui.core"
    xmlns:cards="sap.me.cards"
    xmlns:f="sap.f"
>
    <cards:TableCard
        class="sapMeSupportNews"
        growing="{$this>/growing}"
        growingThreshold="{$this>/growingThreshold}"
        columnsDefinition="[
            {'propertyName': 'news', 'label': 'news','width': '25%', 'hAlign': 'Left', 'minScreenWidth': 'Tablet', 'demandPopin': true, 'popinDisplay': 'Inline'},
        ]"
        items="{
            templateShareable: false,
            path:'SupportNews>/data'
        }"
    >
        <cards:headerContentLeft>
            <HBox renderType="Bare" width="100%">
                <f:Avatar src="sap-icon://feed" initials="{$this>/initials}" displayShape="Square" class="sapMeAvatar"/>
                <VBox>
                    <Text text="{$this.i18n>support_news_title}" class="sapMeSupportNews-headText"/>
                    <FormattedText htmlText="{$this.i18n>support_news_subTitle}"/>
                </VBox>
            </HBox>
        </cards:headerContentLeft>

        <cards:items>
            <ColumnListItem>
                <cells>
                    <VBox>
                        <Link text="{SupportNews>title}"
                              href="{SupportNews>link}"
                              target="_blank"
                              tooltip="{SupportNews>title}"
                              press="_onPressNewsLink"
                              class="sapMeSupportNews-newsLink-unClick"
                        />
                        <FormattedText
                            class="sapMeSupportNews-excerpt"
                            htmlText="{SupportNews>excerpt}"
                        />
                        <Text text="{parts: ['SupportNews>date'], formatter: '.formatter.dateFormat'}"
                              class="sapMeSupportNews-category"
                        />
                    </VBox>
                </cells>
            </ColumnListItem>
        </cards:items>
    </cards:TableCard>
</core:FragmentDefinition>
