<core:FragmentDefinition
    xmlns="sap.m"
    xmlns:cards="sap.me.cards"
    xmlns:core="sap.ui.core"
    xmlns:f="sap.f"
    xmlns:layout="sap.ui.layout">

    <cards:TableCard
        class="sapMeSupportEngagement"
        growing="{$this>/growing}"
        growingThreshold="{$this>/growingThreshold}"
        showRowCount="{$this>/showRowCount}"
        columnsDefinition="[
                        {'propertyName': 'ContractDesc', 'label': 'ContractDesc', 'width': '33%', 'hAlign': 'Left', 'minScreenWidth': 'Phone'},
                        {'propertyName': 'Status', 'label': 'Status', 'width': '33%', 'hAlign': 'Left', 'minScreenWidth': 'Phone'},
                        {'propertyName': 'Details', 'label': 'Details', 'width': '33%', 'hAlign': 'Right', 'minScreenWidth': 'Phone'}
                    ]"
        items="{path:'$this.odata>/'}"
        updateFinished="onUpdateFinished">
        <cards:items>
            <cards:ColumnListItem class="sapMeSupportEngagementListItem" visible="{$this.odata>Visible}">
                <FlexBox wrap="Wrap" direction="{= %{device>/device/system/phone} ? 'Column' : 'Row' }" class="sapMeMobileSupportEngagementHeader">
                    <VBox>
                        <Text text="{$this.odata>ContractDesc}" class="sapMeTitleSupportEngagementCard">
                            <customData>
                                <core:CustomData key="Color-Active" value="{= ${$this.odata>Active} === true  ? 'active' : 'inactive' }" writeToDom="true" />
                            </customData>
                        </Text>
                    </VBox>
                </FlexBox>
                <VBox alignItems="Start">
                    <ObjectStatus text="{path: '$this.odata>Active', formatter: '._getSupportEngagementStateText'}" state="{path: '$this.odata>Active', formatter: '._getSupportEngagementState'}" class="sapMeIndicatorWithBorder" >
                        <layoutData>
                            <FlexItemData growFactor="1" />
                        </layoutData>
                    </ObjectStatus>
                </VBox>
                <HBox justifyContent="End" class="sapMeCardSupportEngagementMargin">
                    <Button text="{$this.i18n>details_button}" type="Default" press="onPressDetails" class="sapMeIndicatorWithBorder"/>
                </HBox>
            </cards:ColumnListItem>
        </cards:items>
        <cards:headerContentLeft>
            <HBox alignItems="Center">
                <Title text="{$this.i18n>supportEngagementsCard_Title}" class="sapMeSupportEngagementTitleCard"/>
            </HBox>
        </cards:headerContentLeft>
    </cards:TableCard>
</core:FragmentDefinition>
