<core:FragmentDefinition
    xmlns="sap.m"
    xmlns:u="sap.ui.unified"
    xmlns:dnd="sap.ui.core.dnd"
    xmlns:core="sap.ui.core">
    <Dialog title="{$this.i18n>attachments_add_attachments}" class="sapMeAttachmentsDialog sapUiSizeCompact" contentWidth="70%" verticalScrolling="false">
        <content>
            <VBox width="100%" class="sapUiSmallMarginBottom" visible="{$this.dialogData>/isChooseFileView}">
                <MessageStrip
                    class="sapUiSmallMargin"
                    type="None"
                    showCloseButton="true"
                    showIcon="false"
                    text="{$this.i18n>attachments_add_attachments_notice}" />
                <dragDropConfig>
                    <dnd:DropInfo drop="onDropFile" />
                </dragDropConfig>
                <FlexBox direction="Column" justifyContent="Center" alignItems="Center" class="sapUiSmallMargin sapMeAttachmentsDialogUploader">
                    <Text class="sapUiTinyMarginTopBottom" text="{$this.i18n>attachments_add_attachments_dropFile_description}" />
                    <Text class="sapUiTinyMarginTopBottom" text="{$this.i18n>attachments_add_attachments_or}" />
                    <u:FileUploader
                        class="sapUiTinyMarginTopBottom"
                        buttonOnly="true"
                        buttonText="{$this.i18n>attachments_add_attachments_choose_file}"
                        multiple="true"
                        fileType="{$this.dialogData>/fileType}"
                        maximumFileSize="{$this.dialogData>/maximumFileSize}"
                        value="{$this.dialogData>/filePath}"
                        fileSizeExceed="onTypeOrSizeError"
                        typeMissmatch="onTypeOrSizeError"
                        change="onAttachmentChange" />
                </FlexBox>
                <FormattedText class="sapUiSmallMarginBeginEnd sapUiTinyMarginTopBottom" htmlText="{$this.i18n>attachments_add_attachments_file_type_note}" />
                <Text class="sapUiSmallMarginBeginEnd sapUiTinyMarginTopBottom" text="{$this.i18n>attachments_add_attachments_tip2}" />
            </VBox>
            <ScrollContainer
                vertical="true"
                horizontal="false"
                width="100%"
                height="16rem"
                visible="{= !%{$this.dialogData>/isChooseFileView}}"
            >
                <List
                    items="{ path: '$this.fileData>/attachmentList' }">
                    <CustomListItem>
                        <FlexBox width="100%" class="sapMeAttachmentsDialogFileList" justifyContent="SpaceBetween" alignItems="Center">
                            <HBox alignItems="Center">
                                <core:Icon
                                    class="sapUiTinyMarginEnd sapMeAttachmentsIcon"
                                    width="2.25rem"
                                    height="2.25rem"
                                    size="1.5rem"
                                    src="{
                                        parts: [{ path: '$this.fileData>fileType' }, { path: '$this.dialogData>/icon/src' }],
                                        formatter: '.formatter.formatAttachmentIcon'
                                    }"
                                />
                                <VBox>
                                    <Text maxLines="1" width="12rem" text="{$this.fileData>name}" />
                                    <HBox>
                                        <core:Icon
                                            src="sap-icon://error"
                                            visible="{= %{$this.fileData>fileStatus} === 'failed' ? true : false }"
                                            alt="failed"
                                            size="0.8rem"
                                            color="#BB0000"
                                            class="sapUiTinyMarginEnd"
                                        />
                                        <Text class="sapMeAttachmentsDialogFileName" text="{$this.fileData>size}" />
                                    </HBox>
                                </VBox>
                            </HBox>
                            <HBox class="sapMeAttachmentsDialogTextarea">
                                <TextArea
                                    width="100%"
                                    valueLiveUpdate="true"
                                    value="{$this.fileData>description}"
                                    placeholder="{$this.i18n>attachments_add_attachments_add_description}"
                                />
                            </HBox>
                            <VBox justifyContent="Center">
                                <CheckBox
                                    class="sapMeAttachmentsDialogCheckbox"
                                    selected="{$this.fileData>pcdChecked}"
                                    text="{$this.i18n>attachments_add_attachments_PCD}"
                                />
                                <CheckBox
                                    visible="{
                                        parts: [{ path: '$this.dialogData>/overruleAuth' }, { path: '$this.dialogData>/dataProtection' }, { path: '$this.dialogData>/eudpType' }],
                                        formatter: '.isDataProcessingCheckboxDisplay'
                                    }"
                                    class="sapMeAttachmentsDialogCheckbox"
                                    enabled="{$this.fileData>pcdChecked}"
                                    selected="{$this.fileData>euDataChecked}"
                                    text="{$this.i18n>case_discussion_eu_dataProcessing}"
                                />
                                <CheckBox
                                    class="sapMeAttachmentsDialogCheckbox"
                                    enabled="{$this.fileData>pcdChecked}"
                                    selected="{$this.fileData>cnDataChecked}"
                                    text="{$this.i18n>case_discussion_cn_dataProcessing}"
                                    visible="{
                                            parts: [{ path: '$this.dialogData>/overruleAuth' }, { path: '$this.dialogData>/dataProtection' }, { path: '$this.dialogData>/cndpType' }],
                                            formatter: '.isDataProcessingCheckboxDisplay'
                                        }"
                                />
                            </VBox>
                            <VBox width="3rem" alignItems="Center">
                                <core:Icon
                                    visible="{path: '$this.fileData>analysisStatus', formatter: '.formatter.formatAnalysisBtnStatus'}"
                                    press="onAnalyzeFilePressed"
                                    class="sapUiTinyMargin sapMeAttachmentsDialogDeleteIcon"
                                    src="sap-icon://kpi-corporate-performance"
                                    tooltip="{$this.i18n>attachments_analyze}"
                                    color="{path: '$this.fileData>analysisStatus', formatter: '.formatter.formatAnalysisIconColor'}"
                                />
                            </VBox>
                            <VBox>
                                <core:Icon press="onDeleteFilePressed" class="sapUiTinyMargin sapMeAttachmentsDialogDeleteIcon" color="#0A6ED1" src="sap-icon://delete" />
                            </VBox>
                        </FlexBox>
                    </CustomListItem>
                </List>
                <dragDropConfig>
                    <dnd:DropInfo drop="onDropFile" />
                </dragDropConfig>
            </ScrollContainer>
            <FlexBox class="sapMeAttachmentsDialogFooter" direction="RowReverse" justifyContent="SpaceBetween">
                <HBox visible="{= !%{$this.dialogData>/isChooseFileView}}">
                    <Button
                        enabled="{
                            parts: [{ path: '$this.fileData>/analysisList/length' }, { path: '$this.fileData>/uploadPdfAttachments/length' }],
                            formatter: '.formatter.formatAnalysisAllBtnEnable'
                        }"
                        text="{$this.i18n>attachments_analyze_all}"
                        press="onAnalyzeFilePressed"
                        type="Emphasized"
                        class="sapUiSmallMarginEnd"
                    />
                    <Button
                        enabled="{= %{$this.fileData>/attachmentList/length} > 0}"
                        text="{$this.i18n>attachments_add_attachments_save_upload}"
                        press="onSaveUploadPressed"
                        type="Emphasized"
                        class="sapUiSmallMarginEnd"
                    />
                    <Button type="Emphasized" press="onCloseDialog" text="{$this.i18n>cancel}"/>
                </HBox>
                <u:FileUploader
                    class="sapMeAttachmentsDialogAddNew"
                    buttonOnly="true"
                    buttonText="{$this.i18n>attachments_add_attachments_add_new}"
                    multiple="true"
                    maximumFileSize="{$this.dialogData>/maximumFileSize}"
                    fileSizeExceed="onTypeOrSizeError"
                    typeMissmatch="onTypeOrSizeError"
                    fileType="{$this.dialogData>/fileType}"
                    value="{$this.dialogData>/filePath}"
                    change="onAttachmentChange"
                    visible="{= !%{$this.dialogData>/isChooseFileView}}"
                />
                <Button visible="{= %{$this.dialogData>/isChooseFileView}}" type="Emphasized" press="onCloseDialog"
                        text="{$this.i18n>cancel}"/>
            </FlexBox>
        </content>
    </Dialog>
</core:FragmentDefinition>
