<core:FragmentDefinition
    xmlns="sap.m"
    xmlns:core="sap.ui.core"
>
    <Dialog
        title="{$this.i18n>AddContactDialog_title}"
        contentWidth="50%"
    >
        <IconTabBar headerMode="Inline" expandable="false" select="onTabBarChange" selectedKey="{$this.addDialogModel>/tabModel/selectedKey}">
            <items>
                <IconTabFilter text="{$this.i18n>AddContactDialog_recently_used_tab}" key="recentlyUsedContacts">
                    <List items="{$this.addDialogModel>/recentlyUsedContacts}" growing="true" growingThreshold="5" growingScrollToLoad="false">
                        <items>
                            <CustomListItem press="onRecentlyUsedContactSelected" type="Active">
                                <HBox>
                                <VBox>
                                    <Text class="sapMeCreationContactText sapMeCreationContactNameColor sapUiTinyMarginBegin sapUiTinyMarginTop" text="{$this.addDialogModel>contact}"/>
                                    <Text class="sapMeCreationContactText sapMeCreationContactUserIdColor sapUiTinyMarginBegin sapUiTinyMarginBottom" text="{$this.addDialogModel>email}" visible="{= !!%{$this.addDialogModel>email}}"/>
                                </VBox>
                                    <Label text="Default" tooltip="{$this.i18n>DefaultLabel_tooltip}" class="sapMeRecentlyDefaultContactTitle sapUiLargeMarginBegin sapUiSmallMarginTop" visible="{= ${$this.addDialogModel>default_recent_contact} === true  ? true : false}"/>
                                </HBox>
                            </CustomListItem>
                        </items>
                    </List>
                    <HBox>
                        <Switch customTextOn=" " customTextOff=" " change="onDefaultContactSelected" enabled="{$this.addDialogModel>/default_switch_enabled}" tooltip="{$this.i18n>DefaultSwitch_tooltip}"/>
                        <Label text="{$this.i18n>DefaultSwitch}" labelFor="defaultContactSwitch" class="sapUiSmallMarginTop"/>
                    </HBox>
                </IconTabFilter>
                <IconTabFilter text="{$this.i18n>AddContactDialog_new_contact_tab}" key="newContact">
                    <core:Fragment fragmentName="sap.me.support.fragments.AddContactFormDialog" type="XML" />
                    <HBox>
                        <Switch customTextOn=" " customTextOff=" " change="onDefaultContactSelected" enabled="{$this.addDialogModel>/default_switch_enabled}" tooltip="{$this.i18n>DefaultSwitch_tooltip}"/>
                        <Label text="{$this.i18n>DefaultSwitch}" labelFor="defaultContactSwitch" class="sapUiSmallMarginTop"/>
                    </HBox>
                </IconTabFilter>
            </items>
        </IconTabBar>
        <beginButton>
            <Button type="Emphasized" text="{$this.i18n>ok}" press="onNewContactAdd"
                    visible="{= ${$this.addDialogModel>/tabModel/selectedKey} === 'newContact'}"
                    enabled="{
                        parts:[
                            {path: '$this.addDialogModel>/newContactData/contact'}
                            , {path: '$this.addDialogModel>/newContactData/role'}
                            , {path: '$this.addDialogModel>/newContactIsCreating'}
                        ]
                        , formatter: '.formatIsAddDialogSubmitBtnEnable'
                    }"/>
        </beginButton>
        <endButton>
            <Button type="ghost" text="{$this.i18n>cancel}" press="cancel"/>
        </endButton>
    </Dialog>
</core:FragmentDefinition>
