<core:FragmentDefinition
    xmlns="sap.m"
    xmlns:f="sap.ui.layout.form"
    xmlns:core="sap.ui.core">
    <VBox width="100%">
        <MessageStrip
            text="{$this.i18n>AddContactForm_titleDescriprion}"
            showIcon="true"
            showCloseButton="true"
            class="sapUiTinyMarginBottom"/>
        <Label text="{$this.i18n>AddContactForm_nameInput}"/>
        <Input class="sapUiTinyMarginBottom" value="{$this.addDialogModel>/newContactData/contact}" change="onContactNameChanged"
               showValueHelp="true" valueHelpRequest="onValueHelpPressed" valueHelpOnly="false" />
        <Label text="{$this.i18n>AddContactForm_roleInput}"/>
        <Input class="sapUiTinyMarginBottom" value="{$this.addDialogModel>/newContactData/role}" change="onContactRoleChanged"
               valueState="{$this.addDialogModel>/newContactAttribute/roleInputValueState}" valueStateText="{$this.addDialogModel>/newContactAttribute/roleInputValueStateText}"/>
        <Label text="{$this.i18n>AddContactForm_primaryPhoneInput}"/>
        <Input class="sapUiTinyMarginBottom" value="{$this.addDialogModel>/newContactData/telephone}"
               editable="{$this.addDialogModel>/newContactAttribute/isAddDialogInputEditable}"/>
        <Label text="{$this.i18n>AddContactForm_secondaryPhoneInput}"/>
        <Input class="sapUiTinyMarginBottom" value="{$this.addDialogModel>/newContactData/mobile}"
               editable="{$this.addDialogModel>/newContactAttribute/isAddDialogInputEditable}"/>
        <Label text="{$this.i18n>AddContactForm_emailInput}"/>
        <Input class="sapUiTinyMarginBottom" value="{$this.addDialogModel>/newContactData/email}"
               editable="{$this.addDialogModel>/newContactAttribute/isAddDialogInputEditable}"/>
        <Label text="{$this.i18n>AddContactForm_timezoneInput}"/>
        <ComboBox items="{ path: '$this._oTimezones>/TimezoneCollection', length: 500 }"
                  selectedKey="{path: '$this.addDialogModel>/newContactData/timezone'}"
                  editable="{$this.addDialogModel>/newContactAttribute/isAddDialogInputEditable}"
                  width="100%">
            <core:ListItem
                key="{$this._oTimezones>IANATZONE}"
                text="{$this._oTimezones>IANATZONE}"/>
        </ComboBox>
    </VBox>
</core:FragmentDefinition>
