<core:FragmentDefinition
    xmlns="sap.m"
    xmlns:l="sap.ui.layout"
    xmlns:core="sap.ui.core">
    <Dialog class="sapMeAttachmentsDialog" contentWidth="50rem" contentHeight="50rem" verticalScrolling="false" showHeader="false">
        <content>
            <!-- analyze info page -->
            <Page title="{$this.i18n>case_form_sla_analysing_files_title}"
                class="sapUiContentPadding sapMDialogTitle"
                visible="{= !%{$this.fileAnalyzeAlerts>/fileAnalysisDetailVisible}}"
            >
                <content>
                    <VBox>
                        <MessageStrip text="{$this.i18n>case_form_sla_analysing_files_ready_to_attach}"
                                    type="Success"
                                    showIcon="true"
                                    visible="{= ${$this.fileAnalyzeAlerts>/fileAnalysisBusy} !== true &amp;&amp; ${$this.fileAnalyzeAlerts>/fileAnalysisAlertsPriorityCount/3} === true}"
                                    showCloseButton="true"
                                    class="sapUiTinyMarginBottom"
                                    enableFormattedText="true"
                        >
                        </MessageStrip>
                        <MessageStrip text="{$this.i18n>case_form_sla_analysing_files_no_alerts_found}"
                                    type="Warning"
                                    showIcon="true"
                                    visible="{= ${$this.fileAnalyzeAlerts>/fileAnalysisBusy} !== true &amp;&amp; ${$this.fileAnalyzeAlerts>/fileAnalysisAlertsPriorityCount/3} === false }"
                                    enableFormattedText="true"
                                    showCloseButton="true"
                                    class="sapUiTinyMarginBottom"
                        >
                        </MessageStrip>
                        <Label text="{$this.i18n>case_form_sla_analysing_files_currenlty_analysing}" wrapping="true" visible="{$this.fileAnalyzeAlerts>/fileAnalysisBusy}"/>
                        <Label text="{$this.fileAnalyzeAlerts>/fileProcessing}" wrapping="true" visible="{$this.fileAnalyzeAlerts>/fileAnalysisBusy}" class="sapUiSmallMarginTop"/>
                        <FlexBox justifyContent="Center" alignItems="Center" visible="{$this.fileAnalyzeAlerts>/fileAnalysisBusy}">
                            <BusyIndicator text="{$this.fileAnalyzeAlerts>/busyText}" class="sapUiSmallMarginTopBottom"/>
                        </FlexBox>
                        <!-- TODO: it should go to file detail page -->
                        <VBox visible="false">
                            <Link text="{$this.i18n>case_form_sla_analysing_mode_details}" visible="{= !!%{$this.fileAnalyzeAlerts>/fileAnalysisBusy}}" press="navigateToFiles"/>
                            <Link text="{$this.i18n>case_form_sla_analysing_view_files}" visible="{= !%{$this.fileAnalyzeAlerts>/fileAnalysisBusy}}" press="navigateToFiles"/>
                        </VBox>
                    </VBox>
                    <!-- alert part -->
                    <List class="sapUiTinyMarginTop"
                        items="{ path : '$this.fileAnalyzeAlerts>/alertList', sorter : { path : 'priority' } }"
                        noDataText="{$this.i18n>case_form_sla_analysing_no_alerts}"
                        visible="{= !!%{$this.fileAnalyzeAlerts>/fileAnalysisAlertsPriorityCount/3}}"
                        >
                        <items>
                            <CustomListItem type="{$this.fileAnalyzeAlerts>type}" press="showAnalysisDetail">
                                <HBox>
                                    <core:Icon size="1.5rem" src="{ path: '$this.fileAnalyzeAlerts>priority', formatter: '.formatter.formatFileAnalysisSolutionIcon'}"
                                        class="sapUiSmallMarginBegin sapUiSmallMarginTopBottom"
                                        color="{ path: '$this.fileAnalyzeAlerts>priority', formatter: '.formatter.formatFileAnalysisSolutionIconColor'}"/>
                                    <l:VerticalLayout width="100%" class="sapUiSmallMargin">
                                        <Title text="{$this.fileAnalyzeAlerts>title}" level="H5" titleStyle="H5" wrapping="true"/>
                                        <Label text="{$this.fileAnalyzeAlerts>filename}" wrapping="true"/>
                                        <Text text="{ path: '$this.fileAnalyzeAlerts>message', formatter: '.formatFileAnalysisMessageText'}" wrapping="true"/>
                                        <Text text="{$this.fileAnalyzeAlerts>solutionsText}" class="sapUiTinyMarginTop"/>
                                        <Link href="{$this.fileAnalyzeAlerts>solutionsLink}"
                                            visible="{= !!%{$this.fileAnalyzeAlerts>solutionsLink}}"
                                            target="_blank"
                                            rel="noopener noreferrer"
                                            text="{$this.i18n>case_form_sla_analysing_files_single_solution_5}{$this.fileAnalyzeAlerts>solutionsType}"
                                            press="trackSLASolutionClicked"
                                            class="sapUiTinyMarginTop"/>
                                    </l:VerticalLayout>
                                </HBox>
                            </CustomListItem>
                        </items>
                        <headerToolbar>
                            <OverflowToolbar width="100%">
                                <SegmentedButton selectedKey="" class="sapUiSmallMarginTopBottom">
                                    <items>
                                        <SegmentedButtonItem text="{$this.i18n>all}" key=""
                                            press="filterAlertList" visible="{$this.fileAnalyzeAlerts>/fileAnalysisAlertsPriorityCount/3}"/>
                                        <SegmentedButtonItem text="{$this.fileAnalyzeAlerts>/fileAnalysisAlertsPriorityCount/0}" key="1"
                                            class="sapUiTinyMargin" icon="sap-icon://message-error" press="filterAlertList"
                                            visible="{= (${$this.fileAnalyzeAlerts>/fileAnalysisAlertsPriorityCount/0} > 0)}"/>
                                        <SegmentedButtonItem text="{$this.fileAnalyzeAlerts>/fileAnalysisAlertsPriorityCount/1}" key="2"
                                            class="sapUiTinyMargin" icon="sap-icon://message-warning" press="filterAlertList"
                                            visible="{= (${$this.fileAnalyzeAlerts>/fileAnalysisAlertsPriorityCount/1} > 0)}"/>
                                        <SegmentedButtonItem text="{$this.fileAnalyzeAlerts>/fileAnalysisAlertsPriorityCount/2}" key="3"
                                            class="sapUiTinyMargin" icon="sap-icon://message-information" press="filterAlertList"
                                            visible="{= (${$this.fileAnalyzeAlerts>/fileAnalysisAlertsPriorityCount/2} > 0)}"/>
                                    </items>
                                </SegmentedButton>
                            </OverflowToolbar>
                        </headerToolbar>
                    </List>
                </content>
            </Page>
            <!-- alert detail page -->
            <Page title="{$this.i18n>case_form_sla_analysing_files_detail}"
                class="sapUiContentPadding sapMDialogTitle"
                visible="{= !!%{$this.fileAnalyzeAlerts>/fileAnalysisDetailVisible}}"
                showNavButton="true"
                navButtonPress="backToMainPage"
            >
                <content>
                    <HBox class="sapUiSmallMargin">
                        <items>
                            <core:Icon size="1.5rem" src="{ path: '$this.fileAnalyzeAlerts>priority', formatter: '.formatter.formatFileAnalysisSolutionIcon'}"
                                class="sapUiMediumMarginEnd" color="{ path: '$this.fileAnalyzeAlerts>priority', formatter: '.formatter.formatFileAnalysisSolutionIconColor'}"/>
                            <l:VerticalLayout width="100%">
                                <Label text="{$this.fileAnalyzeAlerts>title}" wrapping="true"/>
                                <Text text="{$this.fileAnalyzeAlerts>message}" wrapping="true"/>
                            </l:VerticalLayout>
                        </items>
                    </HBox>
                    <VBox class="sapUiSmallMargin">
                        <List items="{$this.fileAnalyzeAlerts>solutionsArray}">
                            <items>
                                <CustomListItem>
                                    <l:VerticalLayout width="100%" class="sapUiSmallMargin">
                                        <Label text="{$this.fileAnalyzeAlerts>DESCRIPTION}" wrapping="true"/>
                                        <Link
                                            text="{ parts: [ {path: '$this.i18n>case_form_sla_analysing_files_single_solution_5'}, {path: '$this.fileAnalyzeAlerts>TYPE'} ], formatter: '.formatTextAppender' }"
                                            target="_blank"
                                            rel="noopener noreferrer"
                                            href="{$this.fileAnalyzeAlerts>LINK}"
                                            press="trackSLASolutionClicked"
                                        />
                                    </l:VerticalLayout>
                                </CustomListItem>
                            </items>
                            <headerToolbar>
                                <OverflowToolbar width="100%">
                                    <Title
                                        text="{ parts: [ {path: '$this.i18n>case_form_sla_analysing_files_single_detail_solutions'}, {path: '$this.fileAnalyzeAlerts>solutionsArray/length'} ], formatter: '.formatTotalAppender' }"
                                        level="H2"/>
                                </OverflowToolbar>
                            </headerToolbar>
                        </List>
                    </VBox>
                </content>
            </Page>
        </content>
        <beginButton>
			<Button text="Save" type="Emphasized" press="saveAnalyzeFiles" visible="{= (${$this.fileAnalyzeAlerts>/fileAnalysisHideSaveButton} === false) &amp;&amp; (${$this.fileAnalyzeAlerts>/fileAnalysisDetailVisible} === false)}" />
		</beginButton>
		<endButton>
			<Button text="Cancel" type="Default" press="close" />
		</endButton>
    </Dialog>
</core:FragmentDefinition>
