<core:FragmentDefinition xmlns="sap.m" xmlns:core="sap.ui.core">
    <Dialog title="{$this.i18n>case_detail_qrcode_dialog_title}" class="sapMeAppQRCodeDialog sapUiSizeCompact">
        <content>
            <VBox alignItems="Center" justifyContent="Center" class="sapMeAppQRCodeDialogContent">
                <HBox>
                    <Image
                        src="/resources/sap/me/support/resources/pinned.svg"
                        width="45px"
                        height="45px"
                        class="sapUiTinyMarginEnd"
                    />
                    <VBox alignItems="Center">
                        <Text class="sapMeAppQRCodeDialogCaseMessage" text="{ path: '$this.i18n>case_detail_qrcode_dialog_message1', formatter: '.formatQRCodeMessage' }" />
                        <FormattedText htmlText="{$this.i18n>case_detail_qrcode_dialog_message2}" />
                    </VBox>
                </HBox>
                <SegmentedButton width="200px" selectionChange=".selectionChange" selectedKey="{$this.appQRCodeDialog>/selectedKey}">
                    <items>
                        <SegmentedButtonItem text="iOS" key="ios"/>
                        <SegmentedButtonItem text="Android" key="android" />
                    </items>
                </SegmentedButton>
                <Image
                    src="{$this.appQRCodeDialog>/qrCodeImageSrc}"
                    width="10rem"
                    height="10rem"
                />
                <HBox visible="{= %{$this.appQRCodeDialog>/selectedKey} === 'android'}">
                    <core:Icon press=".changeAndroidSource" class="sapUiTinyMarginEnd sapMeAppQRCodeDialogSwitchIcon" src="sap-icon://synchronize" color="#0064D9" />
                    <Link press=".changeAndroidSource" text="{= %{$this.appQRCodeDialog>/androidSource} === 'googlePlay' ? %{$this.i18n>case_detail_qrcode_dialog_switch_tencent} : %{$this.i18n>case_detail_qrcode_dialog_switch_google}}" />
                </HBox>
            </VBox>
        </content>
        <buttons>
            <Button type="Emphasized" text="{$this.i18n>close}" press="closeDialog" />
        </buttons>
    </Dialog>
</core:FragmentDefinition>
