<core:FragmentDefinition xmlns="sap.m" xmlns:core="sap.ui.core">
    <Dialog title="{$this.i18n>case_discussion_Send_Reply}" draggable="true" class="sapMeCaseDetailReplyDialog" verticalScrolling="false" horizontalScrolling="false">
        <content>
            <MessageStrip
                class="replyRichTextMessageStrip"
                type="Information"
                showCloseButton="true"
                close="closeMessageStrip"
                visible="{messageStrip>/enabled}"
                text="{$this.i18n>case_discussion_reply_message_strip}" />
            <VBox width="100%" class="replyRichTextVBox">
                <!--Do not Delete the VBox-->
                <!--HERE GOES THE RICHTEXTEDITOR - it will be added programmatically-->
            </VBox>
        </content>
        <buttons>
            <Button type="Emphasized" text="{$this.i18n>send}" press="_onPressSubmitReply" enabled="{isDoubleSubmit>/enabled}" />
            <Button type="Default" text="{$this.i18n>hide}" press="closeDialog" />
            <Button type="Default" text="{$this.i18n>cancel}" press="cancelDialog" />
        </buttons>
    </Dialog>
</core:FragmentDefinition>
