<core:FragmentDefinition
    xmlns="sap.m"
    xmlns:core="sap.ui.core"
    xmlns:cards="sap.me.cards"
>
    <Dialog
        showHeader="false"
        class="sapMeCaseActionLog"
    >
        <content>
            <cards:TableCard
                class="sapMeCaseActionLog"
                supportsFullScreen="true"
                growing="true"
                growingThreshold="5"
                showRowCount="true"
                description="{$this.i18n>action_log_whatIsThisCardAbout}"
                title="{$this.i18n>action_log_title}"
                columnsDefinition="[
                    {'propertyName': 'changeOn', 'label': '{$this.i18n>action_log_change_on}', 'hAlign': 'Left'},
                    {'propertyName': 'action', 'label': '{$this.i18n>action_log_action}', 'hAlign': 'Left'},
                    {'propertyName': 'oldValue', 'label': '{$this.i18n>action_log_old_value}', 'hAlign': 'Left'},
                    {'propertyName': 'newValue', 'label': '{$this.i18n>action_log_new_value}', 'hAlign': 'Left'},
                    {'propertyName': 'updateBy', 'label': '{$this.i18n>action_log_updated_by}', 'hAlign': 'Left'}
                ]"
                items="{
                    templateShareable:false
                    , path:'$this.odata>/CaseActionLogs'
                    , sorter:[{path:'changeOn', descending: 'true'}]
                }"
            >
                <cards:headerContentRight>
                    <Button
                        icon="sap-icon://decline"
                        type="Transparent"
                        tooltip="{$this.i18n>close}"
                        press="_onCloseActivityLog"
                        class="sapMeActionLogClose"
                    />
                </cards:headerContentRight>
                <cards:items>
                    <ColumnListItem>
                        <cells>
                            <Text text="{
                                path: '$this.odata>changeOn'
                                , type: 'sap.ui.model.type.DateTime'
                                , formatOptions: {
                                    style: 'short',
                                    source: {pattern: 'YYYY-MM-ddTHH:mm:ss.z'}
                                }
                                , formatter: '._formatDateTime'
                            }"/>
                            <Text text="{$this.odata>action}"/>
                            <Text text="{$this.odata>oldValue}"/>
                            <Text text="{$this.odata>newValue}"/>
                            <HBox alignItems="Center">
                                <Avatar
                                    class="sapUiTinyMarginEnd"
                                    src="sap-icon://headset"
                                    displaySize="XS"
                                    backgroundColor="Accent10"
                                />
                                <VBox>
                                    <Text text="{$this.odata>updateBy}"/>
                                </VBox>
                            </HBox>
                        </cells>
                    </ColumnListItem>
                </cards:items>
            </cards:TableCard>
        </content>
	</Dialog>
</core:FragmentDefinition>
