<core:FragmentDefinition
    xmlns="sap.m"
    xmlns:core="sap.ui.core"
    xmlns:app="http://schemas.sap.com/sapui5/extension/sap.ui.core.CustomData/1">

    <VBox id="aribaGuidedAnswersVBox" visible="false" height="100%">
        <VBox
            renderType="Bare"
            height="calc(99.8% - 4.75rem)">
            <!-- container for each step fragment -->
            <ScrollContainer
                id="sapMeCaseCreationScrollContainer"
                class="sapMeCaseCreationScrollContainer"
                vertical="true"
                horizontal="false"
                height="100%"
            >
                <VBox class="aribaGuidedAnswersFragment sapUiSmallMarginTopBottom sapUiMediumBeginEnd">
                    <List items="{path:'aribaQuestions>/node'}">
                        <items>
                            <CustomListItem>
                                <core:HTML
                                    content="{parts:[{path:'aribaQuestions>displayText'},{value:'questionText'}], formatter:'.formatText'}"/>
                                <List class="sapUiSmallPaddingBottom sapUiSmallMarginBottom answerChoiceButtonList " items="{aribaQuestions>responses}"
                                      visible="{= %{aribaQuestions>responses}.length > 0 }">
                                    <items>
                                        <CustomListItem class="answerChoiceButtonGroup">
                                            <Button class="answerChoiceButton sapUiSmallMarginEnd sapUiSmallMarginBottom" text="{aribaQuestions>label}"
                                                    press=".onPressAnswerSelected" app:target="{aribaQuestions>target}"
                                                    app:location="{aribaQuestions>location}"
                                                    justifyContent="Center" alignItems="Center">
                                                <customData>
                                                    <core:CustomData key="status"
                                                                     value="{= %{aribaQuestions>active} ? 'active' : '' }"
                                                                     writeToDom="true"/>
                                                </customData>
                                            </Button>
                                        </CustomListItem>
                                    </items>
                                </List>
                            </CustomListItem>
                        </items>
                    </List>
                </VBox>
            </ScrollContainer>
        </VBox>

        <VBox height="0.2%" class="sapMeCreationDivisionVBox"/>

        <!-- Footer Container for each step -->
        <VBox id="sapMeCreationContinueFooterContainer">
            <HBox renderType="Bare" class="sapMeCreationContinueButtonHBox" id="CaseCreationAribaQAFooter" justifyContent="End">
                <!-- this HBox is a placeholder to set continue button location -->
                <!-- Continue Button Place -->
                <HBox>
                    <Button
                        text="{$this.i18n>case_creation_step0-3_continue_button}"
                        press="onContinueButtonPressed"
                        class="sapUiTinyMarginBegin sapMeCreationAddContactBtn"
                    />
                    <VBox width="1.25rem"/>
                    <Button
                        text="{$this.i18n>case_solved}"
                        type="Emphasized"
                        press="onCaseSolvedPressed"
                    />
                </HBox>
            </HBox>
        </VBox>
    </VBox>
</core:FragmentDefinition>
