<core:FragmentDefinition
	xmlns="sap.m"
	xmlns:core="sap.ui.core"
     xmlns:f="sap.f"
    contentWidth="98%">
	<Dialog
		title="{$this.i18n>component_change_dialog_title}"
        contentWidth="50%"
        class="CaseCreationChangeComponentDialog"
        >
        <VBox class="contentBox">
	        <MessageStrip
				text="{$this.i18n>component_change_dialog_warning_txt}"
				type="Warning"
				showIcon="true"
				class="warning-message-trip">
			</MessageStrip>
            <List
                class="item-list"
                items="{componentRelatedInfo>/list}">
                <items>
                    <CustomListItem>
                        <FlexBox
                            class="dialog-item-box"
                            direction="Column"
                            alignItems="Start"
                            justifyContent="Center">
                            <FormattedText htmlText="{componentRelatedInfo>title}" class="title"/>
                            <FlexBox
                                class="bottom-part"
                                width="100%"
                                alignItems="Center"
                                justifyContent="SpaceBetween">
                                <FormattedText htmlText="{componentRelatedInfo>detail}" class="detail"/>
                                <FlexBox
                                    class="right-part"
                                    alignItems="Center"
                                    justifyContent="Start">
                                    <core:Icon src="sap-icon://alert" color="#E76500" />
                                    <FormattedText htmlText="{componentRelatedInfo>warningWord}" class="warningWord"/>
                                </FlexBox>
                            </FlexBox>
                        </FlexBox>
                    </CustomListItem>
                </items>
            </List>
        </VBox>
      <beginButton>
			<Button text="{$this.i18n>ok}" type="Emphasized" press="changeComponent"/>
		</beginButton>
		<endButton>
			<Button text="{$this.i18n>cancel}" type="Default" press="close" />
		</endButton>
	</Dialog>
</core:FragmentDefinition>
