<core:FragmentDefinition
    xmlns:f="sap.f"
    xmlns:core="sap.ui.core"
    xmlns="sap.m"
    xmlns:shell="sap.me.shell.control"
    xmlns:layout="sap.ui.layout"
    xmlns:custom="sap.me.support.controls">
    <f:DynamicPageHeader pinnable="false" class="sapMeCaseDetailHeader" visible="{= !!${CaseDetailHeader>/ID}.length }">

        <Breadcrumbs class="sapMeCaseDetailHeaderBreadcrumbs" currentLocationText="{parts:[
            {path:'CaseDetailHeader>/incidentNumber'},
            {path:'CaseDetailHeader>/incidentYear'},
            {path:'CaseDetailHeader>/lastChanged'},
            {path:'CaseDetailHeader>/creator'}
        ], formatter: '.formatBreadcrumbsText'}">
            <Link class="sapMeCaseDetailHeaderBreadcrumbsLink" text="{i18nSupport>caseHeaderTitle}" press="navToSupport" visible="{helper>/isInternal}"/>
        </Breadcrumbs>

        <HBox class="caseDetailHeaderBox sapUiSmallMarginTop" justifyContent="SpaceBetween">

            <VBox class="caseDetailHeaderTitleBox" wrap="Wrap" direction="Row" alignItems="Center">
                <HBox class="caseDetailHeaderTitleTextWrapper">
                    <Text
                        class="caseDetailHeaderTitleText"
                        wrapping="false"
                        width="100%"
                        text="{path: 'CaseDetailHeader>/subject', formatter: '.formatter.replaceHtmlTagsInText'}"
                        tooltip="{path: 'CaseDetailHeader>/subject', formatter: '.formatter.replaceHtmlTagsInText'}" />
                </HBox>
                <ObjectStatus text="{CaseDetailHeader>/statusTxt}"
                              visible="{=!!${CaseDetailHeader>/statusTxt}}"
                              state="None"
                              inverted="true"
                              class="statusObjectStatus"/>

                <GenericTag
                    text="{CaseDetailHeader>/priority}"
                    design="StatusIconHidden"
                    status="{
                        path: 'CaseDetailHeader>/priority',
                        formatter: '.priorityGenericTagFormatter'
                    }"
                    visible="{=!!${CaseDetailHeader>/priority}}"
                    press="onPressEditPriorityAndImpact"
                    class="priorityObjectStatus">
                    <customData>
                        <core:CustomData key="clickable" value="{parts: [
                            {path: 'CaseDetailHeader>/status', targetType: 'any'},
                            {path: '$this.context>/isCanWrite', targetType: 'any'}
                        ], formatter:'.isEnablePriorityEdit'}" writeToDom="true" />
                    </customData>
                </GenericTag>
                <custom:CustomConnectionIcon
                    iconType="connection"
                    connectionOpen="{CaseDetailConnection>/ConnectionOpen}"
                    class="sapUiSmallMarginEnd sapUiTinyMarginTop caseDetailHeaderInfoIcon"
                    size="1.1rem"
                    press="openConnectionLink"
                    tooltip="{= %{CaseDetailConnection>/ConnectionOpen} ? %{i18nSupport>case_discussion_opened_connection_text} : %{i18nSupport>case_discussion_closed_connection_text}}"
                />
                <custom:CustomConnectionIcon
                    iconType="access"
                    accessDataError="{CaseDetailConnection>/AccessDataError}"
                    accessDataAuthorized="{CaseDetailConnection>/AccessDataAuthorized}"
                    accessDataMaintained="{CaseDetailConnection>/AccessDataMaintained}"
                    class="sapUiSmallMarginEnd sapUiTinyMarginTop caseDetailHeaderInfoIcon"
                    size="1.1rem"
                    press="openMaintainDetailLink"
                    tooltip="{
                        parts:[
                            {path: 'CaseDetailConnection>/AccessDataError', targetType : 'any'}
                            , {path: 'CaseDetailConnection>/AccessDataAuthorized', targetType : 'any'}
                            , {path: 'CaseDetailConnection>/AccessDataMaintained', targetType : 'any'}
                        ]
                        , formatter: '.formatter.formatSystemLoginDetailsStatusText'
                    }"
                />
            </VBox>
            <VBox>
                <HBox justifyContent="End" class="caseDetailHeaderActionButtonBox">
                    <Button type="Emphasized" text="{i18nSupport>case_discussion_Reply}" class="caseDetailActionButton"
                            visible="{$this.context>/isCanWrite}" press="onPressReplyBtn"
                            enabled="{=!%{$this.context>/infoDoc}}"/>
                    <Button icon="sap-icon://edit" press="onPressEditCaseInformation" text="{i18nSupport>edit}"
                            class="sapMeCaseEditCreateButton caseDetailActionButton"
                            visible="{=%{CaseDetailHeader>/status} === '1' &amp;&amp; %{CaseDetailHeader>/aaEPFlag} !== 'X'}"
                            tooltip="{$this.i18n>icon_tooltip_edit}"/>

                    <Button type="Default"
                            tooltip="{= %{$this.context>/isCanClose} ? '' : ${i18nSupport>caseNoAuthcaseClose}}"
                            text="{=%{CaseDetailHeader>/status} === '1' ? ${i18nSupport>delete} : ${i18nSupport>Close}}"
                            press="onPressCloseCase" class="sapMeCaseCloseButton caseDetailActionButton"
                            enabled="{parts: [
                                {path: 'CaseDetailHeader>/status', targetType: 'any'},
                                {path: '$this.context>/isCanClose', targetType: 'any'},
                                {path: '$this.context>/infoDoc', targetType: 'any'},
                                {path: '$this.context>/respItsm', targetType: 'any'}
                            ], formatter:'.isEnableCloseButton'}"
                            visible="{parts: [
                                {path: 'CaseDetailHeader>/status', targetType: 'any'},
                                {path: 'CaseDetailHeader>/isCanDeleteDraft', targetType: 'any'},
                                {path: 'CaseDetailHeader>/aaEPFlag', targetType: 'any'},
                                {path: 'CaseDetailHeader>/aaEPSessStatus', targetType: 'any'}
                            ], formatter:'.isShowCloseButton'}"/>
                    <!-- favourite button -->
                    <Button press="onFavoriteCaseIconPressed"
                            class="caseDetailActionButton iconBtn"
                            busyIndicatorDelay="10"
                            icon="{= %{CaseDetailHeader>/isFavorite} ? 'sap-icon://favorite' : 'sap-icon://unfavorite'}" />
                    <Button press="onPressExportPDF"
                            class="caseDetailActionButton iconBtn"
                            tooltip="{i18nSupport>caseExportCase}"
                            visible="{=%{CaseDetailHeader>/status} !== '1'}"
                            icon="sap-icon://action"/>
                </HBox>
            </VBox>
        </HBox>
        <!-- 5:Customer Action, 3:SAP Proposed Solution, N: Partner-Customer Action -->
        <MessageStrip type="Warning"
            showIcon="true"
            showCloseButton="true"
            text="{
                    path: 'odatasupport>countDownOfAutoConfirm',
                    formatter: '.formatterAutoConfirmDateText'
                  }"
            class="sapUiSmallMarginTop"
            visible="{
                parts: [
                    {path: 'odatasupport>status', targetType: 'any' },
                    {path: 'odatasupport>countDownOfAutoConfirm', targetType: 'any'},
                    {path: 'odatasupport>componentName', targetType: 'any'},
                    {path: 'odatasupport>incidentSource', targetType: 'any'},
                    {path: 'odatasupport>swClass', targetType: 'any'}
                ], formatter: '.formatterShowAutoConfirmBanner'}"/>

        <VBox width="100%">
            <MessageStrip type="Error" showIcon="true" customIcon="sap-icon://locked"
                          text="{i18nSupport>infoDocFalseError}" class="sapUiSmallMarginTop"
                          visible="{=!!%{$this.context>/infoDoc} &amp;&amp; %{CaseDetailHeader>/status} !== '8' &amp;&amp; %{CaseDetailHeader>/status} !== 'Z'}"/>
        </VBox>
    </f:DynamicPageHeader>
</core:FragmentDefinition>
