<core:FragmentDefinition
	xmlns="sap.m"
	xmlns:core="sap.ui.core">
	<Popover
		title="{overruleModel>/title}"
		class="sapUiResponsivePadding--header caseDiscussionOverrulePopUp"
		placement="Bottom"
        contentWidth="30%">
        <VBox class="caseDiscussionOverruleContent">
            <Text text="{overruleModel>/contentUpper}"
                class="sapUiTinyMarginBottom" />
            <Text text="{overruleModel>/contentBottom}" />
        </VBox>
        <footer>
            <HBox class="caseDiscussionOverruleBtn">
                <Button
                type="Transparent"
                text="{$this.i18n>case_discussion_dataProcessing_deactive}"
                press="_deactiveOverrule"
                class="sapUiTinyMarginEnd" />
                <Button
                    type="Transparent"
                    text="{$this.i18n>close}"
                    press="_closeOverrulePopUp" />
            </HBox>
        </footer>
	</Popover>
</core:FragmentDefinition>
