<core:FragmentDefinition
		xmlns="sap.m"
		xmlns:core="sap.ui.core">
	<ResponsivePopover
		showHeader="false"
		placement="VerticalPreferredBottom"
		contentWidth="320px"
		contentHeight="400px"
	>
		<NavContainer>
			<Page
                showHeader="false"
                class="sapMeCaseTranslatePage sapMeCaseTranslate"
            >
                <VBox
                    renderType="Bare"
                    width="100%"
                    height="100%"
                >
                    <ScrollContainer
                        class="sapMeCaseDiscussionScrollContainer"
                        vertical="true"
                        horizontal="false"
                    >
                        <List
                            items="{$this.translateLanguages>/}"
                        >
                            <StandardListItem
                                title="{
                                    parts:[
                                        {path: '$this.translateLanguages>text'}
                                        , {path: '$this.translateLanguages>code'}
                                        , {path: '$this.originalLanguage>/language'}
                                    ]
                                    , formatter: '._formatTranslateLanguageText'
                                }"
                                type="Active"
                                press="._onTranslateLanguageSelected"
                                visible="{
                                    parts:[
                                        {path: '$this.originalLanguage>/language'}
                                        , {path: '$this.translateLanguages>translateableFrom'}
                                    ]
                                    , targetType: 'any'
                                    , formatter: '._formatTranslateLanguageVisibility'
                                }"
                            />
                        </List>
                    </ScrollContainer>
                    <List>
                        <StandardListItem
                            class="sapMeCaseDiscussionTranslateFromSLI"
                            title="{$this.i18n>case_discussion_translateFrom}"
                            type="Navigation"
                            press="._onNavToTranslateFrom"
                        />
                    </List>
                </VBox>
			</Page>
			<Page
				id="caseDiscussionTranslateFrom"
				title="{$this.i18n>case_discussion_translateFrom}"
				showNavButton="true"
                navButtonPress="._onNavBack"
                class="sapMeCaseTranslatePage"
            >
                <OverflowToolbar>
                    <SearchField liveChange="._onSearchTranslate" width="100%" />
                </OverflowToolbar>
				<List
					items="{$this.translateLanguages>/}"
                    class="sapMeCaseTranslateList"
                >
					<StandardListItem
                        title="{
                            parts:[
                                {path: '$this.translateLanguages>text'}
                                , {path: '$this.translateLanguages>code'}
                                , {path: '$this.originalLanguage>/language'}
                            ]
                            , formatter: '._formatTranslateLanguageText'
                        }"
                        type="Active"
                        press="._onTranslateFromLanguageSelected"
                        visible="{= ${$this.translateLanguages>code} !== 'NONE'}"
                    />
				</List>
			</Page>
		</NavContainer>
	</ResponsivePopover>
</core:FragmentDefinition>
