<core:FragmentDefinition
    xmlns="sap.m"
    xmlns:core="sap.ui.core"
    xmlns:f="sap.f"
    contentWidth="98%"
>
    <!-- Privacy agreement -->
    <Dialog
        contentWidth="24%"
        title="{$this.i18n>expert_chat_dataPrivacyAgreement_title}"
        class="ExpertChatDialog"
    >
        <content>
            <VBox class="contentBox">
                <Text text="{$this.i18n>expert_chat_dataPrivacyAgreement_label}"/>
                <Link text="{$this.i18n>expert_chat_dataPrivacyAgreement_link}" target="_blank" press="redirectToPrivacyAgreementPDF" class="" />
            </VBox>
        </content>

        <beginButton>
            <Button text="Agree" type="Emphasized" press="agreeWithPrivacyAgreement" />
        </beginButton>
        <endButton>
            <Button text="Disagree" type="Default" press="closePADialogs" />
        </endButton>
	</Dialog>
</core:FragmentDefinition>
