<core:FragmentDefinition
    xmlns="sap.m"
    xmlns:core="sap.ui.core"
    xmlns:f="sap.f"
    contentWidth="98%"
>
    <!-- Machine translation -->
    <Dialog
        contentWidth="33%"
        title="{$this.i18n>expert_chat_lang_translation_title}"
        class="ExpertChatDialog"
    >
        <content>
            <VBox class="contentBox">
                <Text text="{$this.i18n>expert_chat_lang_translation_label}"/>
                <Label text="{$this.i18n>expert_chat_lang_selector_label}" required="true"/>
                <Select
                    width="100%"
                    class="translationSelector"
                    wrapItemsText="true"
                    change="changeLanguage"
                    items="{path: '$this.aLangData>/'}"
                >
                    <core:Item key="{$this.aLangData>LanguageSel}" text="{$this.aLangData>LanguageSelDesc}"/>
                </Select>
            </VBox>
        </content>
        <beginButton>
            <Button text="Continue in English" type="Emphasized" press="startChatFromDialog" />
        </beginButton>
        <endButton>
            <Button text="Agree &amp; Continue" enabled="{= ${$this.selectedLanguage>/selectedKey} === 'en-us' ? false : true}" type="Default" press="startChatFromDialog" />
        </endButton>
    </Dialog>
</core:FragmentDefinition>
