<core:FragmentDefinition xmlns="sap.m" xmlns:core="sap.ui.core">
    <SelectDialog title="{i18nSupport>editPriority_contactSelection}"
                  items="{path:'$this.odata>/CaseContactsList'}"
                  search="handleContactsValueHelpSearch"
                  confirm="handleContactsValueHelpClose"
                  cancel="handleContactsValueHelpClose"
                  noDataText="{i18nSupport>editPriority_noSelectionData}"
                  class="sapUiSizeCompact"
                  contentWidth="400px"
                  contentHeight="600px"
                  searchPlaceholder="{i18nSupport>editPriority_contactSelectionPlaceholder}">
        <ObjectListItem title="{$this.odata>contact}">
            <attributes>
                <ObjectAttribute text="{$this.odata>userId}"/>
                <ObjectAttribute text="{$this.odata>email}"/>
                <ObjectAttribute text="{$this.odata>ID}" visible="false"/>
                <ObjectAttribute text="{$this.odata>mobile}" visible="false"/>
                <ObjectAttribute text="{$this.odata>telephone}" visible="false"/>
                <ObjectAttribute text="{$this.odata>timezone}" visible="false"/>
            </attributes>
        </ObjectListItem>
    </SelectDialog>
</core:FragmentDefinition>
