<core:FragmentDefinition xmlns:f="sap.f" xmlns:core="sap.ui.core" xmlns="sap.m" xmlns:shell="sap.me.shell.control" xmlns:layout="sap.ui.layout">
    <f:DynamicPageHeader pinnable="false" class="creatreportAnIssueheader sapUiSizeCompact">
        <Breadcrumbs currentLocationText="{i18nSupport>CreateReportAnIssue}" separatorStyle="Slash">
            <Link text="{i18nSupport>CreateHeaderTitle}" press="exitPage"/>
        </Breadcrumbs>
        <FlexBox justifyContent="SpaceBetween" alignItems="Center" class="creatreportAnIssueheaderTitle">
            <Title text="{i18nSupport>CreateReportAnIssue}"/>
            <Button text="{i18nSupport>CreateExit}" press="exitPage" type="Emphasized" />
        </FlexBox>
        <FlexBox wrap="Wrap" alignItems="Center">
            <HBox class="creatreportAnIssueheaderInfoBox" alignItems="Center">
                <Label class="sapUiTinyMarginEnd" text="{i18nSupport>customer}:" />
                <Text text="{= %{headerCustomerInfo>/customerName} ? %{headerCustomerInfo>/customerName} : %{$this.i18n>CreateHeaderCustomerPlaceholder}}" />
                <Button type="Transparent" icon="sap-icon://search" tooltip="{$this.i18n>icon_tooltip_edit}" class="sapUiTinyMarginBegin" press="onPressSelectCustomer" visible="{= ${headerCustomerInfo>/isMultipleCustomer}}"/>
            </HBox>
            <HBox class="sapUiMediumMarginBegin creatreportAnIssueheaderInfoBox" alignItems="Center">
                <Label class="sapUiTinyMarginEnd" text="{i18nSupport>CreateSUser}:" />
                <Text text="{parts: [{path: 'headerSuserInfo>/suserName', targetType: 'any'}, {path: 'headerSuserInfo>/suserNumber', targetType: 'any'}], formatter: '.formatDisplaySUser'}" />
                <Button type="Transparent" icon="sap-icon://search" tooltip="{$this.i18n>icon_tooltip_edit}" class="sapUiTinyMarginBegin" press="onPressSelectSuser"  visible="{= ${headerCustomerInfo>/customerType} === 'SUPPORTED'}"/>
            </HBox>
        </FlexBox>
    </f:DynamicPageHeader>
</core:FragmentDefinition>
