<core:FragmentDefinition xmlns="sap.m" xmlns:core="sap.ui.core">
    <Dialog title="{$this.i18n>createNewServiceRequestTitle}" class="sap4meServiceRequestDialog" contentWidth="26.25rem">
        <content>
            <RadioButtonGroup select="onRadioSelected">
                <RadioButton text="{$this.i18n>pc_productName}" tooltip="{$this.i18n>pc_productOldName}"/>
                <RadioButton text="{$this.i18n>spm_productName}" tooltip="{$this.i18n>spm_productOldName}"/>
                <RadioButton text="{$this.i18n>partner_cloud_service}" />
                 <RadioButton text="{$this.i18n>cx_productName}" />
            </RadioButtonGroup>
        </content>
        <beginButton>
            <Button text="{$this.i18n>cancel}" press="close" class="sapUiSizeCompact"/>
        </beginButton>
        <endButton>
            <Button text="{$this.i18n>confirm}" type="Emphasized" press="onConfirm" class="sapUiSizeCompact"/>
        </endButton>
    </Dialog>
</core:FragmentDefinition>
