<core:FragmentDefinition
	xmlns="sap.m"
	xmlns:extend="sap.me.support.extend"
	xmlns:core="sap.ui.core"
    xmlns:f="sap.f">
	<extend:ExtendDialog
		title="{$this.i18n>SelectExistingDraft_title}"
        cancleOnModel="false"
        class="CreateExistingDraftDialog sapUiSizeCompact">
        <extend:content>
            <HBox class="CreateExistingDraftDialogTopView" alignItems="Center" justifyContent="SpaceBetween">
                <HBox alignItems="Start">
                    <IllustratedMessage class="CreateExistingDraftDialogIcon" illustrationSize="Dot" enableDefaultTitleAndDescription="false" illustrationType="sapIllus-SimpleEmptyList"  />
                    <VBox>
                        <Text text="{$this.i18n>SelectExistingDraft_continue_with_draft}" />
                        <Text class="CreateExistingDraftDialogDraftNum" text="{ path: 'draftList>/item', formatter: '.formatDraftMessage' }" />
                    </VBox>
                </HBox>
                <SegmentedButton width="220px" selectedKey="{draftList>/selectedKey}" selectionChange="onDraftTabBarChange" >
                    <items>
                        <SegmentedButtonItem key="my-draft-btn"   text="{$this.i18n>SelectExistingDraft_MyDraft}"/>
                        <SegmentedButtonItem key="other-draft-btn" text="{$this.i18n>SelectExistingDraft_OtherDraft}"/>
                    </items>
                </SegmentedButton>
            </HBox>

            <List items="{draftList>/item}">
                <items>
                    <CustomListItem>
                        <FlexBox
                            class="CreateExistingDraftDialogListItem"
                            alignItems="Center"
                            justifyContent="SpaceBetween">
                                <HBox>
                                    <core:Icon class="sapUiTinyMarginEnd" color="#758CA4" src="sap-icon://request" />
                                    <VBox>
                                        <FormattedText htmlText="{draftList>Stext}" class="CreateExistingDraftDialogItemTitle"/>
                                        <FormattedText htmlText="{parts:[{path:'draftList>Erftstmp'}],formatter:'.toLocalDate'}" class="CreateExistingDraftDialogItemDate"/>
                                    </VBox>
                                </HBox>
                                <HBox>
                                    <Button class="CreateExistingDraftOptionButton" icon="sap-icon://information" press="showInfo" type="Transparent"  tooltip="{$this.i18n>icon_tooltip_information}" />
                                    <Button class="CreateExistingDraftOptionButton" icon="sap-icon://edit" press="openDraft" type="Transparent" />
                                    <Button icon="sap-icon://delete" press="isDeleteDraft" visible="{= ${draftList>Reporter} === ${draftList>/userId}  || ${draftList>EnteredBy} === ${draftList>/userId}  }" type="Transparent" />
                                    <Button icon="sap-icon://delete" enabled="false" visible="{= !(${draftList>Reporter} === ${draftList>/userId}  || ${draftList>EnteredBy} === ${draftList>/userId})  }" type="Transparent" />
                                </HBox>
                        </FlexBox>
                    </CustomListItem>
                </items>
            </List>
            <FlexBox class="CreateExistingDraftDialogMoreDraft" justifyContent="Center" alignItems="Center">
                <Link text="{$this.i18n>SelectExistingDraft_see_more_drafts}" href="/app/cl?tab=draftCase" target="_blank" />
                <core:Icon press="navToCaseList" class="sapUiTinyMarginBegin" color="#0064D9" src="sap-icon://navigation-right-arrow" />
            </FlexBox>
        </extend:content>
        <extend:buttons>
            <Button type="Emphasized" text="{$this.i18n>SelectExistingDraft_Report}" press="reportNewCase"/>
            <Button text="{$this.i18n>cancel}" press="onPressCancelButton"/>
        </extend:buttons>
	</extend:ExtendDialog>
</core:FragmentDefinition>
