<core:FragmentDefinition
    xmlns="sap.m"
    xmlns:core="sap.ui.core"
>
    <Dialog
        title="{$this.i18n>CreateSelectProduct}"
        contentWidth="50%"
        class="sapMeCreateProductDialog sapUiSizeCompact"
    >
        <VBox class="sapUiSmallMargin">
            <MessageStrip text="{$this.i18n>CreateSelectProductMessageStripText}" showIcon="true"
                          showCloseButton="false" class="sapUiTinyMarginBottom"/>
            <SearchField search="onSearch" placeholder="{$this.i18n>CreateSelectProductPlaceHolder}" class="sapUiTinyMarginBottom"/>
            <FlexBox justifyContent="SpaceBetween" class="sapUiCustomGap">
                <VBox width="33%">
                    <Title text="{$this.i18n>CreateSeleteSoftwareFilter}" level="H6" titleStyle="H6"/>
                    <MultiComboBox width="100%"
                                    selectionChange="onSelectionChange"
                                    items="{productList>/softerFilters}"
                                    selectedKeys="{$this.productFilter>/softWares}">
                        <core:Item key="{productList>textValue}" text="{productList>textValue}"/>
                    </MultiComboBox>
                </VBox>
                <VBox width="33%">
                    <Title text="{$this.i18n>CreateSeleteProductTypeFilter}" level="H6" titleStyle="H6"/>
                    <MultiComboBox width="100%"
                                    selectionChange="onSelectionChange"
                                    items="{productList>/relationshipTypeFilters}"
                                    selectedKeys="{$this.productFilter>/productTypes}">
                        <core:Item key="{productList>textValue}" text="{productList>textValue}"/>
                    </MultiComboBox>
                </VBox>
                <VBox width="33%">
                    <Title text="{$this.i18n>CreateSelectProductCategory}" level="H6" titleStyle="H6"/>
                    <Select
                        width="100%"
                        change="onSelectionChange"
                        selectedKey="{$this.productFilter>/category}"
                        wrapItemsText="true"
                    >
                        <core:Item key="All" text="{$this.i18n>CreateSelectProductCategoryAll}"/>
                        <core:Item key="Recommended" text="{$this.i18n>CreateSelectProductCategoryRecommended}"/>
                        <core:Item key="Recently" text="{$this.i18n>CreateSelectProductCategoryRecently}"/>
                    </Select>
                </VBox>
            </FlexBox>
        </VBox>

        <List items="{productList>/allData}" growing="true" growingThreshold="10" growingScrollToLoad="false">
            <items>
                <CustomListItem type="Active" press="onPressItem" class="sapUiProductList">
                    <FlexBox>
                        <Avatar src="{= ${productList>SoftwareRelationship} === 'Service' ? 'sap-icon://official-service' : 'sap-icon://product'}"
                                displaySize="XS"
                                class="sapUiProductAvatar"
                        />
                        <VBox class="sapUiTinyMarginBegin" width="100%">
                            <HBox justifyContent="SpaceBetween">
                                <Title text="{productList>DisplayName}" class="sapUiProductName"/>
                                <Text class="sapUiProductTag" visible="{= !!%{productList>Recommended}}" text="{= '#' + %{productList>RecommendedIndex} + ' ' + %{$this.i18n>CreateRecommended}}" />
                            </HBox>

                            <HBox justifyContent="SpaceBetween">
                                <Text text="{productList>SoftwareRelationship}" visible="{= !!%{path: 'productList>SoftwareRelationship'}}" class="sapUiCustomProductLabel"/>

                                <HBox visible="{= !!%{productList>Recently}}">
                                    <core:Icon src="sap-icon://past" color="#74777A" class="sapUiTinyMarginEnd" />
                                    <Text text="{$this.i18n>CreateRecentlyUsed}" />
                                </HBox>
                            </HBox>
                        </VBox>
                    </FlexBox>

                </CustomListItem>
            </items>
        </List>
        <beginButton>
            <Button text="{$this.i18n>cancel}"
                    press="cancelSelectProductDialog"/>
        </beginButton>
    </Dialog>
</core:FragmentDefinition>
