<core:FragmentDefinition
    xmlns="sap.m"
    xmlns:extend="sap.me.support.extend"
    xmlns:core="sap.ui.core"
>
    <extend:ExtendDialog
        title="{$this.i18n>CreateSelectSUser}"
        contentWidth="50%"
        cancleOnModel="false"
        class="CreateSUerDialog sapUiSizeCompact"
    >
        <SearchField width="95%" search="onSearch" class="sapSearchFieldMargin" />
        <IconTabBar  headerMode="Inline" expandable="false" class="sapUserList" select="onTabBarChange" selectedKey="{$this.iconTabBar>/selectedKey}" >
            <items>
                <IconTabFilter text="{$this.i18n>CreateRecentlyUsed}" key="recent">
                    <List  items="{selectionList>/rec}">
                        <items>
                            <CustomListItem type="Active" press="onItemPressSuserValueSelect">
                                <HBox class="sapUiSmallMarginBeginEnd sapUiSmallMarginTopBottom">
                                    <Avatar
                                        class="sapUiSmallMarginEnd"
                                        initials="{path: 'selectionList>Value', formatter: '.avatarFormat' }"
                                        displaySize="S"
                                        backgroundColor="Placeholder"
                                    />
                                    <VBox>
                                        <Title text="{path: 'selectionList>Value', formatter: '.formatDisplayValue'}" class="sapUiTinyMarginBottom"/>
                                        <Label text="{selectionList>Name}"/>
                                    </VBox>
                                </HBox>
                            </CustomListItem>
                        </items>
                    </List>
                </IconTabFilter>
                <IconTabFilter text="{$this.i18n>CreateAll}" key="all">
                    <List  items="{selectionList>/all}">
                        <items>
                            <CustomListItem type="Active" press="onItemPressSuserValueSelect">
                                <HBox  class="sapUiSmallMarginBeginEnd sapUiSmallMarginTopBottom">
                                    <Avatar
                                        class="sapUiSmallMarginEnd"
                                        initials="{path: 'selectionList>Value', formatter: '.avatarFormat' }"
                                        displaySize="S"
                                        backgroundColor="Placeholder"
                                    />
                                    <VBox>
                                        <Title text="{path: 'selectionList>Value', formatter: '.formatDisplayValue'}"  class="sapUiTinyMarginBottom"/>
                                        <Label text="{selectionList>Name}"/>
                                    </VBox>
                                </HBox>
                            </CustomListItem>
                        </items>
                    </List>
                </IconTabFilter>
            </items>

        </IconTabBar>
        <extend:beginButton>
            <Button text="{$this.i18n>cancel}" press="cancelCustomerDialogAndSuserDialog"/>
        </extend:beginButton>
    </extend:ExtendDialog>
</core:FragmentDefinition>
