<core:FragmentDefinition
	xmlns="sap.m"
    xmlns:grid="sap.ui.layout.cssgrid"
	xmlns:core="sap.ui.core">
	<Popover
        class="draftDialogPopOver"
        showHeader="false">
        <grid:CSSGrid class="draftDialogPopOverContent">
            <Label class="draftDialogPopOverLabel" text="{$this.i18n>SelectExistingDraft_Customer}" />
            <Text text="{parts:[{path:'draftList>/currentSelectDraftInfo/CustomerTxt'},{path:'draftList>/currentSelectDraftInfo/Customer'}],formatter:'.customerValueSetToSubValue'}" />

            <Label class="draftDialogPopOverLabel" text="{$this.i18n>SelectExistingDraft_Creator}" />
            <Text text="{draftList>/currentSelectDraftInfo/ReporterTxt} ({draftList>/currentSelectDraftInfo/Reporter})" />

            <Label class="draftDialogPopOverLabel" text="{$this.i18n>SelectExistingDraft_System}" />
            <Text text="{parts:[{path:'draftList>/currentSelectDraftInfo/SystemTxt'},{path:'draftList>/currentSelectDraftInfo/SystemNumber'}],formatter:'.systemValueConcat'}" />

            <Label class="draftDialogPopOverLabel" text="{$this.i18n>SelectExistingDraft_Priority}" />
            <Text text="{draftList>/currentSelectDraftInfo/PriorityTxt}" />

            <Label class="draftDialogPopOverLabel" visible="{draftList>/currentSelectDraftInfo/productVisible}" text="{$this.i18n>SelectExistingDraft_Product}" />
            <Text visible="{draftList>/currentSelectDraftInfo/productVisible}" text="{draftList>/currentSelectDraftInfo/productName}" />

            <Label class="draftDialogPopOverLabel" visible="{draftList>/currentSelectDraftInfo/productFunctionVisible}" text="{$this.i18n>SelectExistingDraft_Product_Function}" />
            <Text visible="{draftList>/currentSelectDraftInfo/productFunctionVisible}" text="{draftList>/currentSelectDraftInfo/productFunctionName}" />
        </grid:CSSGrid>
	</Popover>
</core:FragmentDefinition>
