<core:FragmentDefinition xmlns="sap.m" xmlns:core="sap.ui.core"
                         xmlns:f="sap.f">
    <Dialog
        title="{$this.i18n>case_creation_select_product_function}"
        contentWidth="50%"
        class="sapMeSelectProductFunctionDialog"
    >
        <SearchField width="95%" search="onSearch" class="sapSearchFieldMargin"  placeholder="{$this.i18n>CreateSelectProductFnPlaceHolder}"/>
        <IconTabBar applyContentPadding="false" headerMode="Inline" expandable="false" class="sapCustomerList" select="onTabBarChange" selectedKey="{$this.iconTabBar>/selectedKey}">
            <items>
                <IconTabFilter text="{$this.i18n>CreateRecommended}" key="suggestProductFunction">
                    <List items="{productFunctionList>/suggest}" growing="true" growingThreshold="5" growingScrollToLoad="false">
                        <items>
                            <CustomListItem press="onProductFunctionSelected" class="sapUiProductFunctionList" type="Active">
                                <VBox>
                                    <FlexBox class="sapUiTinyMarginBottom" justifyContent="SpaceBetween" wrap="NoWrap">
                                        <Text text="{productFunctionList>DisplayName}" class="sapUiCustomerProductFunctionLabel"/>
                                        <Text class="sapUiProductTag" visible="{= !!%{productFunctionList>Recommended}}" text="{= '#' + %{productFunctionList>RecommendedIndex} + ' ' + %{$this.i18n>CreateRecommended}}" />
                                    </FlexBox>
                                    <HBox justifyContent="SpaceBetween">
                                        <Text text="{productFunctionList>Name}" class="sapUiProductFunctionName"/>
                                        <HBox visible="{= !!%{productFunctionList>Recently}}">
                                            <core:Icon src="sap-icon://past" color="#74777A" class="sapUiTinyMarginEnd" />
                                            <Text text="{$this.i18n>CreateRecentlyUsed}" />
                                        </HBox>
                                    </HBox>

                                </VBox>
                            </CustomListItem>
                        </items>
                    </List>
                </IconTabFilter>
                <IconTabFilter text="{$this.i18n>CreateAll}" key="allProductFunction">
                    <Tree items="{productFunctionList>/all}">
                        <CustomTreeItem press="onProductFunctionSelected" type="Active" class="sapUiProductFunctionTree">
                            <HBox>
                                <Title text="{productFunctionList>Name}"/>
                                <Text text="{$this.i18n>CreateRecommended}"
                                      visible="{path: 'productFunctionList>ModelNumber', formatter: '.markRecommendProductFunction'}"
                                      class="sapUiSmallMarginBegin sapUiProductTag"/>
                            </HBox>
                        </CustomTreeItem>
                    </Tree>
                </IconTabFilter>
                <IconTabFilter  text="{$this.i18n>CreateSearch}" key="searchProductFunction" visible="{productFunctionList>/isProductFnSearchTabVisible}">
                    <List noDataText="{$this.i18n>case_creation_no_product_function_found}"
                    items="{productFunctionList>/searchList}" growing="true" growingThreshold="5" growingScrollToLoad="false">
                        <items>
                            <CustomListItem press="onProductFunctionSelected" class="sapUiProductFunctionList" type="Active">
                                <VBox>
                                    <FlexBox class="sapUiTinyMarginBottom" justifyContent="SpaceBetween" wrap="NoWrap">
                                        <Text text="{productFunctionList>DisplayName}" class="sapUiCustomerProductFunctionLabel"/>
                                        <Text class="sapUiProductTag" visible="{= !!%{productFunctionList>Recommended}}" text="{= '#' + %{productFunctionList>RecommendedIndex} + ' ' + %{$this.i18n>CreateRecommended}}" />
                                    </FlexBox>
                                    <HBox justifyContent="SpaceBetween">
                                        <Text text="{productFunctionList>Name}" class="sapUiProductFunctionName"/>
                                        <HBox visible="{= !!%{productFunctionList>Recently}}">
                                            <core:Icon src="sap-icon://past" color="#74777A" class="sapUiTinyMarginEnd" />
                                            <Text text="{$this.i18n>CreateRecentlyUsed}" />
                                        </HBox>
                                    </HBox>
                                </VBox>
                            </CustomListItem>
                        </items>
                    </List>
                </IconTabFilter>
            </items>
        </IconTabBar>
        <beginButton>
            <Button text="{$this.i18n>cancel}" press="close"/>
        </beginButton>
    </Dialog>
</core:FragmentDefinition>
