<core:FragmentDefinition
	xmlns="sap.m"
    xmlns:cards="sap.me.cards"
	xmlns:core="sap.ui.core"
   >
	<Dialog
        id="CreateSystemSelectDialog"
		title="{$this.i18n>CreateSelectSystem}"
        contentWidth="90%"
        class="sapMeCreateAnIssueDialog sapUiSizeCompact">
        <MessageStrip text="{$this.i18n>SystemSelectNotification}" type="Warning" showIcon="true" showCloseButton="false" class="sapMeCreationSystemMessageStrip"></MessageStrip>
        <SearchField id="system-dialog-search" search="onSearch" class="systemDialogSearchField" value="{$this.searchBox>/value}" placeholder="{= ${$this.iconTabBar>/selectedKey} === 'all' ? ${$this.i18n>system_all_data_search_placeholder} : '' }"/>
        <IconTabBar id="iconTabBarSystem" headerMode="Inline" expandable="false" class="sapUiNoContentPadding sapSystemList iconTabBarSystem" selectedKey="{$this.iconTabBar>/selectedKey}">
            <items>
                <IconTabFilter text="{$this.i18n>CreateRecentlyUsed}" key="recent">
                    <List items="{systemSelectionList>/rec}">
                        <items>
                            <CustomListItem type="{= !!%{systemSelectionList>NotSelectFlag} ? 'Inactive':'Active'}" press="onPressItem">
                                <HBox class="systemSelectionRecentItem">
                                    <Button
                                        class="systemSelectionRecentFav"
                                        icon="{= !!%{systemSelectionList>isFavorite} ? 'sap-icon://favorite' : 'sap-icon://unfavorite'}"
                                        type="Transparent"
                                        press="onPressFavoriteForSystem"
                                        visible="true"
                                    />
                                    <VBox class="systemSelectionList">
                                        <Title text="{path: 'systemSelectionList>Value', formatter: '.formatter.formatSystemDisplayName'}" class="systemSelectionItemTitle"/>
                                        <HBox justifyContent="SpaceBetween">
                                            <Text text="{$this.i18n>SystemList_leadingProduct}: {systemSelectionList>Desc1}" class="systemSelectionItemPro"/>
                                            <Text text="{= 'NO.' + ${systemSelectionList>Name}.replace(RegExp('^0*','g'), '')}" class="systemSelectionItemNum"/>
                                        </HBox>
                                    </VBox>
                                </HBox>
                            </CustomListItem>
                        </items>
                    </List>
                </IconTabFilter>
                <IconTabFilter text="{$this.i18n>CreateFavorite}" key="favorite">
                    <List items="{systemSelectionList>/fav}">
                        <items>
                            <CustomListItem type="{= !!%{systemSelectionList>NotSelectFlag} ? 'Inactive':'Active'}" press="onPressItem">
                                <VBox class="systemSelectionList">
                                    <Title text="{path: 'systemSelectionList>Value', formatter: '.formatter.formatSystemDisplayName'}" class="systemSelectionItemTitle"/>
                                    <HBox justifyContent="SpaceBetween">
                                        <Text text="{$this.i18n>SystemList_leadingProduct}: {systemSelectionList>Desc1}" class="systemSelectionItemPro"/>
                                        <Text text="{= 'NO.' + ${systemSelectionList>Name}.replace(RegExp('^0*','g'), '')}" class="systemSelectionItemNum"/>
                                    </HBox>
                                </VBox>
                            </CustomListItem>
                        </items>
                    </List>
                </IconTabFilter>
                <IconTabFilter text="{$this.i18n>CreateAll}" key="all">
                    <MessageStrip text="{$this.i18n>system_2many_results_text_search_warning}" showIcon="true" type="Warning" visible="{= !!%{BasicInfomationStepDataModel>/system/system2manyResultsWarningVisible}}"/>
                    <HBox id="system-dialog-search-filter-items" class="systemDialogFilterBox" alignItems="Center" justifyContent="SpaceBetween" visible="{$this.iconTabBar>/selectedKey === 'all'}">
                        <VBox>
                            <Title text="{$this.i18n>CreateFavorite}" level="H6" titleStyle="H6" class="sapUiTinyMarginEnd"/>
                            <Select items="{systemSelectionFilterItems>/isFavorite}" change="onSearch" width="12.5rem"
                                    selectedKey="{systemSelectionFilterItems>/selectedKeys/isFavorite}" >
                                <core:Item key="{systemSelectionFilterItems>keyValue}" text="{systemSelectionFilterItems>textValue}" />
                            </Select>
                        </VBox>
                        <VBox>
                            <Title text="{$this.i18n>system_filter_item_text_systemType}" level="H6" titleStyle="H6" class="sapUiTinyMarginEnd"/>
                            <Select items="{systemSelectionFilterItems>/systemType}" change="onSearch" width="12.5rem"
                                    selectedKey="{systemSelectionFilterItems>/selectedKeys/systemType}">
                                <core:Item key="{systemSelectionFilterItems>keyValue}" text="{systemSelectionFilterItems>textValue}" />
                            </Select>
                        </VBox>
                        <VBox>
                            <Title text="{$this.i18n>system_filter_item_text_productVersionText}" level="H6" titleStyle="H6" class="sapUiTinyMarginEnd"/>
                            <Select items="{systemSelectionFilterItems>/leadingProduct}" change="onSearch" width="12.5rem"
                                    selectedKey="{systemSelectionFilterItems>/selectedKeys/leadingProduct}">
                                <core:Item key="{systemSelectionFilterItems>keyValue}" text="{systemSelectionFilterItems>textValue}" />
                            </Select>
                        </VBox>
                        <VBox>
                            <Title text="{$this.i18n>system_filter_item_text_dataCenterText}" level="H6" titleStyle="H6" class="sapUiTinyMarginEnd"/>
                            <Select items="{systemSelectionFilterItems>/dataCenterText}" change="onSearch" width="12.5rem"
                                    selectedKey="{systemSelectionFilterItems>/selectedKeys/dataCenterText}">
                                <core:Item key="{systemSelectionFilterItems>keyValue}" text="{systemSelectionFilterItems>textValue}" />
                            </Select>
                        </VBox>
                        <VBox>
                            <Title text="{$this.i18n>system_filter_item_text_dataProcessRestriction}" level="H6" titleStyle="H6" class="sapUiTinyMarginEnd"/>
                            <Select items="{systemSelectionFilterItems>/dataProcessRestriction}" change="onSearch" width="12.5rem"
                                    selectedKey="{systemSelectionFilterItems>/selectedKeys/dataProcessRestriction}">
                                <core:Item key="{systemSelectionFilterItems>keyValue}" text="{systemSelectionFilterItems>textValue}" />
                            </Select>
                        </VBox>
                        <VBox>
                            <Title text="{$this.i18n>system_filter_item_text_notSelectable}" level="H6" titleStyle="H6" class="sapUiTinyMarginEnd"/>
                            <Select items="{systemSelectionFilterItems>/notSelectable}" change="onSearch" width="12.5rem"
                                    selectedKey="{systemSelectionFilterItems>/selectedKeys/notSelectable}">
                                <core:Item key="{systemSelectionFilterItems>keyValue}" text="{systemSelectionFilterItems>textValue}" />
                        </Select>
                        </VBox>
                    </HBox>
                    <cards:Table
                        id="systemSelectionTable"
                        growing="true"
                        growingThreshold="10"
                        columnsDefinition="[
                            {'propertyName': 'isFavorite', 'label': '{$this.i18n>CreateFavorite}','width': '5rem', 'hAlign': 'Center', 'minScreenWidth': 'Tablet', 'demandPopin': true, 'popinDisplay': 'Inline'},
                            {'propertyName': 'systemId', 'label': '{$this.i18n>SystemList_system_id}','width': '5rem', 'hAlign': 'Center', 'minScreenWidth': 'Tablet', 'demandPopin': true, 'popinDisplay': 'Inline'},
                            {'propertyName': 'systemNumber', 'label': '{$this.i18n>SystemList_systemNumber}','width': '15%', 'hAlign': 'Center', 'minScreenWidth': 'Desktop', 'demandPopin': true, 'popinDisplay': 'Inline'},
                            {'propertyName': 'supportPartnerName', 'label': '{$this.i18n>SystemList_support_partner_name}','width': '15%', 'hAlign': 'Center', 'minScreenWidth': 'Desktop', 'demandPopin': true, 'popinDisplay': 'Inline'},
                            {'propertyName': 'systemType', 'label': '{$this.i18n>SystemList_system_role}','width': '15%', 'hAlign': 'Center', 'minScreenWidth': 'Desktop', 'demandPopin': true, 'popinDisplay': 'Inline'},
                            {'propertyName': 'systemName', 'label': '{$this.i18n>SystemList_system_name}','width': '15%', 'hAlign': 'Center', 'minScreenWidth': 'Desktop', 'demandPopin': true, 'popinDisplay': 'Inline'},
                            {'propertyName': 'leadingProduct', 'label': '{$this.i18n>SystemList_leadingProduct}','width': '15%', 'hAlign': 'Center', 'minScreenWidth': 'Desktop', 'demandPopin': true, 'popinDisplay': 'Inline'},
                            {'propertyName': 'dataCenterText', 'label': '{$this.i18n>SystemList_data_center_region}','width': '15%', 'hAlign': 'Center', 'minScreenWidth': 'Desktop', 'demandPopin': true, 'popinDisplay': 'Inline'},
                            {'propertyName': 'dataProcessRestriction', 'label': '{$this.i18n>SystemList_data_processing}','width': '15%', 'hAlign': 'Center', 'minScreenWidth': 'Desktop', 'demandPopin': true, 'popinDisplay': 'Inline'},
                            {'propertyName': 'installationName', 'label': '{$this.i18n>SystemList_installation}','width': '15%', 'hAlign': 'Center', 'minScreenWidth': 'Desktop', 'demandPopin': true, 'popinDisplay': 'Inline'},
                            {'propertyName': 'cloudURL', 'label': '{$this.i18n>SystemList_system_url}','width': '15%', 'hAlign': 'Center', 'minScreenWidth': 'Desktop', 'demandPopin': true, 'popinDisplay': 'Inline'},
                            {'propertyName': 'mainSystemNbr', 'label': '{$this.i18n>SystemList_main_system_number}','width': '15%', 'hAlign': 'Center', 'minScreenWidth': 'Desktop', 'demandPopin': true, 'popinDisplay': 'Inline'},
                            {'propertyName': 'mainSystemName', 'label': '{$this.i18n>SystemList_main_system_name}','width': '15%', 'hAlign': 'Center', 'minScreenWidth': 'Desktop', 'demandPopin': true, 'popinDisplay': 'Inline'},
                        ]"
                        visible="{= !%{BasicInformationStepDataModel>/system/system2manyResultsWarningVisible}}"
                        items="{ path:'$this.odata>/SystemSearch' , filters: [], sorter:[] }">
                        <cards:items>
                            <ColumnListItem type="{= !!%{$this.odata>notSelectable} ? 'Inactive':'Active'}" press="onPressItem">
                                <cells>
                                    <Button icon="{= !!%{$this.odata>isFavorite} ? 'sap-icon://favorite' : 'sap-icon://unfavorite'}" type="Transparent"
													press="onPressFavoriteForSystem" visible="true"/>
                                    <Text text="{$this.odata>systemId}"/>
                                    <Link text="{parts:[{path:'$this.odata>systemNumber'}, {path:'$this.odata>isOutOfRange', targetType: 'any' }], formatter:'.formatSystemNumber'}"
                                        href="{= '/systemdetail/' + ${$this.odata>systemNumber} + '/overview'}" target="_blank"/>
                                    <VBox>
                                            <Text text="{$this.odata>supportPartnerName}"
                                                visible="{= !%{$this.odata>supportPartnerURL}}"/>
                                            <Link text="{ path:'$this.odata>supportPartnerName'}"
                                                visible="{= !!%{$this.odata>supportPartnerURL}}"
                                                tooltip="{ path:'$this.odata>supportPartnerName'}"
                                                href="{= ${$this.odata>supportPartnerURL}.indexOf('http')>-1 ? ${$this.odata>supportPartnerURL} : 'https://' + ${$this.odata>supportPartnerURL} }" target="_blank"/>
                                    </VBox>
                                    <Text text="{$this.odata>systemType}"/>
                                    <Text text="{$this.odata>systemName}"/>
                                    <Text text="{$this.odata>leadingProduct}"/>
                                    <Text text="{$this.odata>dataCenterText}"/>
                                    <Text text="{path: '$this.odata>dataProcessRestriction', formatter: '.formatDataProcessRestrictionText'}"/>
                                    <Text text="{= ${$this.odata>installationName} +'\n('+ ${$this.odata>installationNumber} + ')'}"/>
                                    <Link href="{$this.odata>cloudURL}" text="{$this.i18n>createIssueSysSelect_openLink}" visible="{= !!%{$this.odata>cloudURL}}"/>
                                    <Link text="{= ${$this.odata>mainSystemNbr}.replace(RegExp('^0*','g'), '')}" href="{= '/systemdetail/' + ${$this.odata>mainSystemNbr} + '/overview'}" target="_blank"/>
                                    <Text text="{$this.odata>mainSystemName}"/>
                                </cells>
                            </ColumnListItem>
                        </cards:items>
                    </cards:Table>
                </IconTabFilter>
            </items>

        </IconTabBar>
        <beginButton>
            <Button text="{$this.i18n>cancel}" press="cancelSelectSystemDialog"/>
        </beginButton>
	</Dialog>
</core:FragmentDefinition>
