<core:FragmentDefinition xmlns="sap.m" xmlns:core="sap.ui.core">
    <Dialog
        title="{$this.i18n>case_creation_select_component}"
        contentWidth="50%"
        class="sapMeSelectProductFunctionDialog sapMeSelectComponentDialog sapUiSizeCompact"
    >
        <SearchField width="95%" search="onSearch" class="sapSearchFieldMargin"/>
        <IconTabBar headerMode="Inline" expandable="false" class="sapCustomerList" selectedKey="{$this.iconTabBar>/selectedKey}" select="onTabBarChange">
            <items>
                <IconTabFilter text="{$this.i18n>CreateRecommended}" key="suggestedUsedComponent">
                    <List noDataText="{$this.i18n>case_creation_no_component_found}"
                          items="{componentList>/suggest}" growing="true">
                        <items>
                            <CustomListItem press="onComponentSelected"
                                            type="{ path:'componentList>NotSelectable', formatter: '.formatComponentItemTreeType' }"
                                            visible="{= (${componentList>NotSelectable} !== 'X')}">
                                <VBox>
                                    <VBox class="sapUiSmallMarginBegin sapUiSmallMarginTopBottom">
                                        <Title
                                            text="{ parts: [ {path: 'componentList>CompName'}, {path: 'componentList>CompDesc'} ], formatter: '.formatCompDescName'}"/>
                                        <Text text="{componentList>CompPath}" wrapping="true"/>
                                    </VBox>
                                </VBox>
                            </CustomListItem>
                        </items>
                    </List>
                </IconTabFilter>

                <IconTabFilter text="{$this.i18n>CreateRecentlyUsed}" key="recentlyUsedComponent">
                    <List noDataText="{$this.i18n>case_creation_no_component_found}"
                        items="{componentList>/rec}" growing="true">
                        <items>
                            <CustomListItem press="onComponentSelected"
                                type="{ path:'componentList>NotSelectable', formatter: '.formatComponentItemTreeType' }"
                                visible="{= (${componentList>NotSelectable} !== 'X')}">
                                <VBox>
                                    <VBox class="sapUiSmallMarginBegin sapUiSmallMarginTopBottom">
                                        <Title
                                            text="{ parts: [ {path: 'componentList>CompName'}, {path: 'componentList>CompDesc'} ], formatter: '.formatCompDescName'}"/>
                                        <Text text="{componentList>CompPath}" wrapping="true"/>
                                    </VBox>
                                </VBox>
                            </CustomListItem>
                        </items>
                    </List>
                </IconTabFilter>

                <IconTabFilter text="{$this.i18n>CreateAll}" key="allComponent">
                    <Tree busyIndicatorDelay="0" noDataText="{$this.i18n>case_creation_no_component_found}"
                        items="{componentList>/all}" toggleOpenState="onToggleOpenStateComp">
                        <items>
                            <CustomTreeItem press="onComponentSelected"
                                type="{ path:'componentList>NotSelectable', formatter: '.formatComponentItemTreeType' }"
                                visible="{ parts:[ {path:'componentList>Category'}, {path:'componentList>NotSelectable'}, {path:'componentList>HasChild'} ], formatter: '.formatComponentItemTreeVisible' }"
                                class="sapUiProductFunctionTree">
                                <HBox>
                                    <Title text="{ parts: [ {path: 'componentList>CompName'}, {path: 'componentList>CompDesc'} ], formatter: '.formatCompNameDesc'}"/>
                                    <Text text="{$this.i18n>CreateRecommended}"
                                        visible="{path: 'componentList>CompKey', formatter: '.markRecommendComponent'}"
                                        class="sapUiSmallMarginBegin sapUiProductTag"/>
                                </HBox>
                            </CustomTreeItem>

                        </items>
                    </Tree>
                </IconTabFilter>

                <IconTabFilter text="{$this.i18n>CreateSearch}" key="searchComponent" visible="{componentList>/isSearchTabVisible}">
                    <List noDataText="{$this.i18n>case_creation_no_component_found}"
                        items="{componentList>/search}" growing="true">
                        <items>
                            <CustomListItem press="onComponentSelected"
                                type="{ path:'componentList>NotSelectable', formatter: '.formatComponentItemTreeType' }"
                                visible="{= (${componentList>NotSelectable} !== 'X')}">
                                <VBox>
                                    <VBox class="sapUiSmallMarginBegin sapUiSmallMarginTopBottom">
                                        <Title
                                            text="{ parts: [ {path: 'componentList>CompName'}, {path: 'componentList>CompDesc'} ], formatter: '.formatCompDescName'}"/>
                                        <Text text="{componentList>CompPath}" wrapping="true"/>
                                    </VBox>
                                </VBox>
                            </CustomListItem>
                        </items>
                    </List>
                </IconTabFilter>
            </items>
        </IconTabBar>
        <beginButton>
            <Button text="{$this.i18n>cancel}" press="close"/>
        </beginButton>
    </Dialog>
</core:FragmentDefinition>
