<core:FragmentDefinition
    xmlns="sap.m"
    xmlns:core="sap.ui.core"
    xmlns:extend="sap.me.support.extend"
    height="80%"
    contentWidth="98%">
    <extend:ExtendDialog
        title="{$this.i18n>CreateSelectACustomer}"
        contentWidth="50%"
        cancleOnModel="false"
        class="CreateCustomerDialog sapUiSizeCompact"
    >
        <SearchField width="95%" search=".onSearch" class="sapSearchFieldMargin" />
        <IconTabBar  headerMode="Inline" expandable="false" class="sapCustomerList" select="onTabBarChange" selectedKey="{$this.iconTabBar>/selectedKey}">
            <items>
                <IconTabFilter  text="{$this.i18n>CreateRecentlyUsed}" key="recentCustomer">
                    <List noDataText="{$this.i18n>CreateCase_no_recent_customers}" items="{selectionList>/rec}">
                        <items>
                            <CustomListItem type="Active" press ="onItemPressCustomerValueSelect">
                                <HBox justifyContent="SpaceBetween" alignItems="End" class="sapUiSmallMarginBeginEnd sapUiSmallMarginTopBottom">
                                    <VBox>
                                        <Title text="{path:'selectionList>Value',formatter:'.customerValueSetToSubValue'}" level="H6" titleStyle="H6" wrapping="true" class="sapUiTinyMarginBottom"/>
                                        <Label text="{$this.i18n>CreateCustomerNumber}  {path:'selectionList>Name',formatter:'.customerNumSetToInt'}" />
                                    </VBox>
                                    <ObjectStatus
                                        text="{path:'selectionList>Desc1',formatter:'.customerDescSetToUpperCase'}"
                                        state="None"
                                        visible="{= !!%{selectionList>Desc1}}"/>
                                </HBox>
                            </CustomListItem>
                        </items>
                    </List>
                </IconTabFilter>
                <IconTabFilter text="{$this.i18n>CreateFavorite}" key="favoriteCustomer">
                    <List
                        noDataText="{$this.i18n>CreateCase_no_favourite_customers}"
                        items="{selectionList>/fav}">
                        <items>
                            <CustomListItem type="Active" press ="onItemPressCustomerValueSelect" >
                                <HBox justifyContent="SpaceBetween" alignItems="End" class="sapUiSmallMarginBeginEnd sapUiSmallMarginTopBottom">
                                    <VBox>
                                        <Title text="{path:'selectionList>Value',formatter:'.customerValueSetToSubValue'}" level="H6" titleStyle="H6" wrapping="true" class="sapUiTinyMarginBottom"/>
                                        <Label text="{$this.i18n>CreateCustomerNumber}  {path:'selectionList>Name',formatter:'.customerNumSetToInt'}"/>
                                    </VBox>
                                    <ObjectStatus
                                        text="{path:'selectionList>Desc1',formatter:'.customerDescSetToUpperCase'}"
                                        state="None"
                                        visible="{= !!%{selectionList>Desc1}}"/>
                                </HBox>
                            </CustomListItem>
                        </items>
                    </List>
                </IconTabFilter>
                <IconTabFilter  text="{$this.i18n>CreateAll}" key="allCustomer">
                    <List
                        noDataText="{$this.i18n>CreateCase_no_customers}"  items="{selectionList>/all}">
                        <items>
                            <CustomListItem type="Active" press="onItemPressCustomerValueSelect">
                                <HBox justifyContent="SpaceBetween" alignItems="End" class="sapUiSmallMarginBeginEnd sapUiSmallMarginTopBottom">
                                    <HBox>
                                        <Button icon="{= %{selectionList>isFavorite}  ? 'sap-icon://favorite' : 'sap-icon://unfavorite'}"  type="Transparent"
                                                press="onPressFavCustomerButton" class="sapUiTinyMarginEnd"/>
                                        <VBox>
                                            <Title text="{path:'selectionList>Value',formatter:'.customerValueSetToSubValue'}" level="H6" titleStyle="H6" wrapping="true" class="sapUiTinyMarginBottom"/>
                                            <Label text="{$this.i18n>CreateCustomerNumber}  {path:'selectionList>Name',formatter:'.customerNumSetToInt'}" />
                                        </VBox>
                                    </HBox>
                                    <ObjectStatus
                                        text="{path:'selectionList>Desc1',formatter:'.customerDescSetToUpperCase'}"
                                        state="None"
                                        visible="{= !!%{selectionList>Desc1}}"/>
                                </HBox>
                            </CustomListItem>
                        </items>
                    </List>
                </IconTabFilter>
            </items>

        </IconTabBar>
        <extend:beginButton>
            <Button text="{$this.i18n>cancel}" press="cancelCustomerDialogAndSuserDialog"/>
        </extend:beginButton>
    </extend:ExtendDialog>
</core:FragmentDefinition>
