<core:FragmentDefinition
    xmlns="sap.m"
    xmlns:f="sap.ui.layout.form"
    xmlns:core="sap.ui.core">
    <Dialog title="{$this.i18n>EditBUContactDialog_title}" contentWidth="38%" class="caseContactAddBUDialogClass">
        <content>
            <f:SimpleForm layout="ResponsiveGridLayout">
                <f:content>
                    <List items="{ path: '$this.caseContacts>/ContactsSectionCard' }">
                        <items>
                            <CustomListItem>
                                <VBox width="100%" visible="{= ${$this.caseContacts>role} === ${$this.i18n>CreateContact_Role_Business_User}}">
                                    <Label text="{$this.i18n>EditBUContactDialog_name_label}"/>
                                    <VBox width="100%">
                                        <MaskInput value="{$this.caseContacts>userId}" change="onBUChange" mask="C*~~~~~~~~~~" placeholderSymbol="_"
                                                   placeholder="{$this.i18n>CreateContact_BU_placeHolder}" width="100%">
                                            <rules>
                                                <MaskInputRule maskFormatSymbol="*" regex="[CB|CC]"/>
                                                <MaskInputRule maskFormatSymbol="~" regex="[a-zA-Z0-9]"/>
                                            </rules>
                                        </MaskInput>
                                    </VBox>
                                </VBox>
                            </CustomListItem>
                        </items>
                    </List>
                </f:content>
            </f:SimpleForm>
        </content>
        <endButton>
            <Button type="Emphasized" text="{$this.i18n>submit}" press="onBUSubmit"/>
        </endButton>
        <beginButton>
            <Button class="cancelBtn" text="{$this.i18n>cancel}" press="onBUCancel"/>
        </beginButton>
    </Dialog>
</core:FragmentDefinition>
