<core:FragmentDefinition
	xmlns="sap.m"
	xmlns:core="sap.ui.core">
	<ResponsivePopover
		title="{$this.i18n>servicesRequests_Fragment_Password_Sharing_title} {$this.raw>/SelectedServiceRequest/entity}"
        class="sap4mePasswordSharingPopover"
		placement="Auto">
        <customHeader>
            <OverflowToolbar>
                <ObjectStatus
                    class="sap4mePasswordSharingObjectStatus"
                    title="{$this.i18n>servicesRequests_Fragment_Password_Sharing_title}"
                    text="{$this.raw>/SelectedServiceRequest/entity}"
                    active="false"
                    state="None"/>
                <ToolbarSpacer />
            </OverflowToolbar>
        </customHeader>
		<content>
            <ScrollContainer
                height="13rem"
                width="100%"
                vertical="true"
                horizontal="false"
                focusable="true">
                <List
                    items="{path:'$this.raw>/PasswordsSharing', sorter:[{path:'ID'}]}"
                    backgroundDesign="Transparent"
                    class="sap4mePasswordSharingList sapUiSmallMarginTop">
                    <items>
                        <CustomListItem>
                            <VBox
                                visible="{= ${$this.raw>password/PASSWORD} === 'error' ? false : true}">
                                <Text text="{$this.raw>username}" class="sapUiSmallMarginBeginEnd"/>
                                <HBox alignItems="Start" justifyContent="SpaceBetween" class="sapUiSmallMarginBottom sapUiSmallMarginBeginEnd sap4meServicesRequestBorder sapMeIndicatorWithBorder" width="24rem">
                                    <Input
                                        type="Password"
                                        value="{$this.raw>password/PASSWORD}"
                                        width="19rem"
                                        class="sap4mePasswordBorder"
                                        valueState="{= ${$this.raw>password/PASSWORD} === ''  ? 'Warning' : 'None'}"
                                        placeholder="{= ${$this.raw>password/PASSWORD} === ''  ? ${$this.i18n>servicesRequests_PasswordSharingNotAvailalbeHolder} : ''}"
			                            valueStateText="{= ${$this.raw>password/PASSWORD} === ''  ? ${$this.i18n>servicesRequests_PasswordSharingNotAvailable} : ''}"/>
                                    <Button
                                        icon="sap-icon://show"
                                        press="onPressButtonShowPasswordsSharing"
                                        type="Transparent"
                                        class="sap4meShowButtonHide"
                                        visible="{= ${$this.raw>password/PASSWORD} === ''  ? false : true}"/>
                                    <Button
                                        icon="sap-icon://copy"
                                        press="onPressButtonCopyPassword"
                                        type="Transparent"
                                        class="sap4meShowButtonHide"
                                        visible="{= ${$this.raw>password/PASSWORD} === ''  ? false : true}"/>
                                </HBox>
                            </VBox>
                            <VBox
                                class="sapUiSmallMarginBottom sapUiSmallMarginBeginEnd"
                                visible="{= ${$this.raw>password/PASSWORD} === 'error' ? true : false}">
                                <Text text="{$this.raw>username}"/>
                                <Label text="{$this.i18n>servicesRequests_PasswordSharingNotFoundOrExpired}" />
                            </VBox>
                        </CustomListItem>
                    </items>
                </List>
            </ScrollContainer>
		</content>
		<endButton>
            <Button
                text="{$this.i18n>close}"
                type="Default"
                class="sap4meClosePopupButton sapUiSmallMarginTopBottom sapUiTinyMarginEnd"
                press="_onPressClosePasswordsSharingDialog" />
		</endButton>
	</ResponsivePopover>
</core:FragmentDefinition>
