<core:FragmentDefinition xmlns="sap.m" xmlns:core="sap.ui.core">
    <Dialog contentWidth="50%" class="sapUiSizeCompact">
        <customHeader>
            <Toolbar>
                <Title text="{i18nSupport>editPriority_changePriority}"/>
            </Toolbar>
        </customHeader>
        <content>
            <VBox id="sapMeCaseImpactDialogueContentVBox"/>
        </content>
        <beginButton>
            <Button text="{i18nSupport>submit}" type="Emphasized" press="savePriorityImpactEdit"
                    enabled="true"/>
        </beginButton>
        <endButton>
            <Button text="{i18nSupport>cancel}" type="Default" press="closePriorityImpactEdit"/>
        </endButton>
    </Dialog>
</core:FragmentDefinition>
