<core:FragmentDefinition xmlns="sap.m" xmlns:core="sap.ui.core">
    <VBox id="sapMeCasePriorityImpactEditChooseVbox" class="sapMeCaseImpactEditChooseVbox">
        <Label text="{i18nSupport>editPriority_priorityTitle}" required="true"/>
        <Select
             id='ImpactAndPriorityEdit'
             width='100%'
             change="prioritySelectChanged"
             selectedKey="{priorityAndImpact>/priority}"
             wrapItemsText="true"
             class="prioritySelect"
        >
            <customData>
                <core:CustomData key="color-red" value="{= ${priorityAndImpact>/priority}==='High' || ${priorityAndImpact>/priority}==='Very High' ? 'true' : 'false'}" writeToDom="true" />
            </customData>
            <core:Item key="Low" text="Low"/>
            <core:Item key="Medium" text="Medium"/>
            <core:Item key="High" text="High">
                <core:customData>
                    <core:CustomData key="color-red" value="true" writeToDom="true" />
                </core:customData>
            </core:Item>
            <core:Item key="Very High" text="Very High">
                <core:customData>
                    <core:CustomData key="color-red" value="true" writeToDom="true" />
                </core:customData>
            </core:Item>
        </Select>
        <HBox id="priorityImpactReminderVBox" class="sapMeCasePriorityImpactReminderVBox" visible="false" alignItems="Center">
            <Text text="{i18nSupport>editPriority_reminderVeryHigh}"/>
            <Button
                text="{i18nSupport>editPriority_reminderButton}"
                press="onReminderViewDetailButtonPressed"
                id="priorityImpactReminderViewDetailButton"
                class="sapMePriorityImpactReminderViewDetailButton sapUiSizeCompact"
                icon="sap-icon://navigation-down-arrow"
                iconFirst="false"
            />
        </HBox>
        <HBox class="contactBox" width="100%" wrap="Wrap" visible="{priorityAndImpactControl>/contactVisible}">
            <!-- primary contact -->
            <HBox class="contact">
                <Avatar class="avatar" displaySize="XS" />
                <VBox class="contactInfo">
                    <Label class="sapMeCaseImpactEditChooseLabel" text="{i18nSupport>editPriority_24HContactTitle}" required="{priorityAndImpact>/contactRequired}" />
                    <Input id="24HContactInput" showValueHelp="true" valueHelpRequest="handleAddContactsValueHelp($event, 'primary')" valueHelpOnly="true"
                           class="placeholder"
                           value="{priorityAndImpact>/primaryContact/ContactName}"
                           placeholder="{i18nSupport>editPriority_nameLabelForContact}"/>
                </VBox>
                <HBox class="buttonGroup">
                    <Button class="actionBtn sapUiSizeCompact" icon="sap-icon://edit" press="handleAddContactsValueHelp($event, 'primary')" />
                    <Button class="actionBtn sapUiSizeCompact" icon="sap-icon://delete" press="onClearContactIconPressed('primary')" />
                </HBox>
            </HBox>
            <!-- secondary contact -->
            <HBox class="contact">
                <Avatar class="avatar" displaySize="XS" />
                <VBox class="contactInfo">
                    <Label class="sapMeCaseImpactEditChooseLabel" text="{i18nSupport>editPriority_SecondaryContactTitle}" />
                    <Input id="SecondaryContactInput" showValueHelp="true" valueHelpRequest="handleAddContactsValueHelp($event, 'secondary')" valueHelpOnly="true"
                           value="{priorityAndImpact>/secondaryContact/ContactName}"
                           class="placeholder"
                           placeholder="{i18nSupport>editPriority_nameLabelForContact}" width="100%"/>
                </VBox>
                <HBox class="buttonGroup">
                    <Button class="actionBtn sapUiSizeCompact" type="Default" icon="sap-icon://edit" press="handleAddContactsValueHelp($event, 'secondary')" />
                    <Button class="actionBtn sapUiSizeCompact" type="Default" icon="sap-icon://delete" press="onClearContactIconPressed('secondary')" />
                </HBox>
            </HBox>
            <VBox width="100%">
                <MessageStrip type="Warning" showIcon="true" showCloseButton="false" enableFormattedText="false" visible="{
                            parts:[
                                {path: 'priorityAndImpact>/priority'}
                                , {path: 'priorityAndImpact>/primaryContact/ContactName'}
                                , {path: 'priorityAndImpact>/primaryContact/ContactMobile'}
                                , {path: 'priorityAndImpact>/primaryContact/ContactTelephone'}
                            ]
                            , formatter: '.formatNoPhoneWarningVisible'
                        }" class="sapUiSmallMarginTop" text="{i18nSupport>editPriority_primaryContact_noPhoneWarning}"/>

                <MessageStrip type="Warning" showIcon="true" showCloseButton="false" enableFormattedText="false" visible="{
                            parts:[
                                {path: 'priorityAndImpact>/priority'}
                                , {path: 'priorityAndImpact>/secondaryContact/ContactName'}
                                , {path: 'priorityAndImpact>/secondaryContact/ContactMobile'}
                                , {path: 'priorityAndImpact>/secondaryContact/ContactTelephone'}
                            ]
                            , formatter: '.formatNoPhoneWarningVisible'
                        }" class="sapUiSmallMarginTop" text="{i18nSupport>editPriority_secondaryContact_noPhoneWarning}"/>
            </VBox>


        </HBox>
        <VBox width="100%" visible="{priorityAndImpact>/additionalQuestionsRequired}">
            <HBox class="sapMeCasePriorityImpactBusiness">
                <Label text="{i18nSupport>editPriority_selectBizImpactCategory}" required="true" class="sapMeCaseImpactEditChooseLabel"/>
                <core:Icon src="sap-icon://question-mark" class="sapMeBizImpactCategoryQuestionMarkIcon" tooltip="{priorityAndImpact>/bizImpactCategoryToolTip}"/>
            </HBox>
            <Select
                width='100%'
                change="bizImpactCategoryChanged"
                selectedKey="{priorityAndImpact>/bizImpactCategorySelectedKey}"
                wrapItemsText="true"
            >
                <core:Item key="None" text="{i18nSupport>editPriority_BizImpactCategoryNone}"/>
                <core:Item key="Item1" text="{i18nSupport>editPriority_BizImpactCategoryItem1}"/>
                <core:Item key="Item2" text="{i18nSupport>editPriority_BizImpactCategoryItem2}"/>
                <core:Item key="Item3" text="{i18nSupport>editPriority_BizImpactCategoryItem3}"/>
                <core:Item key="Item4" text="{i18nSupport>editPriority_BizImpactCategoryItem4}"/>
            </Select>
            <Text text="{priorityAndImpact>/bizImpactCategoryDescText}" class="sapMeBizImpactCategoryDescText" visible="{priorityAndImpact>/bizImpactCategoryDescTextVisible}"/>
        </VBox>
         <FlexBox
            visible="{= !!${priorityAndImpact>/additionalQuestionsRequired} &amp;&amp; ${priorityAndImpact>/bizImpactCategory} !== 'None' &amp;&amp; !!${priorityAndImpact>/bizImpactCategory}}"
            alignItems="Center"
            wrap="Wrap"
            width="auto"
            justifyContent="Start">
            <VBox width="30%" visible="{= %{priorityAndImpact>/bizImpactCategory} !== 'Item4'}">
                <Label text="{i18nSupport>editPriority_workAroundCheckboxQuestion}" tooltip="{i18nSupport>editPriority_workAroundCheckboxQuestion}" required="true" class="sapMeCaseImpactEditChooseLabel"/>
                <RadioButtonGroup columns="2" class="sapMeBizImpactCategoryQuestionCheckBoxMargin">
                    <RadioButton text="{i18nSupport>yes}" selected="{= ${priorityAndImpact>/qa/isWorkAroundQuestionResult} === 'Yes'}" select="isWorkAroundCheckChoose($event, 'Yes')"/>
                    <RadioButton text="{i18nSupport>no}"  selected="{= ${priorityAndImpact>/qa/isWorkAroundQuestionResult} === 'No' }" select="isWorkAroundCheckChoose($event, 'No')"/>
                </RadioButtonGroup>
            </VBox>
            <VBox width="49%">
                <Label wrapping="true" text="{priorityAndImpact>/financialLossQuestionText}" tooltip="{priorityAndImpact>/financialLossQuestionText}" class="sapMeCaseImpactEditChooseLabel"/>
                <HBox class="sapMeBizImpactCategoryQuestionCheckBoxMargin">
                    <HBox width="105px">
                        <RadioButton text="{i18nSupport>yes}" selected="{= ${priorityAndImpact>/qa/isFinancialLossQuestionResult} === 'Yes'}" select="isFinancialLossCheckChoose($event,'Yes')"/>
                    </HBox>
                    <Input enabled="{= %{priorityAndImpact>/qa/isFinancialLossQuestionResult} === 'Yes'}"
                        placeholder="{i18nSupport>editPriority_financialLossPlaceHolder}"
                        value="{priorityAndImpact>/qa/isFinancialLossQuestionInputText}" />
                        <HBox width="96px">
                            <RadioButton text="{i18nSupport>no}"  selected="{= ${priorityAndImpact>/qa/isFinancialLossQuestionResult} === 'No' }" select="isFinancialLossCheckChoose($event,'No')"/>
                        </HBox>
                </HBox>
            </VBox>
            <VBox width="2%" visible="{= %{priorityAndImpact>/bizImpactCategory} === 'Item4'}"/>
            <VBox width="{parts:[{path:'priorityAndImpact>/bizImpactCategory'}], formatter: '._dynamicWidthForNumberOfUserAffected'}">
                <Label text="{i18nSupport>editPriority_numberOfUserAffected}" tooltip="{i18nSupport>editPriority_numberOfUserAffected}" class="sapMeCaseImpactEditChooseLabel"/>
                <Input placeholder="{i18nSupport>editPriority_numberOfUserAffectedPlaceHolder}"
                       value="{priorityAndImpact>/qa/numberOfUserAffectedQuestionInputText}"/>
            </VBox>
            <VBox width="2%" visible="{= %{priorityAndImpact>/bizImpactCategory} !== 'Item4'}"/>
            <VBox visible="{= %{priorityAndImpact>/bizImpactCategory} === 'Item1'}" width="49%">
                <Label text="{i18nSupport>editPriority_sinceWhenProdDown}" tooltip="{i18nSupport>editPriority_sinceWhenProdDown}" class="sapMeCaseImpactEditChooseLabel"/>
                <DatePicker placeholder="{i18nSupport>editPriority_sinceWhenProdDownPlaceHolder}"
                            value="{priorityAndImpact>/qa/sinceWhenProdDownQuestionDatePickerText}"/>
            </VBox>
            <VBox visible="{= %{priorityAndImpact>/bizImpactCategory} === 'Item2'}" width="49%">
                <Label text="{i18nSupport>editPriority_howLongIssueBeenOccurring}" tooltip="{i18nSupport>editPriority_howLongIssueBeenOccurring}" class="sapMeCaseImpactEditChooseLabel"/>
                <Input placeholder="{i18nSupport>editPriority_howLongIssueBeenOccurringPlaceHolder}"
                       value="{priorityAndImpact>/qa/howLongIssueBeenOccurringQuestionInputText}"/>
            </VBox>
            <VBox visible="{= %{priorityAndImpact>/bizImpactCategory} === 'Item3'}" width="32%">
                <Label text="{i18nSupport>editPriority_numbersOfConsultantsInvolved}" tooltip="{i18nSupport>editPriority_numbersOfConsultantsInvolved}" class="sapMeCaseImpactEditChooseLabel"/>
                <Input placeholder="{i18nSupport>editPriority_numbersOfConsultantsInvolvedPlaceHolder}"
                       value="{priorityAndImpact>/qa/numbersOfConsultantsInvolvedQuestionInputText}"/>
            </VBox>
            <VBox width="2%" visible="{= %{priorityAndImpact>/bizImpactCategory} === 'Item3'}"/>
            <VBox visible="{= %{priorityAndImpact>/bizImpactCategory} === 'Item3'}" width="32%">
                <Label text="{i18nSupport>editPriority_whenIsTheGoLiveDate}" class="sapMeCaseImpactEditChooseLabel" tooltip="{i18nSupport>editPriority_whenIsTheGoLiveDate}"/>
                <DatePicker placeholder="{i18nSupport>editPriority_whenIsTheGoLiveDatePlaceHolder}"
                            value="{priorityAndImpact>/qa/whenIsTheGoLiveDateDatePickerText}"/>
            </VBox>
        </FlexBox>
        <VBox width="100%" visible="{priorityAndImpactControl>/impactTextVisile}" id="sapMeCaseImpactTextVbox">
            <Label text="{i18nSupport>editPriority_businessImpactTitle}" required="{priorityAndImpact>/impactRequired}" class="sapMeCaseImpactEditChooseLabel"/>
            <VBox width="100%" height="40%" id="caseHeaderEditRichTextVBox"/>
        </VBox>
        <MessageStrip id="priorityMsgStrip" type="Warning" showIcon="true" showCloseButton="false" enableFormattedText="true" visible="false" class="sapUiSmallMarginTop"/>
        <VBox id="priorityImpactSaveVBox" class="sapMePriorityImpactSaveVBox" visible="false">
            <Button
                text="{i18nSupport>editPriority_saveButton}"
                press="onSaveViewDetailButtonPressed"
                id="priorityImpactSaveViewDetailButton"
                type="Emphasized"
                class="sapMeCasePriorityImpactSaveButton sapUiSizeCompact"
            />
        </VBox>
    </VBox>
</core:FragmentDefinition>
