<core:FragmentDefinition
    xmlns="sap.m"
    xmlns:core="sap.ui.core"
>
    <Dialog
        title="{$this.i18n>case_creation_product_knowledge_critical_title}"
        contentWidth="35%"
        class="sapMeProductKnowledgeCriticalDialog"
    >
        <customHeader>
            <Toolbar width="100%" class="sapMeHeaderBottomLine">
                <content>
                    <core:Icon
                        src="sap-icon://alert"
                        color="#DD6100" >
                    </core:Icon>
                    <Title text="{$this.i18n>case_creation_product_knowledge_critical_title}" level="H1"/>
                    <ToolbarSpacer/>
                </content>
            </Toolbar>
        </customHeader>
        <VBox>
            <FormattedText class="sapMeMessageText" htmlText="{parts: [
                    {path: 'BasicInformationStepDataModel>/system/info/currentDisplayName', targetType: 'any'},
                    {path: 'BasicInformationStepDataModel>/productFunction/info/FullName', targetType: 'any'}
                ], formatter:'.formatDisplayText'}"/>
            <List items="{hotAndTrendingList>/criticalList}" class="sapMeCriticalList">
                <CustomListItem>
                    <HBox justifyContent="SpaceBetween">
                        <HBox class="sapUiTinyMarginBegin sapUiSmallMarginTop">
                            <core:Icon
                                src="sap-icon://document-text"
                                color="#758CA4">
                            </core:Icon>
                            <Link
                                text="{parts: [
                                {path: 'hotAndTrendingList>Title', targetType: 'any'},
                                    {path: 'hotAndTrendingList>KMNumber', targetType: 'any'}
                            ], formatter:'._handleTitle'}"
                                href="{hotAndTrendingList>URL}"
                                target="_blank"
                                class="sapUiTinyMarginBegin"
                                wrapping="true"
                                press="onPressKBALink"
                            />
                        </HBox>
                        <Button text="{$this.i18n>case_creation_product_knowledge_critical_subscribe}"
                                class="sapUiTinyMarginEnd sapUiSizeCompact sapUiTinyMarginTop" press="onSubscribeClick"/>
                    </HBox>
                </CustomListItem>
            </List>
        </VBox>
        <footer class="onConfirmAndCloseSystemDialogFooter">
            <OverflowToolbar>
                <ToolbarSpacer/>
                <HBox justifyContent="End">
                    <Button type="Default" text="{$this.i18n>ok}" press="closeCriticalPop" class="sapUiSmallMarginBegin sapUiSizeCompact"/>
                </HBox>
            </OverflowToolbar>
        </footer>
    </Dialog>
</core:FragmentDefinition>
