<core:FragmentDefinition
	xmlns="sap.m"
	xmlns:core="sap.ui.core"
>
	<Dialog
		title="{$this.i18n>requestExtendedSupportDialogue_title}"
        contentWidth="50%"
        afterOpen="onDialogOpened"
        >
        <VBox>
            <VBox class="sapMeRequestExtendedSupportReporterDetails">
                <VBox visible="{dialogContentData>/isCustomerDetailsVisible}">
                    <Text text="{$this.i18n>requestExtendedSupportDialogue_customer_name} {dialogContentData>/customerName}" />
                    <Text text="{$this.i18n>requestExtendedSupportDialogue_customer_number} {dialogContentData>/customerNumberWithout0}" />
                </VBox>
                <Text text="{$this.i18n>requestExtendedSupportDialogue_requested_by} {dialogContentData>/requestedBy}" />
                <Text text="{$this.i18n>requestExtendedSupportDialogue_requested_on} {dialogContentData>/requestedOn}" />
                <Text text="{$this.i18n>requestExtendedSupportDialogue_partnerName} {dialogContentData>/customerName}" visible = "{dialogContentData>/showPartnerLabel}"/>
                <Text text="{$this.i18n>requestExtendedSupportDialogue_partnerNumber} {dialogContentData>/customerNumberWithout0}" visible = "{dialogContentData>/showPartnerLabel}"/>
            </VBox>
            <FormattedText htmlText="{$this.i18n>requestExtendedSupportDialogue_reminder_text}" class="sapMeRequestExtendedSupportReminderText" />
            <VBox class="sapMeRequestExtendedSupportDialogSelectContentVBox">
                <Label width="100%" required="true" text="{$this.i18n>requestExtendedSupportDialogue_customer_label}" visible="{= !%{dialogContentData>/isCustomerDetailsVisible}}" />
                <Select id="sapMeRequestExtendedSupportDialogSelectCustomer" class="sapMeRequestExtendedSupportDialogSelectCustomer" visible="{= !%{dialogContentData>/isCustomerDetailsVisible}}" change="onCustomerSelectChanged">
                    <core:Item key="" text="" />
                </Select>
                <Label width="100%" required="true" text="{$this.i18n>requestExtendedSupportDialogue_target_scope_label}" class="sapMeRequestExtendedSupportDialogSTargetScopeLabel" />
                <VBox class="sapMeRequestExtendedSupportDialogScopeVBox">
                    <VBox class="sapMeRequestExtendedSupportDialogScopeItemVBox">
                        <CheckBox enabled="false" text="{$this.i18n>requestExtendedSupportDialogue_target_scope_1709_date}" wrapping="true" selected="{= %{dialogContentData>/targetScope} === '1709'}" select="onScope1709Chosen" />
                    </VBox>
                    <VBox class="sapMeRequestExtendedSupportDialogScopeItemVBox">
                        <CheckBox text="{$this.i18n>requestExtendedSupportDialogue_target_scope_1809_date}" wrapping="true" selected="{= %{dialogContentData>/targetScope} === '1809'}" select="onScope1809Chosen" />
                    </VBox>
                    <VBox class="sapMeRequestExtendedSupportDialogScopeItemVBox">
                        <CheckBox enabled="false" text="{$this.i18n>requestExtendedSupportDialogue_target_scope_1909_date}" wrapping="true" selected="{= %{dialogContentData>/targetScope} === '1909'}" select="onScope1909Chosen" />
                    </VBox>
                </VBox>
            </VBox>
        </VBox>
        <beginButton>
            <Button text="{$this.i18n>requestExtendedSupportDialogue_cancel_button}" press="onCancelButtonPressed" />
        </beginButton>
        <endButton>
            <Button text="{$this.i18n>requestExtendedSupportDialogue_submit_button}" type="Emphasized" press="onSubmitButtonPressed"/>
        </endButton>
	</Dialog>
</core:FragmentDefinition>
