<core:FragmentDefinition xmlns="sap.m" xmlns:core="sap.ui.core" xmlns:l="sap.ui.layout" xmlns:form="sap.ui.layout.form" xmlns:u="sap.ui.unified"
                         xmlns:sae="sap.me.support.controls.SAE.Controller">
    <Dialog id="SAMDialog" contentWithd="600px" draggable="true">
        <customHeader>
            <Bar>
                <contentMiddle>
                    <Title text="{$this.i18n>SAMTitle}"/>
                </contentMiddle>

            </Bar>
        </customHeader>

            <VBox>
                <!-- first page -->
                <VBox id="firstInfoVBox" visible="true" class="sapMeCreationAppointmentFirstInfoVBox">
                    <!-- Info box: timezone & session title -->
                    <VBox visible="true" id="sapMeCreationAppointmentInformationVBox" class="sapMeCreationAppointmentInformationVBox">
                        <VBox class="sapMeAppointmentInfoTitle sapUiTinyMargin sapUiSmallMarginBegin">
                            <HBox>
                                <Text text="{$this.i18n>case_creation_appointment_info_file_title2}" />
                                <Text class="sapMeAppointmentInfoTitleMessage sapUiTinyMarginBegin" text="{ path: '$this.oBookSAMdata2>/incidentTitle' }" />
                            </HBox>
                            <HBox class="sapUiTinyMarginTop">
                                <Text text="{$this.i18n>case_creation_appointment_info_file_title1}" />
                                <Text class="sapMeAppointmentInfoTitleMessage sapUiTinyMarginBegin" text="{$this.appointmentInformationSAM>/localTimezone}" />
                            </HBox>
                        </VBox>
                    </VBox>

                    <!-- Calendar & Time slots -->
                    <HBox class="sapMeCreationAppointmentInformationVBox">
                        <!-- calendar -->
                        <u:Calendar id="calendar" select=".onPressAppointmentDay" disabledDates="{$this.disabledDates>/disabled}" showWeekNumbers="false">
                            <u:disabledDates>
                                <u:DateRange
						                    startDate="{$this.disabledDates>start}"
						                    endDate="{$this.disabledDates>end}"/>
                            </u:disabledDates>
                        </u:Calendar>

                        <!-- time period options & time slots -->
                        <VBox>
                            <!-- time period options -->
                            <FlexBox class="sapMeAppointmentInfoDay" width="100%" justifyContent="Center" alignItems="Center">
                                <List class="sapMeAppointmentInfoDayRight" showSeparators="None" items="{ path: '$this.appointmentInformationSAM>/timePeriodOptions' }">
                                    <items>
                                        <CustomListItem>
                                            <HBox class="sapUiTinyMarginEnd">
                                                <Image
                                                    src="{
                                                            parts: [{ path: '$this.appointmentInformationSAM>/selectedTimeIndex' }, { path: '$this.appointmentInformationSAM>key' }, {value: 'SAM'}],
                                                            formatter: '.SAEHelper.appointmentTimeIconFormatter'
                                                        }"
                                                    width="2.5rem"
                                                    height="2.5rem"
                                                    class="sapUiTinyMarginBegin"
                                                    press="onPressAppointmentTimeIconSAM"
                                                />
                                            <VBox class="sapUiSmallMarginBeginEnd" visible="{= %{$this.appointmentInformationSAM>/selectedTimeIndex} === %{$this.appointmentInformationSAM>key}}">
                                                <Text class="sapMeAppointmentInfoTimeOptionTitle" text="{$this.appointmentInformationSAM>titleText}" />
                                                <Text class="sapMeAppointmentInfoDayLeftText" text="{$this.appointmentInformationSAM>subText}" />
                                            </VBox>
                                            </HBox>
                                        </CustomListItem>
                                    </items>
                                </List>
                            </FlexBox>
                            <!-- time slots list-->
                            <VBox>
                                <List visible="true" class="sapMeAppointmentInfoTimeList" items="{path: '$this.appointmentInformationSAM>/selectedTimeList'}">
                                    <items>
                                        <CustomListItem press=".onPressTimeItem" type="Active" class="sapMeAppointmentInfoTimeItem">
                                            <customData>
                                                <core:CustomData key="time-item" writeToDom="true" value="{= %{$this.appointmentInformationSAM>isAvailable} ? %{$this.appointmentInformationSAM>startTime} === %{$this.appointmentInformationSAM>/selectedTimeItem/startTime} ? 'active' : 'inactive' : 'disable'}" />
                                            </customData>
                                            <VBox class="sapUiSmallMargin">
                                                <HBox>
                                                    <Text class="sapMeAppointmentInfoTimeItemText" text="{ formatter: '.SAEHelper.formatTimeTextByLocale', path: '$this.appointmentInformationSAM>text' }" />
                                                </HBox>
                                                <Text text="{$this.i18n>samSessionDurationTxt}" class="sapUiTinyMarginTop sapMeAppointmentInfoTimeItemText"/>
                                            </VBox>
                                        </CustomListItem>
                                    </items>
                                </List>
                            </VBox>
                        </VBox>
                    </HBox>

                    <HBox justifyContent="End">
                        <Button id="SAMSaveAndContinue" text="{$this.i18n>saveButtonTxt}" type="Emphasized" enabled="false" press="onSaveAndContinue" class="sapUiSizeCompact sapUiTinyMarginEnd"/>
                        <Button text="Cancel"  press="onCloseBookSAMDialog" class="sapUiSizeCompact sapUiTinyMarginEnd"/>
                    </HBox>
                </VBox>

                <!-- second page -->
                <VBox id="secondInfoVBox" visible="false">
                    <!-- title & timezone & selected slot -->
                    <OverflowToolbar height="100%">
                        <VBox class="sapUiSmallMarginBegin sapUiTinyMarginTop">
                            <HBox>
                                <Text labelFor="CaseNumberText" text="{$this.i18n>SchedulingSessionforCase}" class="sapUiTinyMarginEnd"/>
                                <Text id="CaseNumberText" text="{ path: '$this.oBookSAMdata2>/incidentTitle' }"/>
                            </HBox>
                            <HBox class="sapUiTinyMarginTop">
                                <Text labelFor="timeZone" text="{$this.i18n>CurrTimezoneInUserProfile}" class="sapUiTinyMarginEnd"/>
                                <Text id="timeZone" text="{ path: '$this.calendarGrid>/Timezone' }" />
                            </HBox>
                            <HBox class="sapUiTinyMarginTop sapUiTinyMarginBottom">
                                <Text labelFor="selectedSlotText" text="{$this.i18n>SelectedSlot}:" class="sapUiTinyMarginEnd"/>
                                <Text id="selectedSlotText" text="{$this.appointmentInformationSAM>/selectedDate} {$this.i18n>at} {$this.appointmentInformationSAM>/selectedTimeItem/startTime}"/>
                                <ObjectStatus
                                    icon="sap-icon://edit"
                                    active="true"
                                    state="Information"
                                    press="onBackSelected"
                                    class="sapUiSmallMarginBegin"
                                    color="#0A6ED1"
                                    tooltip='{i18n>tablecol_sessioninformation}'
                                />
                            </HBox>
                            <ToolbarSpacer/>
                        </VBox>
                    </OverflowToolbar>
                    <!-- contact information -->
                    <OverflowToolbar height="100%">
                    <VBox>
                        <Label design="Bold" text="{$this.i18n>ContactInformation}" class="sapUiTinyMarginEnd sapUiTinyMarginBegin sapUiTinyMarginTop"/>
                        <VBox width="600px" class="sapUiTinyMarginBegin">
                            <Label id="contactDetails" text="{$this.i18n>ensureCorrectContactDetails}" class="sapUiSmallMarginBottom" wrapping="true"/>
                        </VBox>
                        <l:VerticalLayout width="100%">
                            <HBox>
                                    <VBox>
                                        <HBox height="44px" width="190px" justifyContent="End">
                                            <Label  required="true" labelFor="nameInput1" text="{$this.i18n>name}" class="sapUiLargeMarginBegin sapUiSmallMarginTop sapUiTinyMarginEnd"/>
                                        </HBox>
                                        <HBox height="44px" width="190px" justifyContent="End">
                                            <Label required="true" labelFor="phoneComboBox" text="{$this.i18n>phoneNumber}" class="sapUiSmallMarginBegin sapUiSmallMarginTop sapUiTinyMarginEnd"/>
                                        </HBox>
                                        <HBox height="44px" width="190px" justifyContent="End">
                                            <Label required="true" text="{$this.i18n>email}" class="sapUiLargeMarginBegin sapUiSmallMarginTop sapUiTinyMarginBottom sapUiTinyMarginEnd"/>
                                        </HBox>


                                    </VBox>
                                    <VBox>
                                        <Input id="nameInput1" width="384px"/>
                                        <HBox>
                                            <ComboBox id="phoneComboBox" width="7.5rem" items="{path: '$this.oCountryCodes>/', sorter: {path: '$this.oCountryCodes>code', descending : false}, length: '300' }">
                                                <core:Item key="{$this.oCountryCodes>code}" text="{$this.oCountryCodes>dial_code} ({$this.oCountryCodes>code}) - {$this.oCountryCodes>name}" />
                                            </ComboBox>
                                            <Input id="phoneNumberInput1" class="sapMeAppointmentInputWidth" width="264px"/>
                                        </HBox>
                                        <Input id="emailInput1" class="sapUiSmallMarginBottom" width="384px"/>
                                    </VBox>
                                </HBox>
                        </l:VerticalLayout>
                    </VBox>
                    </OverflowToolbar>

                    <!-- Request Reason -->
                    <OverflowToolbar height="100%">
                    <VBox>
                        <Label design="Bold" text="{$this.i18n>requestReason}" class="sapUiTinyMarginEnd sapUiTinyMarginBegin sapUiSmallMarginTop"/>
                        <Label id="requestReason" text="{$this.i18n>requestReasonText}" class="sapUiTinyMarginBottom sapUiTinyMarginBegin"/>
                        <!-- Reason list -->
                        <List id="bookingReasonList" mode="MultiSelect" width="100%" select="onCheckboxSelect" showSeparators="None">
                            <items>
                                <CustomListItem id="timeCheckBox">
                                    <Text text="{$this.i18n>OverallProcessingTime}" class="sapUiLargeMarginEnd"/>
                                </CustomListItem>
                                <CustomListItem id="lackRespCheckBox">
                                    <Text text="{$this.i18n>LackOfResponseFromSAP}" class="sapUiLargeMarginEnd"/>
                                </CustomListItem>
                                <CustomListItem id="criticalIssueCheckBox">
                                    <Text text="{$this.i18n>CriticalIssueWithApproachingDeadline}" class="sapUiLargeMarginEnd"/>
                                </CustomListItem>
                                <CustomListItem id="comChallengeCheckBox">
                                    <Text text="{$this.i18n>CommunicationChallengeWithProcessor}" class="sapUiLargeMarginEnd"/>
                                </CustomListItem>
                                <CustomListItem id="OtherCheckBox">
                                    <Text text="{$this.i18n>Other}" class="sapUiLargeMarginEnd"/>
                                </CustomListItem>
                            </items>
                        </List>
                        <Text id="reasonText" text="{$this.i18n>DescribeOther}" wrapping="true" visible="false" class="sapUiSmallMarginTopBottom sapUiSmallMarginBegin"/>
                        <VBox id="SAMRichTextVBox" width="560px" class="sapUiSmallMarginBeginEnd sapUiSmallMarginBottom">
                        </VBox>
                    </VBox>
                    </OverflowToolbar>
                    <!-- Email notification -->
                    <OverflowToolbar height="100%" width="100%">
                        <Text text="{$this.i18n>appointmentEmailDescription}" class="sapUiSmallMarginBegin sapUiSmallMarginTopBottom sapUiTinyMarginEnd"/>
                    </OverflowToolbar>

                    <!-- Footer -->
                    <HBox>
                        <Button text="Back" type="Back" ariaDescribedBy="defaultButtonDescription genericButtonDescription" press="onBackSelected" class="sapUiSizeCompact sapUiTinyMarginBegin">
                            <layoutData>
                                <FlexItemData growFactor="10" />
                            </layoutData>
                        </Button>
                        <Button text="{$this.i18n>BookSession}" type="Emphasized" press="onBookSession" class="sapUiSizeCompact sapUiTinyMarginEnd"/>
                        <Button text="Cancel"  press="onCloseBookSAMDialog" class="sapUiSizeCompact sapUiTinyMarginEnd"/>
                    </HBox>
                </VBox>
            </VBox>

    </Dialog>
</core:FragmentDefinition>
