<core:FragmentDefinition xmlns="sap.m" xmlns:core="sap.ui.core" xmlns:l="sap.ui.layout" xmlns:form="sap.ui.layout.form"
                         xmlns:sae="sap.me.support.controls.SAE.Controller" xmlns:custom="sap.me.support.controls" xmlns:u="sap.ui.unified">
    <Dialog id="SAEDialog" draggable="true">
        <customHeader>
            <Bar>
                <contentMiddle>
                    <Title text="{$this.i18n>SAETitle}"/>
                </contentMiddle>

            </Bar>
        </customHeader>

            <VBox id="firstInfoVBox" visible="true" class="sapMeCreationAppointmentFirstInfoVBox">
                <!-- Info box: timezone & session title -->
                <VBox visible="true" id="sapMeCreationAppointmentInformationVBox" class="sapMeCreationAppointmentInformationVBox ">
                                <VBox class="sapMeAppointmentInfoTitle sapUiTinyMargin sapUiSmallMarginBegin">
                                    <HBox>
                                        <Text text="{$this.i18n>case_creation_appointment_info_file_title2}" />
                                        <Text class="sapMeAppointmentInfoTitleMessage sapUiTinyMarginBegin" text="{ path: '$this.oBookSAEdata2>/incidentTitle' }" />
                                    </HBox>
                                    <HBox class="sapUiTinyMarginTop">
                                        <Text text="{$this.i18n>case_creation_appointment_info_file_title1}" />
                                        <Text class="sapMeAppointmentInfoTitleMessage sapUiTinyMarginBegin" text="{$this.appointmentInformationSAE>/localTimezone}" />
                                    </HBox>
                                </VBox>
                </VBox>
                <!-- calendar & time slots -->
                <HBox class="sapMeCreationAppointmentInformationVBox">
                    <!-- calendar -->
                    <u:Calendar id="calendar" select=".onPressAppointmentDay" disabledDates="{$this.disabledDates>/disabled}" showWeekNumbers="false">
                            <u:disabledDates>
                                <u:DateRange
						                    startDate="{$this.disabledDates>start}"
						                    endDate="{$this.disabledDates>end}"/>
                            </u:disabledDates>
                    </u:Calendar>
                    <!-- time period & slots list -->
                    <VBox class="sapUiSmallMarginEnd" width="100%">
                        <!-- time period -->
                        <FlexBox class="sapMeAppointmentInfoDay" width="100%" justifyContent="Center" alignItems="Center">
                            <List class="sapMeAppointmentInfoDayRight" showSeparators="None" items="{ path: '$this.appointmentInformationSAE>/timePeriodOptions' }">
                            <items>
                            <CustomListItem>
                                <HBox class="sapUiTinyMarginEnd">
                                    <Image
                                        src="{
                                parts: [{ path: '$this.appointmentInformationSAE>/selectedTimeIndex' }, { path: '$this.appointmentInformationSAE>key' }],
                                formatter: '.SAEHelper.appointmentTimeIconFormatter'
                                }"
                                        width="2.5rem"
                                        height="2.5rem"
                                        class="sapUiTinyMarginBegin"
                                        press="onPressAppointmentTimeIconSAE"
                                    />
                                    <VBox class="sapUiSmallMarginBeginEnd" visible="{= %{$this.appointmentInformationSAE>/selectedTimeIndex} === %{$this.appointmentInformationSAE>key}}">
                                        <Text class="sapMeAppointmentInfoTimeOptionTitle" text="{$this.appointmentInformationSAE>titleText}" />
                                        <Text class="sapMeAppointmentInfoDayLeftText" text="{$this.appointmentInformationSAE>subText}" />
                                    </VBox>
                                </HBox>
                            </CustomListItem>
                            </items>
                            </List>
                        </FlexBox>
                        <!-- slot list -->
                        <VBox>
                            <List visible="true" class="sapMeAppointmentInfoTimeList" items="{path: '$this.appointmentInformationSAE>/selectedTimeList'}">
                            <items>
                                <CustomListItem press=".onPressTimeItem" type="Active" class="sapMeAppointmentInfoTimeItem">
                                    <customData>
                                        <core:CustomData key="time-item" writeToDom="true" value="{= %{$this.appointmentInformationSAE>isAvailable} ? %{$this.appointmentInformationSAE>startTime} === %{$this.appointmentInformationSAE>/selectedTimeItem/startTime} ? 'active' : 'inactive' : 'disable'}" />
                                    </customData>
                                    <VBox class="sapUiSmallMargin">
                                        <HBox>
                                            <Text class="sapMeAppointmentInfoTimeItemText" text="{ formatter: '.SAEHelper.formatTimeTextByLocale', path: '$this.appointmentInformationSAE>text' }" />
                                        </HBox>
                                        <Text text="{$this.i18n>sessionDurationTxt}" class="sapUiTinyMarginTop sapMeAppointmentInfoTimeItemText"/>
                                    </VBox>
                                </CustomListItem>
                            </items>
                            </List>
                        </VBox>
                    </VBox>
                </HBox>

                <!-- Footer  -->
                <HBox justifyContent="End">
                    <Button id="SAESaveAndContinue" text="{$this.i18n>saveButtonTxt}" type="Emphasized" enabled="false" press="onSaveAndContinue" class="sapUiSizeCompact sapUiTinyMarginEnd "/>
                    <Button text="Cancel" type="Default" class="sapUiSizeCompact sapUiTinyMarginEnd" press="onCloseBookSAEDialog"/>
                </HBox>
            </VBox>

            <VBox id="secondInfoVBox" visible="false">
                <OverflowToolbar height="100%">
                    <VBox class="sapUiSmallMarginEnd sapUiTinyMarginBegin sapUiTinyMarginTopBottom">
                        <HBox class="sapUiTinyMarginBegin">
                            <Text labelFor="CaseNumberText" text="{$this.i18n>SchedulingSessionforCase}" />
                            <Text id="CaseNumberText" text=" { path: '$this.oBookSAEdata2>/incidentTitle' }" class="sapUiSmallMarginBegin"/>
                        </HBox>
                        <HBox class="sapUiSmallMarginTopBottom sapUiTinyMarginBegin">
                            <Text labelFor="timeZone" text="{$this.i18n>CurrTimezoneInUserProfile}" />
                            <Text id="timeZone" text="{$this.appointmentInformationSAE>/localTimezone}" class="sapUiSmallMarginBegin"/>
                        </HBox>
                        <HBox class="sapUiTinyMarginBegin">
                            <Text labelFor="selectedSlotText" text="{$this.i18n>SelectedSlot}:" />
                            <Text id="selectedSlotText" text="{$this.appointmentInformationSAE>/selectedDate} {$this.i18n>at} {$this.appointmentInformationSAE>/selectedTimeItem/startTime}" class="sapUiSmallMarginBegin"/>
                            <ObjectStatus
                                icon="sap-icon://edit"
                                active="true"
                                state="Information"
                                press="onBackSelected"
                                class="sapUiSmallMarginBegin"
                                color="#0A6ED1"
                                tooltip='{i18n>tablecol_sessioninformation}'
                            />
                        </HBox>
                        <ToolbarSpacer/>
                    </VBox>
                </OverflowToolbar>
                <OverflowToolbar height="100%">
                    <VBox>
                        <Text labelFor="commentValue" text="{$this.i18n>SAEAdditionalInfo}"  class="sapUiTinyMarginBegin sapUiTinyMarginBottom sapUiSmallMarginTop" />
                        <VBox  class="sapUiTinyMarginBegin">
                            <custom:CustomRichTextEditor
                                editorType="TinyMCE4"
                                id="detailedDescriptionRichTextEditor"
                                minHeight="50"
                                width="100%"
                                oninput=".onDetailedDescriptionChanged"/>
                        </VBox>
                        <Text  wrappingType="Hyphenated" wrapping="true" text="{$this.i18n>SAEdescriptionText}" class="sapUiTinyMarginBegin sapUiSmallMarginTop"/>
                        <FormattedText  wrapping="true" wrappingType="Hyphenated" htmlText="{$this.i18n>SAEMoreDetails}" class="sapUiTinyMarginBegin sapUiTinyMarginTopBottom"/>
                        <Text text="{$this.i18n>SAEdetailsMail}" class="sapUiTinyMarginBegin sapUiTinyMarginBottom"/>
                        <ToolbarSpacer/>
                    </VBox>
                </OverflowToolbar>
                <!-- Footer -->
                <HBox>
                    <Button text="Back" type="Back" ariaDescribedBy="defaultButtonDescription genericButtonDescription" press="onBackSelected" class="sapUiSizeCompact sapUiTinyMarginBegin">
                        <layoutData>
                            <FlexItemData growFactor="3" />
                        </layoutData>
                    </Button>
                    <Button text="Book Session" type="Emphasized" class="sapUiSizeCompact sapUiTinyMarginEnd  " press="onBookSession"/>
                    <Button text="Cancel" type="Default" class="sapUiSizeCompact sapUiTinyMarginEnd  " press="onCloseBookSAEDialog"/>
                </HBox>
            </VBox>

    </Dialog>
</core:FragmentDefinition>
