<core:FragmentDefinition xmlns="sap.m" xmlns:core="sap.ui.core"
                         xmlns:f="sap.f">
    <Dialog title="{$this.i18n>system_specific_notes_card_filter_dialog_name}" contentWidth="50%" class="sapMeSpecificNotesFilterDialog">
        <VBox>
            <VBox class="customerPart">
                <Label
                    text="{$this.i18n>system_specific_notes_card_filter_dialog_customer}"
                />
                <Select
                    id="forMeSpecificNotesCustomerFilter"
                    items="{customerData>/allList}"
                    width='100%'
                    change="onCustomerSelect"
                    selectedKey="{customerData>/selectedCustomer}"
                    wrapItemsText="true"
                >
                    <core:Item key="{customerData>Name}" text="{customerData>DisplayName}"/>
                </Select>
            </VBox>
            <VBox class="systemPart">
                <Label
                    text="{$this.i18n>case_creation_issue_system}:"
                />
                <MultiInput
                    id="forMeSpecificNotesSystemFilter"
                    width="100%"
                    showValueHelp="true"
                    valueHelpIconSrc="sap-icon://search"
                    valueHelpRequest="onOpenSystemDialog"
                    valueHelpOnly="true"
                    placeholder="{$this.i18n>case_creation_issue_select_systems_placeholder}"
                />
            </VBox>
        </VBox>
    <footer class="onResultAndCancleButtonFooter">
        <OverflowToolbar>
            <ToolbarSpacer/>
            <HBox justifyContent="End">
            <Button text="{$this.i18n>system_specific_notes_card_filter_dialog_result}" type="Emphasized" press="onPressShowResults" class="sapUiSizeCompact"/>
            <Button text="{$this.i18n>cancel}" type="Default" press="close" class="sapUiSmallMarginBegin sapUiSizeCompact"/>
            </HBox>
        </OverflowToolbar>
    </footer>
    </Dialog>
</core:FragmentDefinition>
