<core:FragmentDefinition
    xmlns="sap.m"
    xmlns:core="sap.ui.core">
    <Popover
        title="{$this.fileData>/suggestedPopOverInfo/NAME}"
        placement="Bottom"
        contentWidth="30%">
        <content>
            <VBox alignItems="Start" class="sapUiTinyMargin">
                <items>
                    <Text text="{$this.fileData>/suggestedPopOverInfo/DESCRIPTION}"
                        visible="{= (${$this.fileData>/suggestedPopOverInfo/DESCRIPTION}.length > 0)}"
                        wrapping="true"
                        class="sapUiSmallMarginBeginEnd sapUiTinyMarginTop sapUiMediumMarginBottom"
                    />
                    <Title text="{$this.i18n>suggested_files_popover_more_information}"
                        visible="{= (${$this.fileData>/suggestedPopOverInfo/RESOURCE_INFO}.length > 0)}"
                        level="H5"
                        titleStyle="H5"
                        class="sapUiTinyMarginBeginEnd"
                    />
                    <FormattedText htmlText="{$this.fileData>/suggestedPopOverInfo/RESOURCE_INFO/0/ANCHOR_TAG}"
                        visible="{= (${$this.fileData>/suggestedPopOverInfo/RESOURCE_INFO}.length > 0)}"
                        class="sapUiSmallMarginBeginEnd sapUiTinyMarginTop sapUiMediumMarginBottom"
                    />
                    <Title text="{$this.i18n>suggested_files_popover_filename_example}"
                        visible="{= (${$this.fileData>/suggestedPopOverInfo/EXAMPLE_NAME}.length > 0)}"
                        level="H5"
                        titleStyle="H5"
                        class="sapUiTinyMarginBeginEnd"
                    />
                    <Text visible="{= (${$this.fileData>/suggestedPopOverInfo/EXAMPLE_NAME}.length > 0)}"
                        text="{$this.fileData>/suggestedPopOverInfo/EXAMPLE_NAME}"
                        wrapping="true"
                        class="sapUiSmallMarginBeginEnd sapUiTinyMarginTop sapUiMediumMarginBottom"
                    />
                    <Title text="{$this.i18n>suggested_files_popover_default_location}"
                        visible="{= (${$this.fileData>/suggestedPopOverInfo/LOCATION_WIN}.length > 0) || (${$this.fileData>/suggestedPopOverInfo/LOCATION_UNIX}.length > 0)}"
                        level="H5"
                        titleStyle="H5"
                        class="sapUiTinyMarginBeginEnd"
                    />
                    <Label text="{$this.i18n>suggested_files_popover_windows}"
                        visible="{= (${$this.fileData>/suggestedPopOverInfo/LOCATION_WIN}.length > 0)}"
                        class="sapUiSmallMarginBeginEnd sapUiTinyMarginTop"
                    />
                    <Text text="{$this.fileData>/suggestedPopOverInfo/LOCATION_WIN}"
                        wrapping="true"
                        visible="{= (${$this.fileData>/suggestedPopOverInfo/LOCATION_WIN}.length > 0)}"
                        class="sapUiMediumMarginBeginEnd sapUiTinyMarginTopBottom"/>
                    <Label text="{$this.i18n>suggested_files_popover_unix}"
                        visible="{= (${$this.fileData>/suggestedPopOverInfo/LOCATION_UNIX}.length > 0)}"
                        class="sapUiSmallMarginBeginEnd sapUiTinyMarginTop"
                    />
                    <Text text="{$this.fileData>/suggestedPopOverInfo/LOCATION_UNIX}"
                        wrapping="true"
                        visible="{= (${$this.fileData>/suggestedPopOverInfo/LOCATION_UNIX}.length > 0)}"
                        class="sapUiMediumMarginBeginEnd sapUiTinyMarginTopBottom"
                    />
                </items>
            </VBox>
        </content>
        <footer>
            <OverflowToolbar>
                <ToolbarSpacer/>
                <Button
                    type="Transparent"
                    text="{$this.i18n>close}"
                    press="closeSuggestedFilePopUp" />
            </OverflowToolbar>
        </footer>
    </Popover>
</core:FragmentDefinition>
