<core:FragmentDefinition
    xmlns="sap.m"
    xmlns:core="sap.ui.core"
>
    <Dialog
        title="{$this.i18n>KBA_system_dialog_title}"
        contentWidth="50%"
        class="sapMeKBASelectSystemDialog"
    >
        <customHeader>
            <Toolbar width="100%">
                <content>
                    <Title text="{$this.i18n>KBA_system_dialog_title}" level="H1"/>
                    <ToolbarSpacer/>
                </content>
            </Toolbar>
        </customHeader>
        <VBox class="systemContentFieldVBox">
            <VBox class="systemContentFieldVBoxTop">
            <MessageStrip
                text="{$this.i18n>system_specific_notes_system_header_message_strip}  {messageStripInfo>/count}/10"
                showIcon="true"
                showCloseButton="false"
                class="sapMeCardInformation" type="{messageStripInfo>/type}"
                enableFormattedText="true"/>
            <SearchField search="onSearch" class="systemDialogSearchField"
                         placeholder="{$this.i18n>system_all_data_search_placeholder}"/>
            </VBox>
            <ScrollContainer
                id="sap4meKbaNotesSelectedSystemScroll"
                vertical="true"
                horizontal="false"
                visible="true"
                focusable="true"
            >
                <VBox class="systemContentListVBox">
                    <List id="sapMeKBAMultiSelectSystemList" items="{systemSelectionList>/allList}" mode="MultiSelect"
                          includeItemInSelection="true" selectionChange="onSystemSelect">
                        <items>
                            <CustomListItem type="Active">
                                <VBox class="systemSelectionList">
                                    <HBox class="systemTitleAndFav">
                                        <Button
                                            icon="{= %{systemSelectionList>isFavorite} ? 'sap-icon://favorite' : 'sap-icon://unfavorite'}"
                                            type="Transparent" class="systemFavButton"
                                            press="onPressFavoriteForSystem" visible="true"/>
                                        <Title
                                            text="{= ${systemSelectionList>sysid} + '-' + ${systemSelectionList>name}}"
                                            class="systemSelectionItemTitle"/>
                                    </HBox>
                                    <FlexBox
                                        direction="Row"
                                        alignItems="Start"
                                        justifyContent="SpaceBetween">
                                        <Title
                                            text="{$this.i18n>SystemList_leadingProduct}: {systemSelectionList>officialProdName}"
                                            class="systemSelectionItemPro"/>
                                        <Title text="{= ${systemSelectionList>sysnr}.replace(RegExp('^0*','g'), '')}"
                                               class="systemSelectionItemNum"/>
                                    </FlexBox>
                                </VBox>
                            </CustomListItem>
                        </items>
                    </List>
                </VBox>
            </ScrollContainer>
            <VBox class="systemSelectedToken">
                <Title text="{$this.i18n>system_specific_notes_card_selected_system_token_title} ({$this.selectionToken>/tokens/length})" />
                <HBox alignItems="Center" width="100%" class="systemSelectedTokenHBox">
                    <MultiInput
                        placeholder="{$this.i18n>case_creation_issue_select_systems_placeholder}"
                        showClearIcon="true"
                        showValueHelp="false"
                        tokenUpdate="onSystemTokenChange"
                        class="systemSelectedTokenMultiInput"
                        tokens="{$this.selectionToken>/tokens}">
                        <tokens>
                            <Token key="{$this.selectionToken>sysnr}" text="{$this.selectionToken>sysid}-{$this.selectionToken>name}" />
                        </tokens>
                    </MultiInput>
                    <core:Icon
                        visible="{= %{$this.selectionToken>/tokens/length} > 0}"
                        tooltip="{$this.i18n>case_creation_detailed_information_issue_happened_time_reset}"
                        press="onResetPress"
                        src="sap-icon://decline"
                        class="sapUiTinyMarginBegin systemSelectedTokenMultiInputIcon"
                    />
                </HBox>
            </VBox>
        </VBox>
        <footer class="onConfirmAndCloseSystemDialogFooter">
            <OverflowToolbar>
               <ToolbarSpacer/>
               <HBox justifyContent="End">
                    <Button type="Emphasized" text="{$this.i18n>confirm}" press="onConfirmSystemDialog" class="sapUiSizeCompact"/>
                    <Button type="Default" text="{$this.i18n>cancel}" press="closeSystemDialog" class="sapUiSmallMarginBegin sapUiSizeCompact"/>
               </HBox>
            </OverflowToolbar>
        </footer>
    </Dialog>
</core:FragmentDefinition>
