<core:FragmentDefinition xmlns="sap.m"  xmlns:core="sap.ui.core">
    <Dialog contentWidth="25%">
        <VBox alignItems="Center" class="sapMeFailedToUpdateVbox">
            <Image src="/resources/sap/me/support/themes/img/failUpdate.png" width="128px" height="128px"/>
            <Text text="{$this.i18n>failedToUpdateTitle}" class="sapMeFailedToUpdateTitle"/>
            <Text text="{$this.i18n>failedToUpdateDesc}" class="sapMeFailedToUpdateDesc"/>
            <Button text="{$this.i18n>close}" type="Emphasized" press="close" enabled="true" class="sapMeFailedToUpdateButton"/>
        </VBox>
    </Dialog>
</core:FragmentDefinition>