<core:FragmentDefinition
    xmlns="sap.m"
    xmlns:f="sap.ui.layout.form"
    xmlns:core="sap.ui.core">
    <Dialog title="{$this.i18n>UserProfileEditDialog_title}" contentWidth="38%" class="sapMeUserProfile">
        <content>
            <f:SimpleForm layout="ResponsiveGridLayout">
                <f:content>
                    <!--<MessageStrip  type="Warning" showIcon="true" customIcon="sap-icon://message-warning" showCloseButton="false" enableFormattedText="true" text="{$this._oContactAttribute>/profileHint}" class="sapUiSmallMarginTop">
                    </MessageStrip>-->
                    <VBox>
                        <HBox class="sapMeUserProfileRowLayout">
                            <Label text="{$this.i18n>UserProfileEditDialog_name}"/>
                            <Input value="{$this._oProfileDataModel>/userName}" editable="false"/>
                        </HBox>
                        <HBox class="sapMeUserProfileRowLayout">
                            <Label text="{$this.i18n>UserProfileEditDialog_primaryPhone}"/>
                            <Input value="{$this._oProfileDataModel>/phone}" />
                        </HBox>
                        <HBox class="sapMeUserProfileRowLayout">
                            <Label text="{$this.i18n>UserProfileEditDialog_secondaryPhone}"/>
                            <Input value="{$this._oProfileDataModel>/secPhone}" />
                        </HBox>
                        <HBox class="sapMeUserProfileRowLayout">
                            <Label text="{$this.i18n>UserProfileEditDialog_email}"/>
                            <Input value="{$this._oProfileDataModel>/email}" editable="false" />
                        </HBox>
                        <HBox class="sapMeUserProfileRowLayout">
                            <Label text="{$this.i18n>UserProfileEditDialog_workingTimeZone}"/>
                            <ComboBox
                                width="100%"
                                forceSelection="false"
                                selectedKey="{$this._oProfileDataModel>/timezoneTxt}"
                                selectionChange="onTimezoneSelectChange"
                                items="{ path: '$this._oTimezones>/TimezoneCollection', length: 500 }" >
                                <core:Item
                                    key="{$this._oTimezones>IANATZONE}"
                                    text="{$this._oTimezones>IANATZONE}" />
                            </ComboBox>
                        </HBox>
                        <HBox class="sapMeUserProfileRowLayout">
                            <Label text="{$this.i18n>UserProfileEditDialog_workingTime}"/>
                            <FlexBox class="sapMeUserProfileWorkTimeLayout">
                                <Select forceSelection="false" selectedKey="{$this._oProfileDataModel>/workStarttime}"
                                        items="{path: '$this._oProfileWorkTimeList>/WorkTimeCollection',sorter: { path: 'text' }}" class="sapMeUserProfileWorkTimeSelect" >
                                    <core:Item key="{$this._oProfileWorkTimeList>key}" text="{$this._oProfileWorkTimeList>value}" />
                                </Select>
                                <Text/>
                                <Select forceSelection="false" selectedKey="{$this._oProfileDataModel>/workEndtime}"
                                        items="{path: '$this._oProfileWorkTimeList>/WorkTimeCollection',sorter: { path: 'text' }}" class="sapMeUserProfileWorkTimeSelect" >
                                    <core:Item key="{$this._oProfileWorkTimeList>key}" text="{$this._oProfileWorkTimeList>value}" />
                                </Select>
                            </FlexBox>
                        </HBox>
                        <HBox class="sapMeUserProfileRowLayout">
                            <Label text="{$this.i18n>UserProfileEditDialog_timeFormat}"/>
                            <Select width="100%" forceSelection="false" selectedKey="{$this._oProfileDataModel>/timeFormat}" change="onProfileTimeFormatChanged"
                                    items="{path: '$this._oProfileTimeFormat>/TimeFormatCollection',sorter: { path: 'text' }}">
                                <core:Item key="{$this._oProfileTimeFormat>key}" text="{$this._oProfileTimeFormat>textKey}" />
                            </Select>
                        </HBox>
                    </VBox>
                </f:content>
            </f:SimpleForm>
        </content>
        <endButton>
            <Button type="Emphasized" text="{$this.i18n>submit}" press="onProfileDialogSubmitted"/>
        </endButton>
        <beginButton>
            <Button text="{$this.i18n>cancel}" press="onProfileDialogClosed"/>
        </beginButton>
    </Dialog>
</core:FragmentDefinition>
