{
    "d": {
        "results": [
            {
                "ObjectId": "All",
                "ObjectDesc": "All"
            },
            {
                "ObjectId": "None",
                "ObjectDesc": "None"
            },
            {
                "ObjectId": "QUITT",
                "ObjectDesc": "Close Incidents"
            },
            {
                "ObjectId": "SRV_BIL_AD",
                "ObjectDesc": "Create Billable Services Requests"
            },
            {
                "ObjectId": "SRV_CREA",
                "ObjectDesc": "Create Services Request"
            },
            {
                "ObjectId": "INCIDENT_P",
                "ObjectDesc": "Customer Incident Management (Partner)"
            },
            {
                "ObjectId": "SVER_ADMIN",
                "ObjectDesc": "Deactivate Remote / Cloud Incident Access Restrictions"
            },
            {
                "ObjectId": "READM",
                "ObjectDesc": "Display All Incidents"
            },
            {
                "ObjectId": "CLOUDAUTH",
                "ObjectDesc": "Display Cloud Data"
            },
            {
                "ObjectId": "READM_INST",
                "ObjectDesc": "Display Incidents"
            },
            {
                "ObjectId": "SRV_REQ",
                "ObjectDesc": "Display Service Requests"
            },
            {
                "ObjectId": "INSTDISP",
                "ObjectDesc": "Display System Data"
            },
            {
                "ObjectId": "ADMIN",
                "ObjectDesc": "Edit Authorizations"
            },
            {
                "ObjectId": "USER",
                "ObjectDesc": "Edit User Data"
            },
            {
                "ObjectId": "PWCHGE",
                "ObjectDesc": "Edit all Login Data"
            },
            {
                "ObjectId": "PWDISP",
                "ObjectDesc": "Edit my Login Data"
            },
            {
                "ObjectId": "SUPPROGREP",
                "ObjectDesc": "My Support Program Report"
            },
            {
                "ObjectId": "SVER",
                "ObjectDesc": "Open Remote Connections"
            },
            {
                "ObjectId": "REGOBJ",
                "ObjectDesc": "Register Object Keys"
            },
            {
                "ObjectId": "SOURCE",
                "ObjectDesc": "Register Object and Developer Keys"
            },
            {
                "ObjectId": "ANLEG",
                "ObjectDesc": "Report an Incident"
            },
            {
                "ObjectId": "LICKEY",
                "ObjectDesc": "Request License Key"
            },
            {
                "ObjectId": "LICKEY_P",
                "ObjectDesc": "Request License Key (Partner)"
            },
            {
                "ObjectId": "NAMESPACE",
                "ObjectDesc": "Reserve Namespaces"
            },
            {
                "ObjectId": "SSLCERTADM",
                "ObjectDesc": "SSL Certificate Administrator (Ordering and Renewing)"
            },
            {
                "ObjectId": "SECCONTACT",
                "ObjectDesc": "Security Contact"
            },
            {
                "ObjectId": "GOSAP",
                "ObjectDesc": "Send Incidents to SAP"
            },
            {
                "ObjectId": "SC_CCCRD_P",
                "ObjectDesc": "Service Reports (Partner)"
            },
            {
                "ObjectId": "SC_CCCREAD",
                "ObjectDesc": "Service Reports and Feedback"
            },
            {
                "ObjectId": "SWDOWNLOAD",
                "ObjectDesc": "Software Download"
            },
            {
                "ObjectId": "CCCREPORT",
                "ObjectDesc": "Support Desk Evaluation"
            }
        ]
    }
}
