{
	"d": {
		"results": [{
			"UserId": "S0006269249",
			"ObjectId": "G_ALL",
			"ObjectDesc": "All",
			"AuthLevelId": "group",
			"AuthLevelDesc": "",
			"Selected": false,
			"CurrentAuthLevel": "",
			"TopLevel": "",
			"AuthObjectGroup": ""
		}, {
			"UserId": "S0006269249",
			"ObjectId": "G_INCIDENT",
			"ObjectDesc": "Incidents",
			"AuthLevelId": "group",
			"AuthLevelDesc": "",
			"Selected": false,
			"CurrentAuthLevel": "",
			"TopLevel": "",
			"AuthObjectGroup": ""
		}, {
			"UserId": "S0006269249",
			"ObjectId": "ANLEG",
			"ObjectDesc": "Report an Incident",
			"AuthLevelId": "INSTALL",
			"AuthLevelDesc": "Installation",
			"Selected": false,
			"CurrentAuthLevel": "restricted",
			"TopLevel": "CCC",
			"AuthObjectGroup": "G_INCIDENT",
			"AuthObjectAuthLevelF4HelpSet": [{
				"UserId": "S0006269249",
				"ObjectId": "ANLEG",
				"ObjectDesc": "Report an Incident",
				"CustName": "ABC",
				"CustNum": "0000000001",
				"CustDesc": "",
				"AuthLevel": "0000000001",
				"AuthLevelDesc": "TEST INST 1",
				"AuthLevelType": "NONDEBITOR",
				"AuthLevelTypeDesc": "Installation",
				"IsAssigned": false,
				"TopLevel": "0000203069"
			}, {
				"UserId": "S0006269249",
				"ObjectId": "ANLEG",
				"ObjectDesc": "Report an Incident",
				"CustName": "ABC",
				"CustNum": "0000000001",
				"CustDesc": "",
				"AuthLevel": "0000000002",
				"AuthLevelDesc": "TEST ISNT 2",
				"AuthLevelType": "NONDEBITOR",
				"AuthLevelTypeDesc": "Installation",
				"IsAssigned": false,
				"TopLevel": "0000203069"
			}, {
				"UserId": "S0006269249",
				"ObjectId": "ANLEG",
				"ObjectDesc": "Report an Incident",
				"CustName": "DEF.",
				"CustNum": "0000000002",
				"CustDesc": "",
				"AuthLevel": "0020252285",
				"AuthLevelDesc": "TEST SAP",
				"AuthLevelType": "NONDEBITOR",
				"AuthLevelTypeDesc": "Installation",
				"IsAssigned": false,
				"TopLevel": "0000203069"
			}, {
				"UserId": "S0006269249",
				"ObjectId": "ANLEG",
				"ObjectDesc": "Report an Incident",
				"CustName": "GHI.",
				"CustNum": "0000000003",
				"CustDesc": "",
				"AuthLevel": "0020252284",
				"AuthLevelDesc": "Test Installation",
				"AuthLevelType": "NONDEBITOR",
				"AuthLevelTypeDesc": "Installation",
				"IsAssigned": false,
				"TopLevel": "0000203069"
			}, {
				"UserId": "S0006269249",
				"ObjectId": "ANLEG",
				"ObjectDesc": "Report an Incident",
				"CustName": "Long customer name",
				"CustNum": "0000000004",
				"CustDesc": "",
				"AuthLevel": "0020252261",
				"AuthLevelDesc": "TEST SAP",
				"AuthLevelType": "NONDEBITOR",
				"AuthLevelTypeDesc": "Installation",
				"IsAssigned": false,
				"TopLevel": "0000203069"
			}, {
				"UserId": "S0006269249",
				"ObjectId": "ANLEG",
				"ObjectDesc": "Report an Incident",
				"CustName": "Long customer name",
				"CustNum": "0000000004",
				"CustDesc": "",
				"AuthLevel": "0020252263",
				"AuthLevelDesc": "MORE TEST",
				"AuthLevelType": "NONDEBITOR",
				"AuthLevelTypeDesc": "Installation",
				"IsAssigned": false,
				"TopLevel": "0000203069"
			}, {
				"UserId": "S0006269249",
				"ObjectId": "ANLEG",
				"ObjectDesc": "Report an Incident",
				"CustName": "Cust",
				"CustNum": "0000000004",
				"CustDesc": "",
				"AuthLevel": "0020252237",
				"AuthLevelDesc": "TEST 4",
				"AuthLevelType": "NONDEBITOR",
				"AuthLevelTypeDesc": "Installation",
				"IsAssigned": false,
				"TopLevel": "0000203069"
			}, {
				"UserId": "S0006269251",
				"ObjectId": "ANLEG",
				"ObjectDesc": "Report an Incident",
				"CustName": "ABC.",
				"CustNum": "0000000001",
				"CustDesc": "TEST INST 1",
				"AuthLevel": "0000000001",
				"AuthLevelDesc": "ABC.",
				"AuthLevelType": "DEBITOR",
				"AuthLevelTypeDesc": "Customer",
				"IsAssigned": false,
				"TopLevel": "0000203069"
			}, {
				"UserId": "S0006269251",
				"ObjectId": "ANLEG",
				"ObjectDesc": "Report an Incident",
				"CustName": "DEF",
				"CustNum": "0000000002",
				"CustDesc": "",
				"AuthLevel": "0000000002",
				"AuthLevelDesc": "DEF",
				"AuthLevelType": "DEBITOR",
				"AuthLevelTypeDesc": "Customer",
				"IsAssigned": false,
				"TopLevel": "0000203069"
			}, {
				"UserId": "S0006269251",
				"ObjectId": "ANLEG",
				"ObjectDesc": "Report an Incident",
				"CustName": "GHI.",
				"CustNum": "0000000003",
				"CustDesc": "GHI.",
				"AuthLevel": "0000000003",
				"AuthLevelDesc": "test cust. #3.",
				"AuthLevelType": "DEBITOR",
				"AuthLevelTypeDesc": "Customer",
				"IsAssigned": false,
				"TopLevel": "0000203069"
			}, {
				"UserId": "S0006269251",
				"ObjectId": "ANLEG",
				"ObjectDesc": "Report an Incident",
				"CustName": "Long customer name",
				"CustNum": "0000000004",
				"CustDesc": "Long customer name",
				"AuthLevel": "0000000004",
				"AuthLevelDesc": "Test",
				"AuthLevelType": "DEBITOR",
				"AuthLevelTypeDesc": "Customer",
				"IsAssigned": false,
				"TopLevel": "0000203069"
			} , {
				"UserId": "S0006269249",
				"ObjectId": "ANLEG",
				"ObjectDesc": "Report an Incident",
				"CustName": "DEF",
				"CustNum": "000000002",
				"CustDesc": "",
				"AuthLevel": "000000002",
				"AuthLevelDesc": "DEF",
				"AuthLevelType": "DEBITOR",
				"AuthLevelTypeDesc": "Customer",
				"TopLevelAssigned": "DEBITOR",
				"IsAssigned": false
			}, {
				"UserId": "S0006269249",
				"ObjectId": "ANLEG",
				"ObjectDesc": "Report an Incident",
				"CustName": "ABC",
				"CustNum": "000000001",
				"CustDesc": "",
				"AuthLevel": "00001",
				"AuthLevelDesc": "TEST INST 1",
				"AuthLevelType": "NONDEBITOR",
				"AuthLevelTypeDesc": "Installation",
				"TopLevelAssigned": "DEBITOR",
				"IsAssigned": false
			}]
		}, {
			"UserId": "S0006269249",
			"ObjectId": "QUITT",
			"ObjectDesc": "Close Incidents",
			"AuthLevelId": "INSTALL",
			"AuthLevelDesc": "Installation",
			"Selected": true,
			"CurrentAuthLevel": "full",
			"TopLevel": "CCC",
			"AuthObjectGroup": "G_INCIDENT"
		}, {
			"UserId": "S0006269249",
			"ObjectId": "GOSAP",
			"ObjectDesc": "Send Incidents to SAP",
			"AuthLevelId": "INSTALL",
			"AuthLevelDesc": "Installation",
			"Selected": true,
			"CurrentAuthLevel": "full",
			"TopLevel": "CCC",
			"AuthObjectGroup": "G_INCIDENT"
		}, {
			"UserId": "S0006269249",
			"ObjectId": "READM_INST",
			"ObjectDesc": "Display Incidents",
			"AuthLevelId": "INSTALL",
			"AuthLevelDesc": "Installation",
			"Selected": true,
			"CurrentAuthLevel": "full",
			"TopLevel": "CCC",
			"AuthObjectGroup": "G_INCIDENT"
		}, {
			"UserId": "S0006269249",
			"ObjectId": "READM",
			"ObjectDesc": "Display All Incidents",
			"AuthLevelId": "GLOBAL",
			"AuthLevelDesc": "Global",
			"Selected": true,
			"CurrentAuthLevel": "full",
			"TopLevel": "GLOBAL",
			"AuthObjectGroup": "G_INCIDENT"
		}, {
			"UserId": "S0006269249",
			"ObjectId": "G_USERDATA",
			"ObjectDesc": "User Data",
			"AuthLevelId": "group",
			"AuthLevelDesc": "",
			"Selected": false,
			"CurrentAuthLevel": "",
			"TopLevel": "",
			"AuthObjectGroup": ""
		}, {
			"UserId": "S0006269249",
			"ObjectId": "ADMIN",
			"ObjectDesc": "Edit Authorizations",
			"AuthLevelId": "USER",
			"AuthLevelDesc": "User",
			"Selected": false,
			"CurrentAuthLevel": "none",
			"TopLevel": "CCC",
			"AuthObjectGroup": "G_USERDATA",
			"AuthObjectAuthLevelF4HelpSet": [{
				"UserId": "S0006269249",
				"ObjectId": "ANLEG",
				"ObjectDesc": "Edit Authorizations",
				"CustName": "ABC",
				"CustNum": "000000001",
				"CustDesc": "",
				"AuthLevel": "00001",
				"AuthLevelDesc": "Test user 1",
				"AuthLevelType": "USER",
				"AuthLevelTypeDesc": "User",
				"IsAssigned": false,
				"TopLevel": "DEBITOR"
			}]
		}]
	}
}