{
    "d": {
        "results": [
            {
                "Logdate": "\/Date(1597622400000)\/",
        		"PgroupText": "CCoE",
        		"Logtime": "PT14H13M35S",
        		"ProfnaText": "",
        		"Loguser": "S32169249",
        		"Logdelkz": "X",
        		"Ubname": "S0006269249",
        		"Namev": "Alex",
        		"Name1": "Pushkin",
        		"Object": "QUITT",
        		"Otext": "Close Incidents",
        		"Pgroup": "CCC",
        		"AuthPackId": "22",
        		"AuthPackText": "Test one",
        		"Profna": "",
        		"Search": ""
            },
            {
                "Logdate": "\/Date(1597622400000)\/",
        		"PgroupText": "Installation",
        		"Logtime": "PT14H13M35S",
        		"ProfnaText": "",
        		"Loguser": "S32169249",
        		"Logdelkz": "",
        		"Ubname": "S0006269249",
        		"Namev": "Alex",
        		"Name1": "Pushkin",
        		"Object": "QUITT",
        		"Otext": "Close Incidents",
        		"Pgroup": "INSTALL",
        		"AuthPackId": "22",
        		"AuthPackText": "Test one",
        		"Profna": "",
        		"Search": ""
            },
            {
                "Logdate": "\/Date(1597622400000)\/",
        		"PgroupText": "CCoE",
        		"Logtime": "PT14H13M35S",
        		"ProfnaText": "test",
        		"Loguser": "S00009249",
        		"Logdelkz": "",
        		"Ubname": "S0006269249",
        		"Namev": "Test",
        		"Name1": "Test",
        		"Object": "ANLEG",
        		"Otext": "Report an Incident",
        		"Pgroup": "CCC",
        		"AuthPackId": "22",
        		"AuthPackText": "Test one",
        		"Profna": "000123456",
        		"Search": ""
            },
            {
                "Logdate": "\/Date(1597622400000)\/",
        		"PgroupText": "Installation",
        		"Logtime": "PT14H13M35S",
        		"ProfnaText": "Test value",
        		"Loguser": "S00009249",
        		"Logdelkz": "X",
        		"Ubname": "S0006269249",
        		"Namev": "Test",
        		"Name1": "Test",
        		"Object": "ANLEG",
        		"Otext": "Report an Incident",
        		"AuthPackId": "22",
        		"AuthPackText": "Test one",
        		"Pgroup": "INSTALL",
        		"Profna": "0000100012",
        		"Search": ""
            },
            {
                "Logdate": "\/Date(1597622400000)\/",
        		"PgroupText": "CCoE",
        		"Logtime": "PT14H13M35S",
        		"ProfnaText": "test",
        		"Loguser": "S32169249",
        		"Logdelkz": "X",
        		"Ubname": "S0006269249",
        		"Namev": "Alex",
        		"Name1": "Pushkin",
        		"Object": "ANLEG",
        		"Otext": "Report an Incident",
        		"Pgroup": "CCC",
        		"AuthPackId": "54",
        		"AuthPackText": "TEST THREE",
        		"Profna": "000123456",
        		"Search": ""
            },
            {
                "Logdate": "\/Date(1597622400000)\/",
        		"PgroupText": "CCoE",
        		"Logtime": "PT14H13M35S",
        		"ProfnaText": "Test value",
        		"Loguser": "S32169249",
        		"Logdelkz": "",
        		"Ubname": "S0006269249",
        		"Namev": "Alex",
        		"Name1": "Pushkin",
        		"Object": "ANLEG",
        		"Otext": "Report an Incident",
        		"AuthPackId": "54",
        		"AuthPackText": "TEST THREE",
        		"Pgroup": "CCC",
        		"Profna": "0000100012",
        		"Search": ""
            }
        ]
    }
}