{ 
    "d":{ 
        "results":[ 
            { 
                "UserId":"",
                "ObjectId":"G_INCIDENT",
                "ObjectDesc":"Incidents",
                "AuthLevelId":"group",
                "AuthLevelDesc":"",
                "Selected":false,
                "AuthObjectGroup":"",
                "CurrentLevel":"",
                "TopLevel":""
            },
            { 
                "UserId":"",
                "ObjectId":"ANLEG",
                "ObjectDesc":"Report an Incident",
                "AuthLevelId":"INSTALL",
                "AuthLevelDesc":"",
                "Selected":false,
                "AuthObjectGroup":"G_INCIDENT",
                "CurrentLevel":"none",
                "TopLevel":"CCC"
            },
            { 
                "UserId":"",
                "ObjectId":"QUITT",
                "ObjectDesc":"Close Incidents",
                "AuthLevelId":"INSTALL",
                "AuthLevelDesc":"",
                "Selected":false,
                "AuthObjectGroup":"G_INCIDENT",
                "CurrentLevel":"none",
                "TopLevel":"CCC"
            },
            { 
                "UserId":"",
                "ObjectId":"GOSAP",
                "ObjectDesc":"Send Incidents to SAP",
                "AuthLevelId":"INSTALL",
                "AuthLevelDesc":"",
                "Selected":false,
                "AuthObjectGroup":"G_INCIDENT",
                "CurrentLevel":"none",
                "TopLevel":"CCC"
            },
            { 
                "UserId":"",
                "ObjectId":"READM_INST",
                "ObjectDesc":"Display Incidents",
                "AuthLevelId":"INSTALL",
                "AuthLevelDesc":"",
                "Selected":false,
                "AuthObjectGroup":"G_INCIDENT",
                "CurrentLevel":"none",
                "TopLevel":"CCC"
            },
            { 
                "UserId":"",
                "ObjectId":"READM",
                "ObjectDesc":"Display All Incidents",
                "AuthLevelId":"GLOBAL",
                "AuthLevelDesc":"Global",
                "Selected":false,
                "AuthObjectGroup":"G_INCIDENT",
                "CurrentLevel":"none",
                "TopLevel":"GLOBAL"
            },
            { 
                "UserId":"",
                "ObjectId":"SC_CCCREAD",
                "ObjectDesc":"Service Reports and Feedback",
                "AuthLevelId":"DEBITOR",
                "AuthLevelDesc":"",
                "Selected":false,
                "AuthObjectGroup":"G_INCIDENT",
                "CurrentLevel":"none",
                "TopLevel":"CCC"
            },
            { 
                "UserId":"",
                "ObjectId":"G_REMOTESU",
                "ObjectDesc":"Remote Support",
                "AuthLevelId":"group",
                "AuthLevelDesc":"",
                "Selected":false,
                "AuthObjectGroup":"",
                "CurrentLevel":"",
                "TopLevel":""
            },
            { 
                "UserId":"",
                "ObjectId":"SVER",
                "ObjectDesc":"Open Remote Connections",
                "AuthLevelId":"INSTALL",
                "AuthLevelDesc":"",
                "Selected":false,
                "AuthObjectGroup":"G_REMOTESU",
                "CurrentLevel":"none",
                "TopLevel":"CCC"
            },
            { 
                "UserId":"",
                "ObjectId":"SVER_ADMIN",
                "ObjectDesc":"Deactivate Remote Access Restrictions",
                "AuthLevelId":"INSTALL",
                "AuthLevelDesc":"",
                "Selected":false,
                "AuthObjectGroup":"G_REMOTESU",
                "CurrentLevel":"none",
                "TopLevel":"CCC"
            },
            { 
                "UserId":"",
                "ObjectId":"PWDISP",
                "ObjectDesc":"Edit my Login Data",
                "AuthLevelId":"GLOBAL",
                "AuthLevelDesc":"Global",
                "Selected":false,
                "AuthObjectGroup":"G_REMOTESU",
                "CurrentLevel":"none",
                "TopLevel":"GLOBAL"
            },
            { 
                "UserId":"",
                "ObjectId":"PWCHGE",
                "ObjectDesc":"Edit all Login Data",
                "AuthLevelId":"GLOBAL",
                "AuthLevelDesc":"Global",
                "Selected":false,
                "AuthObjectGroup":"G_REMOTESU",
                "CurrentLevel":"none",
                "TopLevel":"GLOBAL"
            },
            { 
                "UserId":"",
                "ObjectId":"G_SYSDATA",
                "ObjectDesc":"System Data",
                "AuthLevelId":"group",
                "AuthLevelDesc":"",
                "Selected":false,
                "AuthObjectGroup":"",
                "CurrentLevel":"",
                "TopLevel":""
            },
            { 
                "UserId":"",
                "ObjectId":"INSTDISP",
                "ObjectDesc":"Display System Data",
                "AuthLevelId":"INSTALL",
                "AuthLevelDesc":"",
                "Selected":false,
                "AuthObjectGroup":"G_SYSDATA",
                "CurrentLevel":"none",
                "TopLevel":"CCC"
            },
            { 
                "UserId":"",
                "ObjectId":"INSTPROD",
                "ObjectDesc":"Edit System Data",
                "AuthLevelId":"INSTALL",
                "AuthLevelDesc":"",
                "Selected":false,
                "AuthObjectGroup":"G_SYSDATA",
                "CurrentLevel":"none",
                "TopLevel":"CCC"
            },
            { 
                "UserId":"",
                "ObjectId":"G_INSTALL",
                "ObjectDesc":"Installation Data",
                "AuthLevelId":"group",
                "AuthLevelDesc":"",
                "Selected":false,
                "AuthObjectGroup":"",
                "CurrentLevel":"",
                "TopLevel":""
            },
            { 
                "UserId":"",
                "ObjectId":"INST_MAINT",
                "ObjectDesc":"Manage Installations",
                "AuthLevelId":"DEBITOR",
                "AuthLevelDesc":"",
                "Selected":false,
                "AuthObjectGroup":"G_INSTALL",
                "CurrentLevel":"none",
                "TopLevel":"CCC"
            },
            { 
                "UserId":"",
                "ObjectId":"G_SSCRKEY",
                "ObjectDesc":"SSCR Keys",
                "AuthLevelId":"group",
                "AuthLevelDesc":"",
                "Selected":false,
                "AuthObjectGroup":"",
                "CurrentLevel":"",
                "TopLevel":""
            },
            { 
                "UserId":"",
                "ObjectId":"REGOBJ",
                "ObjectDesc":"Register Object Keys",
                "AuthLevelId":"INSTALL",
                "AuthLevelDesc":"",
                "Selected":false,
                "AuthObjectGroup":"G_SSCRKEY",
                "CurrentLevel":"none",
                "TopLevel":"CCC"
            },
            { 
                "UserId":"",
                "ObjectId":"SOURCE",
                "ObjectDesc":"Register Object and Developer Keys",
                "AuthLevelId":"INSTALL",
                "AuthLevelDesc":"",
                "Selected":false,
                "AuthObjectGroup":"G_SSCRKEY",
                "CurrentLevel":"none",
                "TopLevel":"CCC"
            },
            { 
                "UserId":"",
                "ObjectId":"G_LICKEY",
                "ObjectDesc":"License Keys",
                "AuthLevelId":"group",
                "AuthLevelDesc":"",
                "Selected":false,
                "AuthObjectGroup":"",
                "CurrentLevel":"",
                "TopLevel":""
            },
            { 
                "UserId":"",
                "ObjectId":"LICKEY",
                "ObjectDesc":"Request License Key",
                "AuthLevelId":"INSTALL",
                "AuthLevelDesc":"",
                "Selected":false,
                "AuthObjectGroup":"G_LICKEY",
                "CurrentLevel":"none",
                "TopLevel":"CCC"
            },
            { 
                "UserId":"",
                "ObjectId":"G_NAMESP",
                "ObjectDesc":"Reserve Namespace",
                "AuthLevelId":"group",
                "AuthLevelDesc":"",
                "Selected":false,
                "AuthObjectGroup":"",
                "CurrentLevel":"",
                "TopLevel":""
            },
            { 
                "UserId":"",
                "ObjectId":"NAMESPACE",
                "ObjectDesc":"Reserve Namespaces",
                "AuthLevelId":"INSTALL",
                "AuthLevelDesc":"",
                "Selected":false,
                "AuthObjectGroup":"G_NAMESP",
                "CurrentLevel":"none",
                "TopLevel":"CCC"
            },
            { 
                "UserId":"",
                "ObjectId":"G_BUSONE",
                "ObjectDesc":"Business One",
                "AuthLevelId":"group",
                "AuthLevelDesc":"",
                "Selected":false,
                "AuthObjectGroup":"",
                "CurrentLevel":"",
                "TopLevel":""
            },
            { 
                "UserId":"",
                "ObjectId":"SBOUSER",
                "ObjectDesc":"SAP Business One - Maintain User Data",
                "AuthLevelId":"GLOBAL",
                "AuthLevelDesc":"Global",
                "Selected":false,
                "AuthObjectGroup":"G_BUSONE",
                "CurrentLevel":"none",
                "TopLevel":"GLOBAL"
            },
            { 
                "UserId":"",
                "ObjectId":"SBOCREATE",
                "ObjectDesc":"SAP Business One - Report Incident",
                "AuthLevelId":"INSTALL",
                "AuthLevelDesc":"",
                "Selected":false,
                "AuthObjectGroup":"G_BUSONE",
                "CurrentLevel":"none",
                "TopLevel":"CCC"
            },
            { 
                "UserId":"",
                "ObjectId":"SBOSUPPORT",
                "ObjectDesc":"SAP Business One - Edit Incidents",
                "AuthLevelId":"GLOBAL",
                "AuthLevelDesc":"Global",
                "Selected":false,
                "AuthObjectGroup":"G_BUSONE",
                "CurrentLevel":"none",
                "TopLevel":"GLOBAL"
            },
            { 
                "UserId":"",
                "ObjectId":"SBOSYSDATA",
                "ObjectDesc":"SAP Business One - Maintain System Data",
                "AuthLevelId":"GLOBAL",
                "AuthLevelDesc":"Global",
                "Selected":false,
                "AuthObjectGroup":"G_BUSONE",
                "CurrentLevel":"none",
                "TopLevel":"GLOBAL"
            },
            { 
                "UserId":"",
                "ObjectId":"G_PARTNER",
                "ObjectDesc":"Partners",
                "AuthLevelId":"group",
                "AuthLevelDesc":"",
                "Selected":false,
                "AuthObjectGroup":"",
                "CurrentLevel":"",
                "TopLevel":""
            },
            { 
                "UserId":"",
                "ObjectId":"LICKEY_P",
                "ObjectDesc":"Request License Key (Partner)",
                "AuthLevelId":"GLOBAL",
                "AuthLevelDesc":"Global",
                "Selected":false,
                "AuthObjectGroup":"G_PARTNER",
                "CurrentLevel":"none",
                "TopLevel":"GLOBAL"
            },
            { 
                "UserId":"",
                "ObjectId":"INCIDENT_P",
                "ObjectDesc":"Customer Incident Management (Partner)",
                "AuthLevelId":"GLOBAL",
                "AuthLevelDesc":"Global",
                "Selected":false,
                "AuthObjectGroup":"G_PARTNER",
                "CurrentLevel":"none",
                "TopLevel":"GLOBAL"
            },
            { 
                "UserId":"",
                "ObjectId":"SC_CCCRD_P",
                "ObjectDesc":"Service Reports (Partner)",
                "AuthLevelId":"GLOBAL",
                "AuthLevelDesc":"Global",
                "Selected":false,
                "AuthObjectGroup":"G_PARTNER",
                "CurrentLevel":"none",
                "TopLevel":"GLOBAL"
            },
            { 
                "UserId":"",
                "ObjectId":"SMBWIUSER",
                "ObjectDesc":"SMB Opportunity Management - End User Authorization",
                "AuthLevelId":"USER",
                "AuthLevelDesc":"",
                "Selected":false,
                "AuthObjectGroup":"G_PARTNER",
                "CurrentLevel":"none",
                "TopLevel":"CCC"
            },
            { 
                "UserId":"",
                "ObjectId":"SMBWIGLOBA",
                "ObjectDesc":"SMB Opportunity Management - All Authorizations",
                "AuthLevelId":"GLOBAL",
                "AuthLevelDesc":"Global",
                "Selected":false,
                "AuthObjectGroup":"G_PARTNER",
                "CurrentLevel":"none",
                "TopLevel":"GLOBAL"
            },
            { 
                "UserId":"",
                "ObjectId":"G_USERDATA",
                "ObjectDesc":"User Data",
                "AuthLevelId":"group",
                "AuthLevelDesc":"",
                "Selected":false,
                "AuthObjectGroup":"",
                "CurrentLevel":"",
                "TopLevel":""
            },
            { 
                "UserId":"",
                "ObjectId":"ADMIN",
                "ObjectDesc":"Edit Authorizations",
                "AuthLevelId":"USER",
                "AuthLevelDesc":"",
                "Selected":false,
                "AuthObjectGroup":"G_USERDATA",
                "CurrentLevel":"none",
                "TopLevel":"CCC"
            },
            { 
                "UserId":"",
                "ObjectId":"USER",
                "ObjectDesc":"Edit User Data",
                "AuthLevelId":"DEBITOR",
                "AuthLevelDesc":"",
                "Selected":false,
                "AuthObjectGroup":"G_USERDATA",
                "CurrentLevel":"none",
                "TopLevel":"CCC"
            },
            { 
                "UserId":"",
                "ObjectId":"SECCONTACT",
                "ObjectDesc":"Security Contact",
                "AuthLevelId":"GLOBAL",
                "AuthLevelDesc":"Global",
                "Selected":false,
                "AuthObjectGroup":"G_USERDATA",
                "CurrentLevel":"none",
                "TopLevel":"GLOBAL"
            },
            { 
                "UserId":"",
                "ObjectId":"G_CLOUD",
                "ObjectDesc":"Cloud",
                "AuthLevelId":"group",
                "AuthLevelDesc":"",
                "Selected":false,
                "AuthObjectGroup":"",
                "CurrentLevel":"",
                "TopLevel":""
            },
            { 
                "UserId":"",
                "ObjectId":"CLOUDAUTH",
                "ObjectDesc":"Display Cloud Data",
                "AuthLevelId":"INSTALL",
                "AuthLevelDesc":"",
                "Selected":false,
                "AuthObjectGroup":"G_CLOUD",
                "CurrentLevel":"none",
                "TopLevel":"INSTALL"
            },
            { 
                "UserId":"",
                "ObjectId":"G_SSLCERT",
                "ObjectDesc":"SSL Certificate",
                "AuthLevelId":"group",
                "AuthLevelDesc":"",
                "Selected":false,
                "AuthObjectGroup":"",
                "CurrentLevel":"",
                "TopLevel":""
            },
            { 
                "UserId":"",
                "ObjectId":"SSLCERTADM",
                "ObjectDesc":"SSL Certificate Administrator (Ordering and Renewing)",
                "AuthLevelId":"GLOBAL",
                "AuthLevelDesc":"Global",
                "Selected":false,
                "AuthObjectGroup":"G_SSLCERT",
                "CurrentLevel":"none",
                "TopLevel":"GLOBAL"
            },
            { 
                "UserId":"",
                "ObjectId":"G_SOFTDOWN",
                "ObjectDesc":"Software Download",
                "AuthLevelId":"group",
                "AuthLevelDesc":"",
                "Selected":false,
                "AuthObjectGroup":"",
                "CurrentLevel":"",
                "TopLevel":""
            },
            { 
                "UserId":"",
                "ObjectId":"SWDOWNLOAD",
                "ObjectDesc":"Software Download",
                "AuthLevelId":"GLOBAL",
                "AuthLevelDesc":"Global",
                "Selected":false,
                "AuthObjectGroup":"G_SOFTDOWN",
                "CurrentLevel":"none",
                "TopLevel":"GLOBAL"
            },
            { 
                "UserId":"",
                "ObjectId":"G_REPORTS",
                "ObjectDesc":"Reports",
                "AuthLevelId":"group",
                "AuthLevelDesc":"",
                "Selected":false,
                "AuthObjectGroup":"",
                "CurrentLevel":"",
                "TopLevel":""
            },
            { 
                "UserId":"",
                "ObjectId":"CCCREPORT",
                "ObjectDesc":"Support Desk Evaluation",
                "AuthLevelId":"GLOBAL",
                "AuthLevelDesc":"Global",
                "Selected":false,
                "AuthObjectGroup":"G_REPORTS",
                "CurrentLevel":"none",
                "TopLevel":"GLOBAL"
            },
            { 
                "UserId":"",
                "ObjectId":"SUPPROGREP",
                "ObjectDesc":"My Support Program Report",
                "AuthLevelId":"DEBITOR",
                "AuthLevelDesc":"",
                "Selected":false,
                "AuthObjectGroup":"G_REPORTS",
                "CurrentLevel":"none",
                "TopLevel":"CCC"
            },
            { 
                "UserId":"",
                "ObjectId":"G_SRV",
                "ObjectDesc":"Service Requests",
                "AuthLevelId":"group",
                "AuthLevelDesc":"",
                "Selected":false,
                "AuthObjectGroup":"",
                "CurrentLevel":"",
                "TopLevel":""
            },
            { 
                "UserId":"",
                "ObjectId":"SRV_REQ",
                "ObjectDesc":"",
                "AuthLevelId":"INSTALL",
                "AuthLevelDesc":"",
                "Selected":false,
                "AuthObjectGroup":"G_SRV",
                "CurrentLevel":"none",
                "TopLevel":"CCC"
            },
            { 
                "UserId":"",
                "ObjectId":"SRV_CREA",
                "ObjectDesc":"",
                "AuthLevelId":"INSTALL",
                "AuthLevelDesc":"",
                "Selected":false,
                "AuthObjectGroup":"G_SRV",
                "CurrentLevel":"none",
                "TopLevel":"CCC"
            },
            { 
                "UserId":"",
                "ObjectId":"SRV_BIL_AD",
                "ObjectDesc":"",
                "AuthLevelId":"INSTALL",
                "AuthLevelDesc":"",
                "Selected":false,
                "AuthObjectGroup":"G_SRV",
                "CurrentLevel":"none",
                "TopLevel":"CCC"
            }
        ]
    }
}