{
	"d": {
		"results": [{
			 "RequestId":"000000000001",
			 "TileId":"123",
			 "UserId":"S0006269249",
			 "AuthObjId":"QUITT",
			 "AuthObjText": "Text",
			 "Status":"O",
			 "Description":"LONG DESCRIPTIONLONG DESCRIPTIONLONG DESCRIPTIONLONG DESCRIPTIONLONG DESCRIPTIONLONG DESCRIPTIONLONG DESCRIPTIONLONG DESCRIPTIONLONG DESCRIPTIONLONG DESCRIPTIONLONG DESCRIPTIONLONG DESCRIPTIONLONG DESCRIPTIONLONG DESCRIPTION",
			 "CreatedAt":"\/Date(1564779852000)\/",
			 "ChangedBy":"",
			 "changed_by_name": "",
			 "ChangedAt":"\/Date(1569333083000)\/",
			 "SrcSys":"I7D",
			 "TypeOfRequest": "Authorization",
			 "Flag": false,
			 "ApplName": "",
			 "RejectReason": "",
			 "ExpDate": "/Date(1609372800000)/"
		}, {
			 "RequestId":"202006032030",
			 "TileId":"123",
			 "UserId":"S0006269249",
			 "AuthObjId":"ANLEG",
			 "AuthObjText": "Text",
			 "Status":"O",
			 "Description":"Restricted test",
			 "CreatedAt":"\/Date(1564999852000)\/",
			 "ChangedBy":"",
			 "changed_by_name": "",
			 "ChangedAt":"\/Date(1569333083000)\/",
			 "SrcSys":"I7D",
			 "TypeOfRequest": "Authorization",
			 "Flag": false,
			 "ApplName": "",
			 "RejectReason": "",
			 "ExpDate": "/Date(1609372800000)/"
		}, {
			 "RequestId":"5553232020",
			 "TileId":"123",
			 "UserId":"S0006269249",
			 "AuthObjId":"QUITT",
			 "AuthObjText": "Text",
			 "Status":"R",
			 "Description":"LONG DESCRIPTIONLONG DESCRIPTIONLONG DESCRIPTIONLONG DESCRIPTIONLONG DESCRIPTIONLONG DESCRIPTIONLONG DESCRIPTIONLONG DESCRIPTIONLONG DESCRIPTIONLONG DESCRIPTIONLONG DESCRIPTIONLONG DESCRIPTIONLONG DESCRIPTIONLONG DESCRIPTION",
			 "CreatedAt":"\/Date(1584799852000)\/",
			 "ChangedBy":"C00000000002",
			 "changed_by_name": "Alex Pushkin",
			 "ChangedAt":"\/Date(1569333083000)\/",
			 "SrcSys":"I7D",
			 "TypeOfRequest": "Authorization",
			 "Flag": true,
			 "RejectReason": "Lorem ipsum dolor sit amet, consectetur adipiscing elit, sed do eiusmod tempor incididunt ut labore et dolore magna aliqua. Ut enim ad minim veniam, quis nostrud exercitation ullamco laboris nisi ut aliquip ex ea commodo consequat. Duis aute irure dolor in reprehenderit in voluptate velit esse cillum dolore eu fugiat nulla pariatur. Excepteur sint occaecat cupidatat non proident, sunt in culpa qui officia deserunt mollit anim id est laborum.",
			 "ApplName": "",
			 "ExpDate": "/Date(1609372800000)/"
		},{
			 "RequestId":"6293232020",
			 "TileId":"123",
			 "UserId":"S0006269249",
			 "AuthObjId":"QUITT",
			 "AuthObjText": "Text",
			 "Status":"R",
			 "Description":"LONG DESCRIPTIONLONG DESCRIPTIONLONG DESCRIPTIONLONG DESCRIPTIONLONG DESCRIPTIONLONG DESCRIPTIONLONG DESCRIPTIONLONG DESCRIPTIONLONG DESCRIPTIONLONG DESCRIPTIONLONG DESCRIPTIONLONG DESCRIPTIONLONG DESCRIPTIONLONG DESCRIPTION",
			 "CreatedAt":"\/Date(1574789852000)\/",
			 "ChangedBy":"C00000000004",
			 "changed_by_name": "Sergey Esenin",
			 "ChangedAt":"\/Date(1579333083000)\/",
			 "SrcSys":"I7D",
			 "TypeOfRequest": "Authorization",
			 "Flag": true,
			 "RejectReason": "",
			 "ApplName": "",
			 "ExpDate": "/Date(1609372800000)/"
		},{
			 "RequestId":"6103232020",
			 "TileId":"123",
			 "UserId":"S0006269249",
			 "AuthObjId":"QUITT",
			 "AuthObjText": "Text",
			 "Status":"A",
			 "Description":"LONG DESCRIPTIONLONG DESCRIPTIONLONG DESCRIPTIONLONG DESCRIPTIONLONG DESCRIPTIONLONG DESCRIPTIONLONG DESCRIPTIONLONG DESCRIPTIONLONG DESCRIPTIONLONG DESCRIPTIONLONG DESCRIPTIONLONG DESCRIPTIONLONG DESCRIPTIONLONG DESCRIPTION",
			 "CreatedAt":"\/Date(1564779852000)\/",
			 "ChangedBy":"C00000000002",
			 "changed_by_name": "Alex Pushkin",
			 "ChangedAt":"\/Date(1569333083000)\/",
			 "SrcSys":"I7D",
			 "TypeOfRequest": "Authorization",
			 "Flag": true,
			 "RejectReason": "",
			 "ApplName": "",
			 "ExpDate": "/Date(1609372800000)/"
		}, {
			 "RequestId":"000000000002",
			 "TileId":"11212121223",
			 "UserId":"S32169249",
			 "AuthObjId":"QUITT",
			 "AuthObjText": "Text",
			 "Status":"C",
			 "Description":"LONG DESCRIPTION",
			 "CreatedAt":"\/Date(1564779852000)\/",
			 "ChangedBy":"",
			 "changed_by_name": "",
			 "ChangedAt":"\/Date(1564866252000)\/",
			 "SrcSys":"I7D",
			 "TypeOfRequest": "Authorization",
			 "Flag": false,
			 "RejectReason": "",
			 "ApplName": "",
			 "ExpDate": "/Date(1609372800000)/"
		}, {
			 "RequestId":"000000000003",
			 "TileId":"11212121223",
			 "UserId":"S0006269249",
			 "AuthObjId":"READM_INST",
			 "AuthObjText": "Text",
			 "Status":"R",
			 "Description":"LONG DESCRIPTION",
			 "CreatedAt":"\/Date(1569333083000)\/",
			 "ChangedBy":"S5555555",
			 "changed_by_name": "Leo Tolstoy",
			 "ChangedAt":"\/Date(1569333083000)\/",
			 "SrcSys":"I7D",
			 "TypeOfRequest": "Authorization",
			 "Flag": false,
			 "RejectReason": "",
			 "ApplName": "",
			 "ExpDate": "/Date(1609372800000)/"
		}, {
			 "RequestId":"000000000004",
			 "TileId":"11212121223",
			 "UserId":"S32169249",
			 "AuthObjId":"READM_INST",
			 "AuthObjText": "Text",
			 "Status":"A",
			 "Description":"LONG DESCRIPTION",
			 "CreatedAt":"\/Date(1564779852000)\/",
			 "ChangedBy":"C00000000004",
			 "changed_by_name": "Sergey Esenin",
			 "ChangedAt":"\/Date(1564866252000)\/",
			 "SrcSys":"I7D",
			 "TypeOfRequest": "Authorization",
			 "Flag": false,
			 "RejectReason": "",
			 "ApplName": "",
			 "ExpDate": "/Date(1609372800000)/"
		}, {
			 "RequestId":"000000000004",
			 "TileId":"11212121223",
			 "UserId":"S5555555",
			 "AuthObjId":"QUITT,READM_INST",
			 "AuthObjText": "",
			 "Status":"A",
			 "Description":"LONG DESCRIPTION",
			 "CreatedAt":"\/Date(1564779852000)\/",
			 "ChangedBy":"S0006269249",
			 "changed_by_name": "Test Admin",
			 "ChangedAt":"\/Date(1569413429000)\/",
			 "SrcSys":"I7D",
			 "TypeOfRequest": "Authorization",
			 "Flag": false,
			 "RejectReason": "",
			 "ApplName": "",
			 "ExpDate": "/Date(1609372800000)/"
		}, {
			 "RequestId":"000000000005",
			 "UserId":"S0006269249",
			 "Status":"O",
			 "Description":"Extend me",
			 "CreatedAt":"\/Date(1564779852000)\/",
			 "ChangedBy":"",
			 "changed_by_name": "",
			 "ChangedAt":"\/Date(1569413429000)\/",
			 "SrcSys":"I7D",
			 "TypeOfRequest": "Expiry_date",
			 "ExpDate": "\/Date(1582416000000)\/",
			 "Flag": false,
			 "RejectReason": "",
			 "ApplName": ""
		}, {
			 "RequestId":"000000000035",
			 "UserId":"S0006269249",
			 "Status":"R",
			 "Description":"Extend me",
			 "CreatedAt":"\/Date(1564779852000)\/",
			 "ChangedBy":"S0006269249",
			 "changed_by_name": "Test Admin",
			 "ChangedAt":"\/Date(1569413429000)\/",
			 "SrcSys":"I7D",
			 "TypeOfRequest": "Expiry_date",
			 "ExpDate": "\/Date(31536000000)\/",
			 "Flag": false,
			 "RejectReason": "",
			 "ApplName": ""
		}, {
			 "RequestId":"000000000075",
			 "UserId":"S809922332",
			 "Status":"O",
			 "Description":"Extend me",
			 "CreatedAt":"\/Date(1564779852000)\/",
			 "ChangedBy":"S0006269249",
			 "changed_by_name": "Test Admin",
			 "ChangedAt":"\/Date(1569413429000)\/",
			 "SrcSys":"I7D",
			 "TypeOfRequest": "Expiry_date",
			 "ExpDate": "\/Date(1582416000000)\/",
			 "Flag": false,
			 "RejectReason": "",
			 "ApplName": ""
		}, {
			 "RequestId":"000000000076",
			 "UserId":"S809922332",
			 "Status":"A",
			 "Description":"Extend me",
			 "CreatedAt":"\/Date(1564779852000)\/",
			 "ChangedBy":"S0006269249",
			 "changed_by_name": "Test Admin",
			 "ChangedAt":"\/Date(1569413429000)\/",
			 "SrcSys":"I7D",
			 "TypeOfRequest": "Expiry_date",
			 "ExpDate": "\/Date(1582416000000)\/",
			 "Flag": false,
			 "RejectReason": "",
			 "ApplName": ""
		}
	]}
}