{
	"d": {
		"results": [{
			"UserId": "S0006269249",
			"ObjectId": "ANLEG",
			"ObjectDesc": "Report an Incident",
			"CustName": "DEF",
			"CustNum": "000000002",
			"CustDesc": "",
			"AuthLevel": "000000002",
			"AuthLevelDesc": "DEF",
			"AuthLevelType": "DEBITOR",
			"AuthLevelTypeDesc": "Customer",
			"TopLevelAssigned": "DEBITOR",
			"IsAssigned": false
		},{
			"UserId": "S0006269249",
			"ObjectId": "ANLEG",
			"ObjectDesc": "Report an Incident",
			"CustName": "RESTRICTED",
			"CustNum": "000000003",
			"CustDesc": "",
			"AuthLevel": "000000003",
			"AuthLevelDesc": "Restricted",
			"AuthLevelType": "DEBITOR",
			"AuthLevelTypeDesc": "Customer",
			"TopLevelAssigned": "DEBITOR",
			"IsAssigned": false
		}, {
			"UserId": "S0006269249",
			"ObjectId": "ANLEG",
			"ObjectDesc": "Report an Incident",
			"CustName": "ABC",
			"CustNum": "000000001",
			"CustDesc": "",
			"AuthLevel": "00001",
			"AuthLevelDesc": "TEST INST 1",
			"AuthLevelType": "INSTALL",
			"AuthLevelTypeDesc": "Installation",
			"TopLevelAssigned": "DEBITOR",
			"IsAssigned": false
		}, {
			"UserId": "S0006269249",
			"ObjectId": "ANLEG",
			"ObjectDesc": "Report an Incident",
			"CustName": "QWE",
			"CustNum": "000000004",
			"CustDesc": "",
			"AuthLevel": "00002",
			"AuthLevelDesc": "TEST INST 2",
			"AuthLevelType": "INSTALL",
			"AuthLevelTypeDesc": "Installation",
			"TopLevelAssigned": "DEBITOR",
			"IsAssigned": false
		}]
	}
}