{
    "d": {
        "results": [
            {
                "Spras": "E",
                "Land1": "AL",
                "Landx": "Albania",
                "Natio": "Albanian",
                "Landx50": "Albania",
                "Natio50": "Albanian",
                "PrqSpregt": "355"
            },
            {
                "Spras": "E",
                "Land1": "DZ",
                "Landx": "Algeria",
                "Natio": "Algerian",
                "Landx50": "Algeria",
                "Natio50": "Algerian",
                "PrqSpregt": "213"
            },
            {
                "Spras": "E",
                "Land1": "VI",
                "Landx": "Amer.Virgin Is.",
                "Natio": "American",
                "Landx50": "American Virgin Islands",
                "Natio50": "American",
                "PrqSpregt": "1809"
            },
            {
                "Spras": "E",
                "Land1": "AD",
                "Landx": "Andorra",
                "Natio": "Andorran",
                "Landx50": "Andorra",
                "Natio50": "Andorran",
                "PrqSpregt": "376"
            },
            {
                "Spras": "E",
                "Land1": "AO",
                "Landx": "Angola",
                "Natio": "Angolan",
                "Landx50": "Angola",
                "Natio50": "Angolan",
                "PrqSpregt": "244"
            },
            {
                "Spras": "E",
                "Land1": "AI",
                "Landx": "Anguilla",
                "Natio": "Anguilla",
                "Landx50": "Anguilla",
                "Natio50": "Anguillian",
                "PrqSpregt": "1809"
            },
            {
                "Spras": "E",
                "Land1": "AG",
                "Landx": "Antigua/Barbuda",
                "Natio": "Antiguan",
                "Landx50": "Antigua and Barbuda",
                "Natio50": "Antiguan",
                "PrqSpregt": "1809"
            },
            {
                "Spras": "E",
                "Land1": "AR",
                "Landx": "Argentina",
                "Natio": "Argentinian",
                "Landx50": "Argentina",
                "Natio50": "Argentinian",
                "PrqSpregt": "54"
            },
            {
                "Spras": "E",
                "Land1": "AM",
                "Landx": "Armenia",
                "Natio": "Armenian",
                "Landx50": "Armenia",
                "Natio50": "Armenian",
                "PrqSpregt": "374"
            },
            {
                "Spras": "E",
                "Land1": "AW",
                "Landx": "Aruba",
                "Natio": "Arubanic",
                "Landx50": "Aruba",
                "Natio50": "Arubanic",
                "PrqSpregt": "297"
            },
            {
                "Spras": "E",
                "Land1": "AU",
                "Landx": "Australia",
                "Natio": "Australian",
                "Landx50": "Australia",
                "Natio50": "Australian",
                "PrqSpregt": "61"
            },
            {
                "Spras": "E",
                "Land1": "AT",
                "Landx": "Austria",
                "Natio": "Austrian",
                "Landx50": "Austria",
                "Natio50": "Austrian",
                "PrqSpregt": "43"
            },
            {
                "Spras": "E",
                "Land1": "AZ",
                "Landx": "Azerbaijan",
                "Natio": "Azerbaijani",
                "Landx50": "Azerbaijan",
                "Natio50": "Azerbaijani",
                "PrqSpregt": "994"
            },
            {
                "Spras": "E",
                "Land1": "BS",
                "Landx": "Bahamas",
                "Natio": "Bahaman",
                "Landx50": "Bahamas",
                "Natio50": "Bahaman",
                "PrqSpregt": "1809"
            },
            {
                "Spras": "E",
                "Land1": "BH",
                "Landx": "Bahrain",
                "Natio": "Bahraini",
                "Landx50": "Bahrain",
                "Natio50": "Bahraini",
                "PrqSpregt": "973"
            },
            {
                "Spras": "E",
                "Land1": "BD",
                "Landx": "Bangladesh",
                "Natio": "Bangladeshi",
                "Landx50": "Bangladesh",
                "Natio50": "Bangladeshi",
                "PrqSpregt": "880"
            },
            {
                "Spras": "E",
                "Land1": "BB",
                "Landx": "Barbados",
                "Natio": "Barbadan",
                "Landx50": "Barbados",
                "Natio50": "Barbadan",
                "PrqSpregt": "1809"
            },
            {
                "Spras": "E",
                "Land1": "BY",
                "Landx": "Belarus",
                "Natio": "Belarusian",
                "Landx50": "Belarus",
                "Natio50": "Belarusian",
                "PrqSpregt": "375"
            },
            {
                "Spras": "E",
                "Land1": "BE",
                "Landx": "Belgium",
                "Natio": "Belgian",
                "Landx50": "Belgium",
                "Natio50": "Belgian",
                "PrqSpregt": "32"
            },
            {
                "Spras": "E",
                "Land1": "BZ",
                "Landx": "Belize",
                "Natio": "Belizean",
                "Landx50": "Belize",
                "Natio50": "Belizean",
                "PrqSpregt": "501"
            },
            {
                "Spras": "E",
                "Land1": "BJ",
                "Landx": "Benin",
                "Natio": "Beninese",
                "Landx50": "Benin",
                "Natio50": "Beninese",
                "PrqSpregt": "229"
            },
            {
                "Spras": "E",
                "Land1": "BM",
                "Landx": "Bermuda",
                "Natio": "Bermudan",
                "Landx50": "Bermuda",
                "Natio50": "Bermudan",
                "PrqSpregt": "1809"
            },
            {
                "Spras": "E",
                "Land1": "BO",
                "Landx": "Bolivia",
                "Natio": "Bolivian",
                "Landx50": "Bolivia",
                "Natio50": "Bolivian",
                "PrqSpregt": "591"
            },
            {
                "Spras": "E",
                "Land1": "BA",
                "Landx": "Bosnia-Herz.",
                "Natio": "Bosnian",
                "Landx50": "Bosnia and Herzegovina",
                "Natio50": "Bosnian-Herzegovinian",
                "PrqSpregt": "387"
            },
            {
                "Spras": "E",
                "Land1": "BW",
                "Landx": "Botswana",
                "Natio": "Botswanan",
                "Landx50": "Botswana",
                "Natio50": "Botswanan",
                "PrqSpregt": "267"
            },
            {
                "Spras": "E",
                "Land1": "BR",
                "Landx": "Brazil",
                "Natio": "Brazilian",
                "Landx50": "Brazil",
                "Natio50": "Brazilian",
                "PrqSpregt": "55"
            },
            {
                "Spras": "E",
                "Land1": "VG",
                "Landx": "Brit.Virgin Is.",
                "Natio": "British",
                "Landx50": "British Virgin Islands",
                "Natio50": "British",
                "PrqSpregt": "1809"
            },
            {
                "Spras": "E",
                "Land1": "BN",
                "Landx": "Brunei Daruss.",
                "Natio": "Brunei",
                "Landx50": "Brunei Darussalam",
                "Natio50": "Brunei",
                "PrqSpregt": "673"
            },
            {
                "Spras": "E",
                "Land1": "BG",
                "Landx": "Bulgaria",
                "Natio": "Bulgarian",
                "Landx50": "Bulgaria",
                "Natio50": "Bulgarian",
                "PrqSpregt": "359"
            },
            {
                "Spras": "E",
                "Land1": "BF",
                "Landx": "Burkina Faso",
                "Natio": "Burkinabe",
                "Landx50": "Burkina Faso",
                "Natio50": "Burkinabe",
                "PrqSpregt": "226"
            },
            {
                "Spras": "E",
                "Land1": "MM",
                "Landx": "Burma",
                "Natio": "Burmese",
                "Landx50": "Burma",
                "Natio50": "Burmese",
                "PrqSpregt": "95"
            },
            {
                "Spras": "E",
                "Land1": "BI",
                "Landx": "Burundi",
                "Natio": "Burundi",
                "Landx50": "Burundi",
                "Natio50": "Burundi",
                "PrqSpregt": "257"
            },
            {
                "Spras": "E",
                "Land1": "KH",
                "Landx": "Cambodia",
                "Natio": "Cambodian",
                "Landx50": "Cambodia",
                "Natio50": "Cambodian",
                "PrqSpregt": "855"
            },
            {
                "Spras": "E",
                "Land1": "CM",
                "Landx": "Cameroon",
                "Natio": "Cameroonian",
                "Landx50": "Cameroon",
                "Natio50": "Cameroonian",
                "PrqSpregt": "237"
            },
            {
                "Spras": "E",
                "Land1": "CA",
                "Landx": "Canada",
                "Natio": "Canadian",
                "Landx50": "Canada",
                "Natio50": "Canadian",
                "PrqSpregt": "1"
            },
            {
                "Spras": "E",
                "Land1": "CV",
                "Landx": "Cape Verde",
                "Natio": "Cape Verdean",
                "Landx50": "Cape Verde",
                "Natio50": "Cape Verdean",
                "PrqSpregt": "238"
            },
            {
                "Spras": "E",
                "Land1": "KY",
                "Landx": "Cayman Islands",
                "Natio": "British",
                "Landx50": "Cayman Islands",
                "Natio50": "British",
                "PrqSpregt": "1809"
            },
            {
                "Spras": "E",
                "Land1": "TD",
                "Landx": "Chad",
                "Natio": "Chadian",
                "Landx50": "Chad",
                "Natio50": "Chadian",
                "PrqSpregt": "235"
            },
            {
                "Spras": "E",
                "Land1": "CL",
                "Landx": "Chile",
                "Natio": "Chilean",
                "Landx50": "Chile",
                "Natio50": "Chilean",
                "PrqSpregt": "56"
            },
            {
                "Spras": "E",
                "Land1": "CN",
                "Landx": "China",
                "Natio": "Chinese",
                "Landx50": "China",
                "Natio50": "Chinese",
                "PrqSpregt": "86"
            },
            {
                "Spras": "E",
                "Land1": "CX",
                "Landx": "Christmas Islnd",
                "Natio": "Australian",
                "Landx50": "Christmas Islnd",
                "Natio50": "Australian",
                "PrqSpregt": "61"
            },
            {
                "Spras": "E",
                "Land1": "CC",
                "Landx": "Coconut Islands",
                "Natio": "Australian",
                "Landx50": "Coconut Islands",
                "Natio50": "Australian",
                "PrqSpregt": "672"
            },
            {
                "Spras": "E",
                "Land1": "CO",
                "Landx": "Colombia",
                "Natio": "Colombian",
                "Landx50": "Colombia",
                "Natio50": "Colombian",
                "PrqSpregt": "57"
            },
            {
                "Spras": "E",
                "Land1": "CK",
                "Landx": "Cook Islands",
                "Natio": "Cook Islands",
                "Landx50": "Cook Islands",
                "Natio50": "Cook Islands",
                "PrqSpregt": "682"
            },
            {
                "Spras": "E",
                "Land1": "CR",
                "Landx": "Costa Rica",
                "Natio": "Costa Rican",
                "Landx50": "Costa Rica",
                "Natio50": "Costa Rican",
                "PrqSpregt": "506"
            },
            {
                "Spras": "E",
                "Land1": "CI",
                "Landx": "Cote d'Ivoire",
                "Natio": "Ivoirian",
                "Landx50": "Cote d'Ivoire",
                "Natio50": "Ivoirian",
                "PrqSpregt": "225"
            },
            {
                "Spras": "E",
                "Land1": "HR",
                "Landx": "Croatia",
                "Natio": "Croatian",
                "Landx50": "Croatia",
                "Natio50": "Croatian",
                "PrqSpregt": "385"
            },
            {
                "Spras": "E",
                "Land1": "CU",
                "Landx": "Cuba",
                "Natio": "Cuban",
                "Landx50": "Cuba",
                "Natio50": "Cuban",
                "PrqSpregt": "53"
            },
            {
                "Spras": "E",
                "Land1": "CY",
                "Landx": "Cyprus",
                "Natio": "Cypriot",
                "Landx50": "Cyprus",
                "Natio50": "Cypriot",
                "PrqSpregt": "357"
            },
            {
                "Spras": "E",
                "Land1": "CZ",
                "Landx": "Czech Republic",
                "Natio": "Czech",
                "Landx50": "Czech Republic",
                "Natio50": "Czech",
                "PrqSpregt": "420"
            },
            {
                "Spras": "E",
                "Land1": "DK",
                "Landx": "Denmark",
                "Natio": "Danish",
                "Landx50": "Denmark",
                "Natio50": "Danish",
                "PrqSpregt": "45"
            },
            {
                "Spras": "E",
                "Land1": "DJ",
                "Landx": "Djibouti",
                "Natio": "Djiboutian",
                "Landx50": "Djibouti",
                "Natio50": "Djiboutian",
                "PrqSpregt": "253"
            },
            {
                "Spras": "E",
                "Land1": "DM",
                "Landx": "Dominica",
                "Natio": "Dominican",
                "Landx50": "Dominica",
                "Natio50": "Dominican",
                "PrqSpregt": "1809"
            },
            {
                "Spras": "E",
                "Land1": "DO",
                "Landx": "Dominican Rep.",
                "Natio": "Dominican",
                "Landx50": "Dominican Republic",
                "Natio50": "Dominican",
                "PrqSpregt": "1809"
            },
            {
                "Spras": "E",
                "Land1": "EC",
                "Landx": "Ecuador",
                "Natio": "Ecuadorian",
                "Landx50": "Ecuador",
                "Natio50": "Ecuadorian",
                "PrqSpregt": "593"
            },
            {
                "Spras": "E",
                "Land1": "EG",
                "Landx": "Egypt",
                "Natio": "Egyptian",
                "Landx50": "Egypt",
                "Natio50": "Egyptian",
                "PrqSpregt": "20"
            },
            {
                "Spras": "E",
                "Land1": "SV",
                "Landx": "El Salvador",
                "Natio": "Salvadoran",
                "Landx50": "El Salvador",
                "Natio50": "Salvadoran",
                "PrqSpregt": "503"
            },
            {
                "Spras": "E",
                "Land1": "GQ",
                "Landx": "Equatorial Guin",
                "Natio": "Equatorial Guin",
                "Landx50": "Equatorial Guinea",
                "Natio50": "Equatorial Guinean",
                "PrqSpregt": "240"
            },
            {
                "Spras": "E",
                "Land1": "ER",
                "Landx": "Eritrea",
                "Natio": "Eritrean",
                "Landx50": "Eritrea",
                "Natio50": "Eritrean",
                "PrqSpregt": "291"
            },
            {
                "Spras": "E",
                "Land1": "EE",
                "Landx": "Estonia",
                "Natio": "Estonian",
                "Landx50": "Estonia",
                "Natio50": "Estonian",
                "PrqSpregt": "372"
            },
            {
                "Spras": "E",
                "Land1": "ET",
                "Landx": "Ethiopia",
                "Natio": "Ethiopian",
                "Landx50": "Ethiopia",
                "Natio50": "Ethiopian",
                "PrqSpregt": "251"
            },
            {
                "Spras": "E",
                "Land1": "FK",
                "Landx": "Falkland Islnds",
                "Natio": "British",
                "Landx50": "Falkland Islands",
                "Natio50": "British",
                "PrqSpregt": "500"
            },
            {
                "Spras": "E",
                "Land1": "FO",
                "Landx": "Faroe Islands",
                "Natio": "Danish",
                "Landx50": "Faroe Islands",
                "Natio50": "Danish",
                "PrqSpregt": "298"
            },
            {
                "Spras": "E",
                "Land1": "FJ",
                "Landx": "Fiji",
                "Natio": "Fijian",
                "Landx50": "Fiji",
                "Natio50": "Fijian",
                "PrqSpregt": "679"
            },
            {
                "Spras": "E",
                "Land1": "FI",
                "Landx": "Finland",
                "Natio": "Finnish",
                "Landx50": "Finland",
                "Natio50": "Finnish",
                "PrqSpregt": "358"
            },
            {
                "Spras": "E",
                "Land1": "FR",
                "Landx": "France",
                "Natio": "French",
                "Landx50": "France",
                "Natio50": "French",
                "PrqSpregt": "33"
            },
            {
                "Spras": "E",
                "Land1": "PF",
                "Landx": "Frenc.Polynesia",
                "Natio": "French",
                "Landx50": "French Polynesia",
                "Natio50": "French",
                "PrqSpregt": "689"
            },
            {
                "Spras": "E",
                "Land1": "GF",
                "Landx": "French Guayana",
                "Natio": "French",
                "Landx50": "French Guyana",
                "Natio50": "French",
                "PrqSpregt": "594"
            },
            {
                "Spras": "E",
                "Land1": "GA",
                "Landx": "Gabon",
                "Natio": "Gabonese",
                "Landx50": "Gabon",
                "Natio50": "Gabonese",
                "PrqSpregt": "241"
            },
            {
                "Spras": "E",
                "Land1": "GM",
                "Landx": "Gambia",
                "Natio": "Gambian",
                "Landx50": "Gambia",
                "Natio50": "Gambian",
                "PrqSpregt": "220"
            },
            {
                "Spras": "E",
                "Land1": "DE",
                "Landx": "Germany",
                "Natio": "German",
                "Landx50": "Germany",
                "Natio50": "German",
                "PrqSpregt": "49"
            },
            {
                "Spras": "E",
                "Land1": "GH",
                "Landx": "Ghana",
                "Natio": "Ghanian",
                "Landx50": "Ghana",
                "Natio50": "Ghanian",
                "PrqSpregt": "233"
            },
            {
                "Spras": "E",
                "Land1": "GI",
                "Landx": "Gibraltar",
                "Natio": "Gibraltar",
                "Landx50": "Gibraltar",
                "Natio50": "Gibraltar",
                "PrqSpregt": "350"
            },
            {
                "Spras": "E",
                "Land1": "GR",
                "Landx": "Greece",
                "Natio": "Greek",
                "Landx50": "Greece",
                "Natio50": "Greek",
                "PrqSpregt": "30"
            },
            {
                "Spras": "E",
                "Land1": "GL",
                "Landx": "Greenland",
                "Natio": "Danish",
                "Landx50": "Greenland",
                "Natio50": "Danish",
                "PrqSpregt": "299"
            },
            {
                "Spras": "E",
                "Land1": "GD",
                "Landx": "Grenada",
                "Natio": "Grenadian",
                "Landx50": "Grenada",
                "Natio50": "Grenadian",
                "PrqSpregt": "1809"
            },
            {
                "Spras": "E",
                "Land1": "GP",
                "Landx": "Guadeloupe",
                "Natio": "French",
                "Landx50": "Guadeloupe",
                "Natio50": "French",
                "PrqSpregt": "590"
            },
            {
                "Spras": "E",
                "Land1": "GU",
                "Landx": "Guam",
                "Natio": "American",
                "Landx50": "Guam",
                "Natio50": "American",
                "PrqSpregt": "671"
            },
            {
                "Spras": "E",
                "Land1": "GT",
                "Landx": "Guatemala",
                "Natio": "Guatemalan",
                "Landx50": "Guatemala",
                "Natio50": "Guatemalan",
                "PrqSpregt": "502"
            },
            {
                "Spras": "E",
                "Land1": "GN",
                "Landx": "Guinea",
                "Natio": "Guinean",
                "Landx50": "Guinea",
                "Natio50": "Guinean",
                "PrqSpregt": "224"
            },
            {
                "Spras": "E",
                "Land1": "GW",
                "Landx": "Guinea-Bissau",
                "Natio": "Guinean",
                "Landx50": "Guinea-Bissau",
                "Natio50": "Guinean",
                "PrqSpregt": "245"
            },
            {
                "Spras": "E",
                "Land1": "GY",
                "Landx": "Guyana",
                "Natio": "Guyanese",
                "Landx50": "Guyana",
                "Natio50": "Guyanese",
                "PrqSpregt": "592"
            },
            {
                "Spras": "E",
                "Land1": "HT",
                "Landx": "Haiti",
                "Natio": "Haitian",
                "Landx50": "Haiti",
                "Natio50": "Haitian",
                "PrqSpregt": "509"
            },
            {
                "Spras": "E",
                "Land1": "HN",
                "Landx": "Honduras",
                "Natio": "Honduran",
                "Landx50": "Honduras",
                "Natio50": "Honduran",
                "PrqSpregt": "504"
            },
            {
                "Spras": "E",
                "Land1": "HK",
                "Landx": "Hong Kong",
                "Natio": "Hong Kong",
                "Landx50": "Hong Kong",
                "Natio50": "Hong Kong",
                "PrqSpregt": "852"
            },
            {
                "Spras": "E",
                "Land1": "HU",
                "Landx": "Hungary",
                "Natio": "Hungarian",
                "Landx50": "Hungary",
                "Natio50": "Hungarian",
                "PrqSpregt": "36"
            },
            {
                "Spras": "E",
                "Land1": "IS",
                "Landx": "Iceland",
                "Natio": "Icelandic",
                "Landx50": "Iceland",
                "Natio50": "Icelandic",
                "PrqSpregt": "354"
            },
            {
                "Spras": "E",
                "Land1": "IN",
                "Landx": "India",
                "Natio": "Indian",
                "Landx50": "India",
                "Natio50": "Indian",
                "PrqSpregt": "91"
            },
            {
                "Spras": "E",
                "Land1": "ID",
                "Landx": "Indonesia",
                "Natio": "Indonesian",
                "Landx50": "Indonesia",
                "Natio50": "Indonesian",
                "PrqSpregt": "62"
            },
            {
                "Spras": "E",
                "Land1": "IR",
                "Landx": "Iran",
                "Natio": "Iranian",
                "Landx50": "Iran",
                "Natio50": "Iranian",
                "PrqSpregt": "98"
            },
            {
                "Spras": "E",
                "Land1": "IQ",
                "Landx": "Iraq",
                "Natio": "Iraqi",
                "Landx50": "Iraq",
                "Natio50": "Iraqi",
                "PrqSpregt": "964"
            },
            {
                "Spras": "E",
                "Land1": "IE",
                "Landx": "Ireland",
                "Natio": "Irish",
                "Landx50": "Ireland",
                "Natio50": "Irish",
                "PrqSpregt": "353"
            },
            {
                "Spras": "E",
                "Land1": "IL",
                "Landx": "Israel",
                "Natio": "Israeli",
                "Landx50": "Israel",
                "Natio50": "Israeli",
                "PrqSpregt": "972"
            },
            {
                "Spras": "E",
                "Land1": "IT",
                "Landx": "Italy",
                "Natio": "Italian",
                "Landx50": "Italy",
                "Natio50": "Italian",
                "PrqSpregt": "39"
            },
            {
                "Spras": "E",
                "Land1": "JM",
                "Landx": "Jamaica",
                "Natio": "Jamaican",
                "Landx50": "Jamaica",
                "Natio50": "Jamaican",
                "PrqSpregt": "1809"
            },
            {
                "Spras": "E",
                "Land1": "JP",
                "Landx": "Japan",
                "Natio": "Japanese",
                "Landx50": "Japan",
                "Natio50": "Japanese",
                "PrqSpregt": "81"
            },
            {
                "Spras": "E",
                "Land1": "JO",
                "Landx": "Jordan",
                "Natio": "Jordanian",
                "Landx50": "Jordan",
                "Natio50": "Jordanian",
                "PrqSpregt": "962"
            },
            {
                "Spras": "E",
                "Land1": "KZ",
                "Landx": "Kazakhstan",
                "Natio": "Kazakh",
                "Landx50": "Kazakhstan",
                "Natio50": "Kazakh",
                "PrqSpregt": "7"
            },
            {
                "Spras": "E",
                "Land1": "KE",
                "Landx": "Kenya",
                "Natio": "Kenyan",
                "Landx50": "Kenya",
                "Natio50": "Kenyan",
                "PrqSpregt": "254"
            },
            {
                "Spras": "E",
                "Land1": "KI",
                "Landx": "Kiribati",
                "Natio": "Kiribati",
                "Landx50": "Kiribati",
                "Natio50": "Kiribati",
                "PrqSpregt": "686"
            },
            {
                "Spras": "E",
                "Land1": "KW",
                "Landx": "Kuwait",
                "Natio": "Kuwaiti",
                "Landx50": "Kuwait",
                "Natio50": "Kuwaiti",
                "PrqSpregt": "965"
            },
            {
                "Spras": "E",
                "Land1": "KG",
                "Landx": "Kyrgyzstan",
                "Natio": "Kyrgyzstani",
                "Landx50": "Kyrgyzstan",
                "Natio50": "Kyrgyzstani",
                "PrqSpregt": "7"
            },
            {
                "Spras": "E",
                "Land1": "LA",
                "Landx": "Laos",
                "Natio": "Laotian",
                "Landx50": "Laos",
                "Natio50": "Laotian",
                "PrqSpregt": "856"
            },
            {
                "Spras": "E",
                "Land1": "LV",
                "Landx": "Latvia",
                "Natio": "Latvian",
                "Landx50": "Latvia",
                "Natio50": "Latvian",
                "PrqSpregt": "371"
            },
            {
                "Spras": "E",
                "Land1": "LB",
                "Landx": "Lebanon",
                "Natio": "Lebanese",
                "Landx50": "Lebanon",
                "Natio50": "Lebanese",
                "PrqSpregt": "961"
            },
            {
                "Spras": "E",
                "Land1": "LS",
                "Landx": "Lesotho",
                "Natio": "Lesothan",
                "Landx50": "Lesotho",
                "Natio50": "Lesothan",
                "PrqSpregt": "266"
            },
            {
                "Spras": "E",
                "Land1": "LR",
                "Landx": "Liberia",
                "Natio": "Liberian",
                "Landx50": "Liberia",
                "Natio50": "Liberian",
                "PrqSpregt": "231"
            },
            {
                "Spras": "E",
                "Land1": "LY",
                "Landx": "Libya",
                "Natio": "Libyan",
                "Landx50": "Libya",
                "Natio50": "Libyan",
                "PrqSpregt": "218"
            },
            {
                "Spras": "E",
                "Land1": "LI",
                "Landx": "Liechtenstein",
                "Natio": "Liechtenstein",
                "Landx50": "Liechtenstein",
                "Natio50": "Liechtenstein",
                "PrqSpregt": "423"
            },
            {
                "Spras": "E",
                "Land1": "LT",
                "Landx": "Lithuania",
                "Natio": "Lithuanian",
                "Landx50": "Lithuania",
                "Natio50": "Lithuanian",
                "PrqSpregt": "370"
            },
            {
                "Spras": "E",
                "Land1": "LU",
                "Landx": "Luxembourg",
                "Natio": "Luxembourgian",
                "Landx50": "Luxembourg",
                "Natio50": "Luxembourgian",
                "PrqSpregt": "352"
            },
            {
                "Spras": "E",
                "Land1": "MO",
                "Landx": "Macau",
                "Natio": "Portuguese",
                "Landx50": "Macau",
                "Natio50": "Portuguese",
                "PrqSpregt": "853"
            },
            {
                "Spras": "E",
                "Land1": "MK",
                "Landx": "Macedonia",
                "Natio": "Macedonian",
                "Landx50": "Macedonia",
                "Natio50": "Macedonian",
                "PrqSpregt": "389"
            },
            {
                "Spras": "E",
                "Land1": "MG",
                "Landx": "Madagascar",
                "Natio": "Madagascan",
                "Landx50": "Madagascar",
                "Natio50": "Madagascan",
                "PrqSpregt": "261"
            },
            {
                "Spras": "E",
                "Land1": "MW",
                "Landx": "Malawi",
                "Natio": "Malawian",
                "Landx50": "Malawi",
                "Natio50": "Malawian",
                "PrqSpregt": "265"
            },
            {
                "Spras": "E",
                "Land1": "MY",
                "Landx": "Malaysia",
                "Natio": "Malaysian",
                "Landx50": "Malaysia",
                "Natio50": "Malaysian",
                "PrqSpregt": "60"
            },
            {
                "Spras": "E",
                "Land1": "MV",
                "Landx": "Maldives",
                "Natio": "Maldivian",
                "Landx50": "Maldives",
                "Natio50": "Maldivian",
                "PrqSpregt": "960"
            },
            {
                "Spras": "E",
                "Land1": "ML",
                "Landx": "Mali",
                "Natio": "Malian",
                "Landx50": "Mali",
                "Natio50": "Malian",
                "PrqSpregt": "223"
            },
            {
                "Spras": "E",
                "Land1": "MT",
                "Landx": "Malta",
                "Natio": "Maltese",
                "Landx50": "Malta",
                "Natio50": "Maltese",
                "PrqSpregt": "356"
            },
            {
                "Spras": "E",
                "Land1": "MH",
                "Landx": "Marshall Islnds",
                "Natio": "Marshallese",
                "Landx50": "Marshall Islands",
                "Natio50": "Marshallese",
                "PrqSpregt": "692"
            },
            {
                "Spras": "E",
                "Land1": "MQ",
                "Landx": "Martinique",
                "Natio": "French",
                "Landx50": "Martinique",
                "Natio50": "French",
                "PrqSpregt": "596"
            },
            {
                "Spras": "E",
                "Land1": "MR",
                "Landx": "Mauretania",
                "Natio": "Mauretanian",
                "Landx50": "Mauretania",
                "Natio50": "Mauretanian",
                "PrqSpregt": "222"
            },
            {
                "Spras": "E",
                "Land1": "MU",
                "Landx": "Mauritius",
                "Natio": "Mauritian",
                "Landx50": "Mauritius",
                "Natio50": "Mauritian",
                "PrqSpregt": "230"
            },
            {
                "Spras": "E",
                "Land1": "YT",
                "Landx": "Mayotte",
                "Natio": "French",
                "Landx50": "Mayotte",
                "Natio50": "French",
                "PrqSpregt": "269"
            },
            {
                "Spras": "E",
                "Land1": "MX",
                "Landx": "Mexico",
                "Natio": "Mexican",
                "Landx50": "Mexico",
                "Natio50": "Mexican",
                "PrqSpregt": "52"
            },
            {
                "Spras": "E",
                "Land1": "FM",
                "Landx": "Micronesia",
                "Natio": "Micronesian",
                "Landx50": "Micronesia",
                "Natio50": "Micronesian",
                "PrqSpregt": "691"
            },
            {
                "Spras": "E",
                "Land1": "MD",
                "Landx": "Moldova",
                "Natio": "Moldovan",
                "Landx50": "Moldova",
                "Natio50": "Moldovan",
                "PrqSpregt": "373"
            },
            {
                "Spras": "E",
                "Land1": "MC",
                "Landx": "Monaco",
                "Natio": "Monegasque",
                "Landx50": "Monaco",
                "Natio50": "Monegasque",
                "PrqSpregt": "377"
            },
            {
                "Spras": "E",
                "Land1": "MN",
                "Landx": "Mongolia",
                "Natio": "Mongolian",
                "Landx50": "Mongolia",
                "Natio50": "Mongolian",
                "PrqSpregt": "976"
            },
            {
                "Spras": "E",
                "Land1": "MS",
                "Landx": "Montserrat",
                "Natio": "Montserrat",
                "Landx50": "Montserrat",
                "Natio50": "Montserrat",
                "PrqSpregt": "1809"
            },
            {
                "Spras": "E",
                "Land1": "MA",
                "Landx": "Morocco",
                "Natio": "Moroccan",
                "Landx50": "Morocco",
                "Natio50": "Moroccan",
                "PrqSpregt": "212"
            },
            {
                "Spras": "E",
                "Land1": "MZ",
                "Landx": "Mozambique",
                "Natio": "Mozambican",
                "Landx50": "Mozambique",
                "Natio50": "Mozambican",
                "PrqSpregt": "258"
            },
            {
                "Spras": "E",
                "Land1": "MP",
                "Landx": "N.Mariana Islnd",
                "Natio": "Marianian",
                "Landx50": "North Mariana Islands",
                "Natio50": "Marianian",
                "PrqSpregt": "670"
            },
            {
                "Spras": "E",
                "Land1": "NA",
                "Landx": "Namibia",
                "Natio": "Namibian",
                "Landx50": "Namibia",
                "Natio50": "Namibian",
                "PrqSpregt": "264"
            },
            {
                "Spras": "E",
                "Land1": "NR",
                "Landx": "Nauru",
                "Natio": "Nauruian",
                "Landx50": "Nauru",
                "Natio50": "Nauruian",
                "PrqSpregt": "674"
            },
            {
                "Spras": "E",
                "Land1": "NP",
                "Landx": "Nepal",
                "Natio": "Nepalese",
                "Landx50": "Nepal",
                "Natio50": "Nepalese",
                "PrqSpregt": "977"
            },
            {
                "Spras": "E",
                "Land1": "NL",
                "Landx": "Netherlands",
                "Natio": "Dutch",
                "Landx50": "Netherlands",
                "Natio50": "Dutch",
                "PrqSpregt": "31"
            },
            {
                "Spras": "E",
                "Land1": "NC",
                "Landx": "New Caledonia",
                "Natio": "French",
                "Landx50": "New Caledonia",
                "Natio50": "French",
                "PrqSpregt": "687"
            },
            {
                "Spras": "E",
                "Land1": "NZ",
                "Landx": "New Zealand",
                "Natio": "New Zealand",
                "Landx50": "New Zealand",
                "Natio50": "New Zealand",
                "PrqSpregt": "64"
            },
            {
                "Spras": "E",
                "Land1": "NI",
                "Landx": "Nicaragua",
                "Natio": "Nicaraguan",
                "Landx50": "Nicaragua",
                "Natio50": "Nicaraguan",
                "PrqSpregt": "505"
            },
            {
                "Spras": "E",
                "Land1": "NE",
                "Landx": "Niger",
                "Natio": "Nigerien",
                "Landx50": "Niger",
                "Natio50": "Nigerien",
                "PrqSpregt": "227"
            },
            {
                "Spras": "E",
                "Land1": "NG",
                "Landx": "Nigeria",
                "Natio": "Nigerian",
                "Landx50": "Nigeria",
                "Natio50": "Nigerian",
                "PrqSpregt": "234"
            },
            {
                "Spras": "E",
                "Land1": "NF",
                "Landx": "Norfolk Islands",
                "Natio": "Norfolk Islands",
                "Landx50": "Norfolk Islands",
                "Natio50": "From the Norfolk Islands",
                "PrqSpregt": "6723"
            },
            {
                "Spras": "E",
                "Land1": "KP",
                "Landx": "North Korea",
                "Natio": "Korean",
                "Landx50": "North Korea",
                "Natio50": "Korean",
                "PrqSpregt": "850"
            },
            {
                "Spras": "E",
                "Land1": "NO",
                "Landx": "Norway",
                "Natio": "Norwegian",
                "Landx50": "Norway",
                "Natio50": "Norwegian",
                "PrqSpregt": "47"
            },
            {
                "Spras": "E",
                "Land1": "OM",
                "Landx": "Oman",
                "Natio": "Omani",
                "Landx50": "Oman",
                "Natio50": "Omani",
                "PrqSpregt": "968"
            },
            {
                "Spras": "E",
                "Land1": "PK",
                "Landx": "Pakistan",
                "Natio": "Pakistani",
                "Landx50": "Pakistan",
                "Natio50": "Pakistani",
                "PrqSpregt": "92"
            },
            {
                "Spras": "E",
                "Land1": "PW",
                "Landx": "Palau",
                "Natio": "Palauan",
                "Landx50": "Palau",
                "Natio50": "Palauan",
                "PrqSpregt": "680"
            },
            {
                "Spras": "E",
                "Land1": "PA",
                "Landx": "Panama",
                "Natio": "Panamanian",
                "Landx50": "Panama",
                "Natio50": "Panamanian",
                "PrqSpregt": "507"
            },
            {
                "Spras": "E",
                "Land1": "PG",
                "Landx": "Pap. New Guinea",
                "Natio": "Pap.New Guinean",
                "Landx50": "Papua New Guinea",
                "Natio50": "Papua New Guinean",
                "PrqSpregt": "675"
            },
            {
                "Spras": "E",
                "Land1": "PY",
                "Landx": "Paraguay",
                "Natio": "Paraguayan",
                "Landx50": "Paraguay",
                "Natio50": "Paraguayan",
                "PrqSpregt": "595"
            },
            {
                "Spras": "E",
                "Land1": "PE",
                "Landx": "Peru",
                "Natio": "Peruvian",
                "Landx50": "Peru",
                "Natio50": "Peruvian",
                "PrqSpregt": "51"
            },
            {
                "Spras": "E",
                "Land1": "PH",
                "Landx": "Philippines",
                "Natio": "Filipino",
                "Landx50": "Philippines",
                "Natio50": "Filipino",
                "PrqSpregt": "63"
            },
            {
                "Spras": "E",
                "Land1": "PL",
                "Landx": "Poland",
                "Natio": "Polish",
                "Landx50": "Poland",
                "Natio50": "Polish",
                "PrqSpregt": "48"
            },
            {
                "Spras": "E",
                "Land1": "PT",
                "Landx": "Portugal",
                "Natio": "Portuguese",
                "Landx50": "Portugal",
                "Natio50": "Portuguese",
                "PrqSpregt": "351"
            },
            {
                "Spras": "E",
                "Land1": "PR",
                "Landx": "Puerto Rico",
                "Natio": "American",
                "Landx50": "Puerto Rico",
                "Natio50": "American",
                "PrqSpregt": "1809"
            },
            {
                "Spras": "E",
                "Land1": "QA",
                "Landx": "Qatar",
                "Natio": "Qatari",
                "Landx50": "Qatar",
                "Natio50": "Qatari",
                "PrqSpregt": "974"
            },
            {
                "Spras": "E",
                "Land1": "CG",
                "Landx": "Rep.of Congo",
                "Natio": "Congolese",
                "Landx50": "Republic of the Congo",
                "Natio50": "Congolese",
                "PrqSpregt": "242"
            },
            {
                "Spras": "E",
                "Land1": "RE",
                "Landx": "Reunion",
                "Natio": "French",
                "Landx50": "Reunion",
                "Natio50": "French",
                "PrqSpregt": "262"
            },
            {
                "Spras": "E",
                "Land1": "RO",
                "Landx": "Romania",
                "Natio": "Rumanian",
                "Landx50": "Romania",
                "Natio50": "Rumanian",
                "PrqSpregt": "40"
            },
            {
                "Spras": "E",
                "Land1": "RU",
                "Landx": "Russian Fed.",
                "Natio": "Russian",
                "Landx50": "Russian Federation",
                "Natio50": "Russian",
                "PrqSpregt": "7"
            },
            {
                "Spras": "E",
                "Land1": "RW",
                "Landx": "Rwanda",
                "Natio": "Rwandan",
                "Landx50": "Rwanda",
                "Natio50": "Rwandan",
                "PrqSpregt": "250"
            },
            {
                "Spras": "E",
                "Land1": "ST",
                "Landx": "S.Tome,Principe",
                "Natio": "Sao Tomean",
                "Landx50": "Sao Tome and Principe",
                "Natio50": "Sao Tomean",
                "PrqSpregt": "239"
            },
            {
                "Spras": "E",
                "Land1": "SH",
                "Landx": "Saint Helena",
                "Natio": "Saint Helena",
                "Landx50": "Saint Helena",
                "Natio50": "Saint Helenian",
                "PrqSpregt": "290"
            },
            {
                "Spras": "E",
                "Land1": "WS",
                "Landx": "Samoa",
                "Natio": "Samoan",
                "Landx50": "Samoa",
                "Natio50": "Samoan",
                "PrqSpregt": "685"
            },
            {
                "Spras": "E",
                "Land1": "AS",
                "Landx": "Samoa, America",
                "Natio": "Samoan",
                "Landx50": "American Samoa",
                "Natio50": "Samoan",
                "PrqSpregt": "684"
            },
            {
                "Spras": "E",
                "Land1": "SM",
                "Landx": "San Marino",
                "Natio": "Sammarinese",
                "Landx50": "San Marino",
                "Natio50": "Sammarinese",
                "PrqSpregt": "378"
            },
            {
                "Spras": "E",
                "Land1": "SA",
                "Landx": "Saudi Arabia",
                "Natio": "Saudi Arabian",
                "Landx50": "Saudi Arabia",
                "Natio50": "Saudi Arabian",
                "PrqSpregt": "966"
            },
            {
                "Spras": "E",
                "Land1": "SN",
                "Landx": "Senegal",
                "Natio": "Senegalese",
                "Landx50": "Senegal",
                "Natio50": "Senegalese",
                "PrqSpregt": "221"
            },
            {
                "Spras": "E",
                "Land1": "SC",
                "Landx": "Seychelles",
                "Natio": "Seychellian",
                "Landx50": "Seychelles",
                "Natio50": "Seychellian",
                "PrqSpregt": "248"
            },
            {
                "Spras": "E",
                "Land1": "SL",
                "Landx": "Sierra Leone",
                "Natio": "Sierra Leonean",
                "Landx50": "Sierra Leone",
                "Natio50": "Sierra Leonean",
                "PrqSpregt": "232"
            },
            {
                "Spras": "E",
                "Land1": "SG",
                "Landx": "Singapore",
                "Natio": "Singaporean",
                "Landx50": "Singapore",
                "Natio50": "Singaporean",
                "PrqSpregt": "65"
            },
            {
                "Spras": "E",
                "Land1": "SK",
                "Landx": "Slovakia",
                "Natio": "Slovakian",
                "Landx50": "Slovakia",
                "Natio50": "Slovakian",
                "PrqSpregt": "421"
            },
            {
                "Spras": "E",
                "Land1": "SI",
                "Landx": "Slovenia",
                "Natio": "Slovenian",
                "Landx50": "Slovenia",
                "Natio50": "Slovenian",
                "PrqSpregt": "386"
            },
            {
                "Spras": "E",
                "Land1": "SB",
                "Landx": "Solomon Islands",
                "Natio": "Solomonese",
                "Landx50": "Solomon Islands",
                "Natio50": "Solomonese",
                "PrqSpregt": "677"
            },
            {
                "Spras": "E",
                "Land1": "SO",
                "Landx": "Somalia",
                "Natio": "Somali",
                "Landx50": "Somalia",
                "Natio50": "Somali",
                "PrqSpregt": "252"
            },
            {
                "Spras": "E",
                "Land1": "ZA",
                "Landx": "South Africa",
                "Natio": "South African",
                "Landx50": "South Africa",
                "Natio50": "South African",
                "PrqSpregt": "27"
            },
            {
                "Spras": "E",
                "Land1": "KR",
                "Landx": "South Korea",
                "Natio": "Korean",
                "Landx50": "South Korea",
                "Natio50": "Korean",
                "PrqSpregt": "82"
            },
            {
                "Spras": "E",
                "Land1": "SS",
                "Landx": "South Sudan",
                "Natio": "South Sudanese",
                "Landx50": "South Sudan",
                "Natio50": "",
                "PrqSpregt": "211"
            },
            {
                "Spras": "E",
                "Land1": "ES",
                "Landx": "Spain",
                "Natio": "Spanish",
                "Landx50": "Spain",
                "Natio50": "Spanish",
                "PrqSpregt": "34"
            },
            {
                "Spras": "E",
                "Land1": "LK",
                "Landx": "Sri Lanka",
                "Natio": "Sri Lankan",
                "Landx50": "Sri Lanka",
                "Natio50": "Sri Lankan",
                "PrqSpregt": "94"
            },
            {
                "Spras": "E",
                "Land1": "KN",
                "Landx": "St Kitts&Nevis",
                "Natio": "f. St Kitts/Nev",
                "Landx50": "Saint Kitts and Nevis",
                "Natio50": "From Saint Kitts and Nevis",
                "PrqSpregt": "1809"
            },
            {
                "Spras": "E",
                "Land1": "LC",
                "Landx": "St. Lucia",
                "Natio": "Lucian",
                "Landx50": "St. Lucia",
                "Natio50": "Lucian",
                "PrqSpregt": "1809"
            },
            {
                "Spras": "E",
                "Land1": "VC",
                "Landx": "St. Vincent",
                "Natio": "Vincentian",
                "Landx50": "St. Vincent and the Grenadines",
                "Natio50": "Vincentian",
                "PrqSpregt": "1809"
            },
            {
                "Spras": "E",
                "Land1": "PM",
                "Landx": "St.Pier,Miquel.",
                "Natio": "French",
                "Landx50": "St. Pierre and Miquelon",
                "Natio50": "French",
                "PrqSpregt": "508"
            },
            {
                "Spras": "E",
                "Land1": "SD",
                "Landx": "Sudan",
                "Natio": "Sudanese",
                "Landx50": "Sudan",
                "Natio50": "Sudanese",
                "PrqSpregt": "249"
            },
            {
                "Spras": "E",
                "Land1": "SR",
                "Landx": "Suriname",
                "Natio": "Surinamese",
                "Landx50": "Suriname",
                "Natio50": "Surinamese",
                "PrqSpregt": "597"
            },
            {
                "Spras": "E",
                "Land1": "SZ",
                "Landx": "Swaziland",
                "Natio": "Swazi",
                "Landx50": "Swaziland",
                "Natio50": "Swazi",
                "PrqSpregt": "268"
            },
            {
                "Spras": "E",
                "Land1": "SE",
                "Landx": "Sweden",
                "Natio": "Swedish",
                "Landx50": "Sweden",
                "Natio50": "Swedish",
                "PrqSpregt": "46"
            },
            {
                "Spras": "E",
                "Land1": "CH",
                "Landx": "Switzerland",
                "Natio": "Swiss",
                "Landx50": "Switzerland",
                "Natio50": "Swiss",
                "PrqSpregt": "41"
            },
            {
                "Spras": "E",
                "Land1": "SY",
                "Landx": "Syria",
                "Natio": "Syrian",
                "Landx50": "Syria",
                "Natio50": "Syrian",
                "PrqSpregt": "963"
            },
            {
                "Spras": "E",
                "Land1": "TW",
                "Landx": "Taiwan",
                "Natio": "Chinese",
                "Landx50": "Taiwan",
                "Natio50": "Chinese",
                "PrqSpregt": "886"
            },
            {
                "Spras": "E",
                "Land1": "TJ",
                "Landx": "Tajikistan",
                "Natio": "Tajikistani",
                "Landx50": "Tajikistan",
                "Natio50": "Tajikistani",
                "PrqSpregt": "7"
            },
            {
                "Spras": "E",
                "Land1": "TZ",
                "Landx": "Tanzania",
                "Natio": "Tanzanian",
                "Landx50": "Tanzania",
                "Natio50": "Tanzanian",
                "PrqSpregt": "255"
            },
            {
                "Spras": "E",
                "Land1": "TH",
                "Landx": "Thailand",
                "Natio": "Thai",
                "Landx50": "Thailand",
                "Natio50": "Thai",
                "PrqSpregt": "66"
            },
            {
                "Spras": "E",
                "Land1": "TG",
                "Landx": "Togo",
                "Natio": "Togolese",
                "Landx50": "Togo",
                "Natio50": "Togolese",
                "PrqSpregt": "228"
            },
            {
                "Spras": "E",
                "Land1": "TO",
                "Landx": "Tonga",
                "Natio": "Tongan",
                "Landx50": "Tonga",
                "Natio50": "Tongan",
                "PrqSpregt": "676"
            },
            {
                "Spras": "E",
                "Land1": "TT",
                "Landx": "Trinidad,Tobago",
                "Natio": "F. Trinidad & T",
                "Landx50": "Trinidad and Tobago",
                "Natio50": "From Trinidad and Tobago",
                "PrqSpregt": "1809"
            },
            {
                "Spras": "E",
                "Land1": "TN",
                "Landx": "Tunisia",
                "Natio": "Tunisian",
                "Landx50": "Tunisia",
                "Natio50": "Tunisian",
                "PrqSpregt": "216"
            },
            {
                "Spras": "E",
                "Land1": "TR",
                "Landx": "Turkey",
                "Natio": "Turkish",
                "Landx50": "Turkey",
                "Natio50": "Turkish",
                "PrqSpregt": "90"
            },
            {
                "Spras": "E",
                "Land1": "TM",
                "Landx": "Turkmenistan",
                "Natio": "Turkmenian",
                "Landx50": "Turkmenistan",
                "Natio50": "Turkmenian",
                "PrqSpregt": "7"
            },
            {
                "Spras": "E",
                "Land1": "TC",
                "Landx": "Turksh Caicosin",
                "Natio": "Turksh Caicosin",
                "Landx50": "Turks and Caicos Islands",
                "Natio50": "From the Turks and Caicos Islands",
                "PrqSpregt": "1809"
            },
            {
                "Spras": "E",
                "Land1": "US",
                "Landx": "USA",
                "Natio": "American",
                "Landx50": "USA",
                "Natio50": "American",
                "PrqSpregt": "1"
            },
            {
                "Spras": "E",
                "Land1": "UG",
                "Landx": "Uganda",
                "Natio": "Ugandan",
                "Landx50": "Uganda",
                "Natio50": "Ugandan",
                "PrqSpregt": "256"
            },
            {
                "Spras": "E",
                "Land1": "UA",
                "Landx": "Ukraine",
                "Natio": "Ukrainian",
                "Landx50": "Ukraine",
                "Natio50": "Ukrainian",
                "PrqSpregt": "38"
            },
            {
                "Spras": "E",
                "Land1": "GB",
                "Landx": "United Kingdom",
                "Natio": "British",
                "Landx50": "United Kingdom",
                "Natio50": "British",
                "PrqSpregt": "44"
            },
            {
                "Spras": "E",
                "Land1": "UY",
                "Landx": "Uruguay",
                "Natio": "Uruguayan",
                "Landx50": "Uruguay",
                "Natio50": "Uruguayan",
                "PrqSpregt": "598"
            },
            {
                "Spras": "E",
                "Land1": "AE",
                "Landx": "Utd.Arab Emir.",
                "Natio": "Unit.Arab Emir.",
                "Landx50": "United Arab Emirates",
                "Natio50": "United Arab Emirates",
                "PrqSpregt": "971"
            },
            {
                "Spras": "E",
                "Land1": "UZ",
                "Landx": "Uzbekistan",
                "Natio": "Uzbekistani",
                "Landx50": "Uzbekistan",
                "Natio50": "Uzbekistani",
                "PrqSpregt": "998"
            },
            {
                "Spras": "E",
                "Land1": "VU",
                "Landx": "Vanuatu",
                "Natio": "Ni-Vanuatu",
                "Landx50": "Vanuatu",
                "Natio50": "Ni-Vanuatu",
                "PrqSpregt": "678"
            },
            {
                "Spras": "E",
                "Land1": "VA",
                "Landx": "Vatican City",
                "Natio": "Vatican City",
                "Landx50": "Vatican City",
                "Natio50": "",
                "PrqSpregt": "39"
            },
            {
                "Spras": "E",
                "Land1": "VE",
                "Landx": "Venezuela",
                "Natio": "Venezuelan",
                "Landx50": "Venezuela",
                "Natio50": "Venezuelan",
                "PrqSpregt": "58"
            },
            {
                "Spras": "E",
                "Land1": "VN",
                "Landx": "Vietnam",
                "Natio": "Vietnamese",
                "Landx50": "Vietnam",
                "Natio50": "Vietnamese",
                "PrqSpregt": "84"
            },
            {
                "Spras": "E",
                "Land1": "YE",
                "Landx": "Yemen",
                "Natio": "Yemeni",
                "Landx50": "Yemen",
                "Natio50": "Yemeni",
                "PrqSpregt": "967"
            },
            {
                "Spras": "E",
                "Land1": "ZM",
                "Landx": "Zambia",
                "Natio": "Zambian",
                "Landx50": "Zambia",
                "Natio50": "Zambian",
                "PrqSpregt": "260"
            },
            {
                "Spras": "E",
                "Land1": "ZW",
                "Landx": "Zimbabwe",
                "Natio": "Zimbabwean",
                "Landx50": "Zimbabwe",
                "Natio50": "Zimbabwean",
                "PrqSpregt": "263"
            }
        ]
    }
}