{
    "d": {
        "results": [
            {
                "Kunnr": "202418",
                "Land1": "",
                "Landx": "",
                "Name1": "International Corp.",
                "Name2": "",
                "Ort01": "",
                "Pstlz": "0000202418",
                "Regio": "",
                "Sortl": "cust_num",
                "Stras": "",
                "Telf1": "",
                "Telfx": "",
                "Adrnr": "",
                "Anred": "",
                "Erdat": "\/Date(1545091200000)\/",
                "Ernam": "",
                "Konzs": "",
                "Uwaer": "",
                "Knurl": ""
            },
            {
                "Kunnr": "202419",
                "Land1": "",
                "Landx": "",
                "Name1": "SAPNet R/3-Frontend Test custo",
                "Name2": "",
                "Ort01": "",
                "Pstlz": "0000202419",
                "Regio": "",
                "Sortl": "cust_num",
                "Stras": "",
                "Telf1": "",
                "Telfx": "",
                "Adrnr": "",
                "Anred": "",
                "Erdat": "\/Date(1545091200000)\/",
                "Ernam": "",
                "Konzs": "",
                "Uwaer": "",
                "Knurl": ""
            },
            {
                "Kunnr": "203069",
                "Land1": "",
                "Landx": "",
                "Name1": "Test value contracts",
                "Name2": "",
                "Ort01": "",
                "Pstlz": "0000203069",
                "Regio": "",
                "Sortl": "cust_num",
                "Stras": "",
                "Telf1": "",
                "Telfx": "",
                "Adrnr": "",
                "Anred": "",
                "Erdat": "\/Date(1545091200000)\/",
                "Ernam": "",
                "Konzs": "",
                "Uwaer": "",
                "Knurl": ""
            },
            {
                "Kunnr": "202420",
                "Land1": "",
                "Landx": "",
                "Name1": "test cust. #3.",
                "Name2": "",
                "Ort01": "",
                "Pstlz": "0000202420",
                "Regio": "",
                "Sortl": "cust_num",
                "Stras": "",
                "Telf1": "",
                "Telfx": "",
                "Adrnr": "",
                "Anred": "",
                "Erdat": "\/Date(1545091200000)\/",
                "Ernam": "",
                "Konzs": "",
                "Uwaer": "",
                "Knurl": ""
            }
        ]
    }
}