{
    "d": {
        "results": [
            {
                "CustName": "International Corp.",
                "CustNum": "202418"
            },
            {
                "CustName": "SAPNet R/3-Frontend Test custo",
                "CustNum": "202419"
            },
            {
                "CustName": "Test value contracts",
                "CustNum": "203069"
            },
            {
                "CustName": "test cust. #3.",
                "CustNum": "202420"
            }
        ]
    }
}