{
	"d": {
		"results": [{
			"Abtpa": "",
			"Adrnr": "",
			"Anred": "",
			"Authprofilestat": "",
			"CountryOther": "",
			"CountryOtherT": "",
			"DepartmentLong": "SAP",
			"Dtbis": "/Date(4070908800000)/",
			"Dtvon": "/Date(0)/",
			"Erdat": "/Date(1457395200000)/",
			"Ernam": "",
			"Handy": "",
			"Ipadr": "barack.obama@formerpresident.gov",
			"IsUidAssigned": false,
			"Kunnr": "203069",
			"Kunnrcity": "",
			"Kunnrname": "Test value contracts WALDORF",
			"Kunnrpstlz": "",
			"Kunnrstras": "",
			"Land1": "",
			"Land1t": "",
			"Name1": "Obama",
			"Namev": "Barack",
			"Parla": "",
			"ParlaExt": "",
			"Parlat": "",
			"Susid": "S0001184254",
			"Telf1": "",
			"Telfx": "",
			"Tmpfx": "",
			"Tmptl": "",
			"Tmpzl": "",
			"Tmpzlt": "",
			"Trdat": "/Date(0)/",
			"Ucnam": "",
			"Ucvor": "",
			"UidChangedBy": "",
			"UidChangedOn": null,
			"UidCreatedBy": "",
			"UidCreatedOn": null,
			"UidFirstName": "",
			"UidLastName": "",
			"UidStatus": "",
			"Usercriticalrole": "",
			"Userprofilestat": "D",
			"Userstatus": "",
			"Ynemail": ""
		}, {
			"Abtpa": "",
			"Adrnr": "",
			"Anred": "",
			"Authprofilestat": "",
			"CountryOther": "",
			"CountryOtherT": "",
			"DepartmentLong": "PRM",
			"Dtbis": "/Date(4070908800000)/",
			"Dtvon": "/Date(0)/",
			"Erdat": "/Date(1457395200000)/",
			"Ernam": "",
			"Handy": "",
			"Ipadr": "charlie.chaplin@united-artists.movie",
			"IsUidAssigned": false,
			"Kunnr": "203069",
			"Kunnrcity": "",
			"Kunnrname": "Test value contracts WALDORF",
			"Kunnrpstlz": "",
			"Kunnrstras": "",
			"Land1": "",
			"Land1t": "",
			"Name1": "Charplin",
			"Namev": "Charlie",
			"Parla": "",
			"ParlaExt": "",
			"Parlat": "",
			"Susid": "S0001184255",
			"Telf1": "",
			"Telfx": "",
			"Tmpfx": "",
			"Tmptl": "",
			"Tmpzl": "",
			"Tmpzlt": "",
			"Trdat": "/Date(0)/",
			"Ucnam": "",
			"Ucvor": "",
			"UidChangedBy": "",
			"UidChangedOn": null,
			"UidCreatedBy": "",
			"UidCreatedOn": null,
			"UidFirstName": "",
			"UidLastName": "",
			"UidStatus": "",
			"Usercriticalrole": "",
			"Userprofilestat": "P",
			"Userstatus": "",
			"Ynemail": ""
		}]			
	}
}