{
    "d": {
        "results": [
            {
                "DepartmentId": "1",
                "DepartmentName": "DEVELOPMENT",
                "DepartmentCount": 19
            },
            {
                "DepartmentId": "2",
                "DepartmentName": "NONE",
                "DepartmentCount": 0
            },
            {
                "DepartmentId": "3",
                "DepartmentName": "TEST",
                "DepartmentCount": 3
            },
            {
                "DepartmentId": "4",
                "DepartmentName": "Test1",
                "DepartmentCount": 90
            },
            {
                "DepartmentId": "5",
                "DepartmentName": "Test10",
                "DepartmentCount": 7
            },
            {
                "DepartmentId": "6",
                "DepartmentName": "Test11",
                "DepartmentCount": 76
            },
            {
                "DepartmentId": "7",
                "DepartmentName": "two words",
                "DepartmentCount": 33
            },
            {
                "DepartmentId": "8",
                "DepartmentName": "SSP"
            },
            {
                "DepartmentId": "9",
                "DepartmentName": "Support rocks"
            },
            {
                "DepartmentId": "10",
                "DepartmentName": "Launchpad"
            },
            {
                "DepartmentId": "11",
                "DepartmentName": "CAC"
            },
            {
                "DepartmentId": "12",
                "DepartmentName": "User management"
            },
            {
                "DepartmentId": "13",
                "DepartmentName": "Technical User"
            },
            {
                "DepartmentId": "14",
                "DepartmentName": "FG-111"
            },
            {
                "DepartmentId": "15",
                "DepartmentName": "Shell"
            },
            {
                "DepartmentId": "16",
                "DepartmentName": "UI5"
            },
            {
                "DepartmentId": "17",
                "DepartmentName": "In dev"
            },
            {
                "DepartmentId": "18",
                "DepartmentName": "New dept."
            },
            {
                "DepartmentId": "19",
                "DepartmentName": "19th department"
            },
            {
                "DepartmentId": "20",
                "DepartmentName": "XX"
            },
            {
                "DepartmentId": "21",
                "DepartmentName": "One more in the list"
            },
            {
                "DepartmentId": "22",
                "DepartmentName": "Last one"
            }
        ]
    }
}