{
    "d": {
        "results": [
            {
                "UserId": "",
                "DepartmentDesc": "DEVELOPMENT"
            },
            {
                "UserId": "",
                "DepartmentDesc": "NONE"
            },
            {
                "UserId": "",
                "DepartmentDesc": "TEST"
            },
            {
                "UserId": "",
                "DepartmentDesc": "Test1"
            },
            {
                "UserId": "",
                "DepartmentDesc": "Test10"
            },
            {
                "UserId": "",
                "DepartmentDesc": "Test11"
            },
            {
                "UserId": "",
                "DepartmentDesc": "two words"
            }
        ]
    }
}