{
	"d": {
		"results": [{
			"LastName": "Test",
			"FirstName": "Vladimir",
			"Email": "test.vladimir@sap.com",
			"UserId": "S0123456789",
			"CustomerName": "SAP Test Account",
			"CustomerNumber": "987654",
			"RequestedBy": "S0098765432",
			"RequestedOn": "2018-12-19T00:00:00",
			"TypeOfRequest": "Authorization",
			"RequestStatus": "Pending",
			"Address": "Palace Square 1, St.Petersburg, Russia",
			"Reason": "Test purposes",
			"Authorization": "Edit User Data",
			"AuthorizationLevelName": "SAP Test",
			"AuthorizationLevelNumber": "210210"
		}, {
			"LastName": "Test",
			"FirstName": "Request",
			"Email": "test.request@sap.com",
			"UserId": "S0555556789",
			"CustomerName": "SAP New Test",
			"CustomerNumber": "322144",
			"RequestedBy": "S0011165432",
			"RequestedOn": "2019-01-12T00:00:00",
			"TypeOfRequest": "Authorization",
			"RequestStatus": "Pending",
			"Address": "Red Square 1, Moscow, Russia",
			"Reason": "Really need it",
			"Authorization": "Edit Installation Data",
			"AuthorizationLevelName": "SAP TESTING",
			"AuthorizationLevelNumber": "921203"
		}]
	}
}