{
	"d": {
		"results": [{
			"Id": "1",
			"UserId": "S0123456789",
			"TypeOfRequest": "Authorization",
			"Date": "2018-12-19T00:00:00",
			"Text": "Download Software. Status = Pending"
		}, {
			"Id": "2",
			"UserId": "S0123456789",
			"TypeOfRequest": "Authorization",
			"Date": "2018-12-20T00:00:00",
			"Text": "Download Software. Status = Completed"
		}, {
			"Id": "3",
			"UserId": "S0555556789",
			"TypeOfRequest": "Authorization",
			"Date": "2019-01-12T00:00:00",
			"Text": "Created"
		}]
	}
}