{
    "d": {
        "results": [
            {
                "__metadata": {
                    "id": "https://supportshell-waeb84638.dispatcher.int.sap.hana.ondemand.com/services/odata/useradminsrv/ImportantRolesSet(UserId='S0001234567',FunctionId='1SUPERADMIN',Ccc='321321',CustNum='',Inst='')",
                    "uri": "https://supportshell-waeb84638.dispatcher.int.sap.hana.ondemand.com/services/odata/useradminsrv/ImportantRolesSet(UserId='S0001234567',FunctionId='1SUPERADMIN',Ccc='321321',CustNum='',Inst='')",
                    "type": "/SVT/USER_ADMIN_SRV.ImportantRoles"
                },
                "UserId": "S0001234567",
                "UserCustNum": "321321",
                "Email": "superadmin@sap.com",
                "Phone": "0000/11111",
                "Dept": "TST",
                "FunctionId": "1SUPERADMIN",
                "Function": "Super Administrator",
                "GlobalFlag": "",
                "Ccc": "321321",
                "CccName": "DE - Test value contracts",
                "CustNum": "",
                "CustName": "",
                "Inst": "",
                "InstName": "",
                "FirstName": "Super",
                "LastName": "Admin",
                "LogonUserId": "",
                "PartnerFlag": false,
                "TechUserFlag": "",
                "IS_4_SETTINGS": true,
		        "IsValidDomain": false,
		        "IsValidEmail": false,
		        "IsEmailFormatValid": true,
		        "IsEmailNotShared": true,
		        "IsEmailNotDuplicate": false
            },
            {
                "__metadata": {
                    "id": "https://supportshell-waeb84638.dispatcher.int.sap.hana.ondemand.com/services/odata/useradminsrv/ImportantRolesSet(UserId='S0000455454',FunctionId='1SUPERADMIN_CLOUD',Ccc='203069',CustNum='',Inst='')",
                    "uri": "https://supportshell-waeb84638.dispatcher.int.sap.hana.ondemand.com/services/odata/useradminsrv/ImportantRolesSet(UserId='S0000455454',FunctionId='1SUPERADMIN_CLOUD',Ccc='203069',CustNum='',Inst='')",
                    "type": "/SVT/USER_ADMIN_SRV.ImportantRoles"
                },
                "UserId": "S0000455454",
                "UserCustNum": "203069",
                "Email": "cloudadmin@cisco.com",
                "Phone": "12324341",
                "Dept": "Lic. Mgmt12.",
                "FunctionId": "1SUPERADMIN_CLOUD",
                "Function": "Cloud Administrator",
                "GlobalFlag": "",
                "Ccc": "203069",
                "CccName": "DE - Test value contracts",
                "CustNum": "",
                "CustName": "",
                "Inst": "310720201619",
                "InstName": "INSTA1",
                "FirstName": "Cloud",
                "LastName": "Admin",
                "LogonUserId": "",
                "PartnerFlag": false,
                "TechUserFlag": "",
                "IS_4_SETTINGS": true
            },
            {
                "UserId": "S0000455454",
                "UserCustNum": "203069",
                "Email": "cloudadmin@cisco.com",
                "Phone": "12324341",
                "Dept": "Lic. Mgmt12.",
                "FunctionId": "1SUPERADMIN_CLOUD",
                "Function": "Cloud Administrator",
                "GlobalFlag": "",
                "Ccc": "203069",
                "CccName": "DE - Test value contracts",
                "CustNum": "",
                "CustName": "",
                "Inst": "310720201620",
                "InstName": "INSTA2",
                "FirstName": "Cloud",
                "LastName": "Admin",
                "LogonUserId": "",
                "PartnerFlag": false,
                "TechUserFlag": "",
                "IS_4_SETTINGS": false,
                "IsValidDomain": false,
                "IsValidEmail": true,
		        "IsEmailFormatValid": true,
		        "IsEmailNotShared": true,
		        "IsEmailNotDuplicate": true                
            },
            {
                "UserId": "S0000455454",
                "UserCustNum": "203069",
                "Email": "cloudadmin@cisco.com",
                "Phone": "12324341",
                "Dept": "Lic. Mgmt12.",
                "FunctionId": "1SUPERADMIN_CLOUD",
                "Function": "Cloud Administrator",
                "GlobalFlag": "",
                "Ccc": "203069",
                "CccName": "DE - Test value contracts",
                "CustNum": "",
                "CustName": "",
                "Inst": "310720201621",
                "InstName": "INSTA3",
                "FirstName": "Cloud",
                "LastName": "Admin",
                "LogonUserId": "",
                "PartnerFlag": false,
                "TechUserFlag": "",
                "IS_4_SETTINGS": true,
                "IsValidDomain": true,
                "IsValidEmail": false,
		        "IsEmailFormatValid": true,
		        "IsEmailNotShared": true,
		        "IsEmailNotDuplicate": false                
            },
            {
                "__metadata": {
                    "id": "https://supportshell-waeb84638.dispatcher.int.sap.hana.ondemand.com/services/odata/useradminsrv/ImportantRolesSet(UserId='S00008325',FunctionId='KPMS',Ccc='',CustNum='202418',Inst='')",
                    "uri": "https://supportshell-waeb84638.dispatcher.int.sap.hana.ondemand.com/services/odata/useradminsrv/ImportantRolesSet(UserId='S00008325',FunctionId='KPMS',Ccc='',CustNum='202418',Inst='')",
                    "type": "/SVT/USER_ADMIN_SRV.ImportantRoles"
                },
                "UserId": "S00008325",
                "UserCustNum": "202418",
                "Email": "cloudadmin@cisco.com",
                "Phone": "01326-122",
                "Dept": "",
                "FunctionId": "KPMS",
                "Function": "License Audit Contact SAP",
                
                "GlobalFlag": "",
                "Ccc": "",
                "CccName": "",
                "CustNum": "202418",
                "CustName": "DE - International Corp.",
                "Inst": "",
                "InstName": "",
                "FirstName": "Audit",
                "LastName": "Contact",
                "LogonUserId": "",
                "PartnerFlag": false,
                "TechUserFlag": "",
                "IS_4_SETTINGS": true,
                "IsValidDomain": true,
                "IsValidEmail": true,
		        "IsEmailFormatValid": true,
		        "IsEmailNotShared": true,
		        "IsEmailNotDuplicate": true                
            },
            {
                "__metadata": {
                    "id": "https://supportshell-waeb84638.dispatcher.int.sap.hana.ondemand.com/services/odata/useradminsrv/ImportantRolesSet(UserId='S000033282',FunctionId='SECUCONTACT',Ccc='',CustNum='',Inst='')",
                    "uri": "https://supportshell-waeb84638.dispatcher.int.sap.hana.ondemand.com/services/odata/useradminsrv/ImportantRolesSet(UserId='S000033282',FunctionId='SECUCONTACT',Ccc='',CustNum='',Inst='')",
                    "type": "/SVT/USER_ADMIN_SRV.ImportantRoles"
                },
                "UserId": "S000033282",
                "UserCustNum": "203069",
                "Email": "cloudadmin@cisco.com",
                "Phone": "06227/7-42883",
                "Dept": "SAP",
                "FunctionId": "SECUCONTACT",
                "Function": "Security Contact",
                "GlobalFlag": "X",
                "Ccc": "",
                "CccName": "",
                "CustNum": "",
                "CustName": "",
                "Inst": "",
                "InstName": "",
                "FirstName": "Security",
                "LastName": "Contact",
                "LogonUserId": "",
                "PartnerFlag": false,
                "TechUserFlag": "",
                "IS_4_SETTINGS": true,
                "IsValidDomain": true,
                "IsValidEmail": true,
		        "IsEmailFormatValid": true,
		        "IsEmailNotShared": true,
		        "IsEmailNotDuplicate": false                
            }
        ]
    }
}