{
    "d": {
        "results": [
            {
                "InstallationDesc": "International Corp.",
        		"InstallationNum": "0020256434",
        		"CustNum": "0000202418",
        		"CustName": "test cust."	
            },
            {
                "InstallationDesc": "International Corp.",
        		"InstallationNum": "0120009915",
        		"CustNum": "0000202418",
        		"CustName": "test cust."	
            },
            {
                "InstallationDesc": "Installation test",
        		"InstallationNum": "0020256446",
        		"CustNum": "0000202418",
        		"CustName": "test cust."	
            }
        ]
    }
}