{
	"d": {
		"results": [{
			"Spras": "E",
			"Sprsl": "A",
			"Sptxt": "Afrikaans",
			"LanguageCode": "AF",
			"UserDefaultLang": "EN",
			"LanguageCodeSingleChar": "a"
		}, {
			"Spras": "E",
			"Sprsl": "A",
			"Sptxt": "Arabic",
			"LanguageCode": "AR",
			"UserDefaultLang": "EN",
			"LanguageCodeSingleChar": "A"
		}, {
			"Spras": "E",
			"Sprsl": "B",
			"Sptxt": "Bulgarian",
			"LanguageCode": "BG",
			"UserDefaultLang": "EN",
			"LanguageCodeSingleChar": "W"
		}, {
			"Spras": "E",
			"Sprsl": "C",
			"Sptxt": "Catalan",
			"LanguageCode": "CA",
			"UserDefaultLang": "EN",
			"LanguageCodeSingleChar": "c"
		}, {
			"Spras": "E",
			"Sprsl": "Z",
			"Sptxt": "Chinese",
			"LanguageCode": "ZH",
			"UserDefaultLang": "EN",
			"LanguageCodeSingleChar": "1"
		}, {
			"Spras": "E",
			"Sprsl": "Z",
			"Sptxt": "Chinese trad.",
			"LanguageCode": "ZF",
			"UserDefaultLang": "EN",
			"LanguageCodeSingleChar": "M"
		}, {
			"Spras": "E",
			"Sprsl": "H",
			"Sptxt": "Croatian",
			"LanguageCode": "HR",
			"UserDefaultLang": "EN",
			"LanguageCodeSingleChar": "6"
		}, {
			"Spras": "E",
			"Sprsl": "Z",
			"Sptxt": "Customer reserve",
			"LanguageCode": "Z1",
			"UserDefaultLang": "EN",
			"LanguageCodeSingleChar": "Z"
		}, {
			"Spras": "E",
			"Sprsl": "C",
			"Sptxt": "Czech",
			"LanguageCode": "CS",
			"UserDefaultLang": "EN",
			"LanguageCodeSingleChar": "C"
		}, {
			"Spras": "E",
			"Sprsl": "D",
			"Sptxt": "Danish",
			"LanguageCode": "DA",
			"UserDefaultLang": "EN",
			"LanguageCodeSingleChar": "K"
		}, {
			"Spras": "E",
			"Sprsl": "N",
			"Sptxt": "Dutch",
			"LanguageCode": "NL",
			"UserDefaultLang": "EN",
			"LanguageCodeSingleChar": "N"
		}, {
			"Spras": "E",
			"Sprsl": "E",
			"Sptxt": "English",
			"LanguageCode": "EN",
			"UserDefaultLang": "EN",
			"LanguageCodeSingleChar": "E"
		}, {
			"Spras": "E",
			"Sprsl": "E",
			"Sptxt": "Estonian",
			"LanguageCode": "ET",
			"UserDefaultLang": "EN",
			"LanguageCodeSingleChar": "9"
		}, {
			"Spras": "E",
			"Sprsl": "F",
			"Sptxt": "Finnish",
			"LanguageCode": "FI",
			"UserDefaultLang": "EN",
			"LanguageCodeSingleChar": "U"
		}, {
			"Spras": "E",
			"Sprsl": "F",
			"Sptxt": "French",
			"LanguageCode": "FR",
			"UserDefaultLang": "EN",
			"LanguageCodeSingleChar": "F"
		}, {
			"Spras": "E",
			"Sprsl": "D",
			"Sptxt": "German",
			"LanguageCode": "DE",
			"UserDefaultLang": "EN",
			"LanguageCodeSingleChar": "D"
		}, {
			"Spras": "E",
			"Sprsl": "E",
			"Sptxt": "Greek",
			"LanguageCode": "EL",
			"UserDefaultLang": "EN",
			"LanguageCodeSingleChar": "G"
		}, {
			"Spras": "E",
			"Sprsl": "H",
			"Sptxt": "Hebrew",
			"LanguageCode": "HE",
			"UserDefaultLang": "EN",
			"LanguageCodeSingleChar": "B"
		}, {
			"Spras": "E",
			"Sprsl": "H",
			"Sptxt": "Hindi",
			"LanguageCode": "HI",
			"UserDefaultLang": "EN",
			"LanguageCodeSingleChar": "묩"
		}, {
			"Spras": "E",
			"Sprsl": "H",
			"Sptxt": "Hungarian",
			"LanguageCode": "HU",
			"UserDefaultLang": "EN",
			"LanguageCodeSingleChar": "H"
		}, {
			"Spras": "E",
			"Sprsl": "I",
			"Sptxt": "Icelandic",
			"LanguageCode": "IS",
			"UserDefaultLang": "EN",
			"LanguageCodeSingleChar": "b"
		}, {
			"Spras": "E",
			"Sprsl": "I",
			"Sptxt": "Indonesian",
			"LanguageCode": "ID",
			"UserDefaultLang": "EN",
			"LanguageCodeSingleChar": "i"
		}, {
			"Spras": "E",
			"Sprsl": "I",
			"Sptxt": "Italian",
			"LanguageCode": "IT",
			"UserDefaultLang": "EN",
			"LanguageCodeSingleChar": "I"
		}, {
			"Spras": "E",
			"Sprsl": "J",
			"Sptxt": "Japanese",
			"LanguageCode": "JA",
			"UserDefaultLang": "EN",
			"LanguageCodeSingleChar": "J"
		}, {
			"Spras": "E",
			"Sprsl": "K",
			"Sptxt": "Kazakh",
			"LanguageCode": "KK",
			"UserDefaultLang": "EN",
			"LanguageCodeSingleChar": "뱋"
		}, {
			"Spras": "E",
			"Sprsl": "K",
			"Sptxt": "Korean",
			"LanguageCode": "KO",
			"UserDefaultLang": "EN",
			"LanguageCodeSingleChar": "3"
		}, {
			"Spras": "E",
			"Sprsl": "L",
			"Sptxt": "Latvian",
			"LanguageCode": "LV",
			"UserDefaultLang": "EN",
			"LanguageCodeSingleChar": "Y"
		}, {
			"Spras": "E",
			"Sprsl": "L",
			"Sptxt": "Lithuanian",
			"LanguageCode": "LT",
			"UserDefaultLang": "EN",
			"LanguageCodeSingleChar": "X"
		}, {
			"Spras": "E",
			"Sprsl": "M",
			"Sptxt": "Malay",
			"LanguageCode": "MS",
			"UserDefaultLang": "EN",
			"LanguageCodeSingleChar": "7"
		}, {
			"Spras": "E",
			"Sprsl": "N",
			"Sptxt": "Norwegian",
			"LanguageCode": "NO",
			"UserDefaultLang": "EN",
			"LanguageCodeSingleChar": "O"
		}, {
			"Spras": "E",
			"Sprsl": "P",
			"Sptxt": "Polish",
			"LanguageCode": "PL",
			"UserDefaultLang": "EN",
			"LanguageCodeSingleChar": "L"
		}, {
			"Spras": "E",
			"Sprsl": "P",
			"Sptxt": "Portuguese",
			"LanguageCode": "PT",
			"UserDefaultLang": "EN",
			"LanguageCodeSingleChar": "P"
		}, {
			"Spras": "E",
			"Sprsl": "R",
			"Sptxt": "Romanian",
			"LanguageCode": "RO",
			"UserDefaultLang": "EN",
			"LanguageCodeSingleChar": "4"
		}, {
			"Spras": "E",
			"Sprsl": "R",
			"Sptxt": "Russian",
			"LanguageCode": "RU",
			"UserDefaultLang": "EN",
			"LanguageCodeSingleChar": "R"
		}, {
			"Spras": "E",
			"Sprsl": "S",
			"Sptxt": "Serbian",
			"LanguageCode": "SR",
			"UserDefaultLang": "EN",
			"LanguageCodeSingleChar": "0"
		}, {
			"Spras": "E",
			"Sprsl": "S",
			"Sptxt": "Serbian (Latin)",
			"LanguageCode": "SH",
			"UserDefaultLang": "EN",
			"LanguageCodeSingleChar": "d"
		}, {
			"Spras": "E",
			"Sprsl": "S",
			"Sptxt": "Slovak",
			"LanguageCode": "SK",
			"UserDefaultLang": "EN",
			"LanguageCodeSingleChar": "Q"
		}, {
			"Spras": "E",
			"Sprsl": "S",
			"Sptxt": "Slovenian",
			"LanguageCode": "SL",
			"UserDefaultLang": "EN",
			"LanguageCodeSingleChar": "5"
		}, {
			"Spras": "E",
			"Sprsl": "E",
			"Sptxt": "Spanish",
			"LanguageCode": "ES",
			"UserDefaultLang": "EN",
			"LanguageCodeSingleChar": "S"
		}, {
			"Spras": "E",
			"Sprsl": "S",
			"Sptxt": "Swedish",
			"LanguageCode": "SV",
			"UserDefaultLang": "EN",
			"LanguageCodeSingleChar": "V"
		}, {
			"Spras": "E",
			"Sprsl": "1",
			"Sptxt": "Technical code 1",
			"LanguageCode": "1Q",
			"UserDefaultLang": "EN",
			"LanguageCodeSingleChar": "늑"
		}, {
			"Spras": "E",
			"Sprsl": "2",
			"Sptxt": "Technical code 2",
			"LanguageCode": "2Q",
			"UserDefaultLang": "EN",
			"LanguageCodeSingleChar": "닱"
		}, {
			"Spras": "E",
			"Sprsl": "T",
			"Sptxt": "Thai",
			"LanguageCode": "TH",
			"UserDefaultLang": "EN",
			"LanguageCodeSingleChar": "2"
		}, {
			"Spras": "E",
			"Sprsl": "T",
			"Sptxt": "Turkish",
			"LanguageCode": "TR",
			"UserDefaultLang": "EN",
			"LanguageCodeSingleChar": "T"
		}, {
			"Spras": "E",
			"Sprsl": "U",
			"Sptxt": "Ukrainian",
			"LanguageCode": "UK",
			"UserDefaultLang": "EN",
			"LanguageCodeSingleChar": "8"
		}, {
			"Spras": "E",
			"Sprsl": "V",
			"Sptxt": "Vietnamese",
			"LanguageCode": "VI",
			"UserDefaultLang": "EN",
			"LanguageCodeSingleChar": "쁩"
		}]
	}
}