{
    "d": {
        "results": [
            {
                "ChangedByName": "Hans Ammer",
                "Department": "Support Rocks",
                "Status": "I",
                "Userid": "S0006269249",
                "ExpDate": "/Date(1609372800000)/",
                "isCCC":"X",
                "ExtendReqOn": "",
                "Function": "1SUPERADMIN",
                "IsUidAssigned": "",
                "showUiUniversalid": true,
                "CustHasUid": "",
                "InfoText": "",
                "Erdat": "",
                "Ernam": "",
                "Trdat": ""
            }
        ]
    }
}