{
	"d": {
		"results": [{
			"__metadata": {
				"id": "https://supportshell-wb0ceb360.dispatcher.int.sap.hana.ondemand.com/services/odata/useradminsrv/RequestedUsersSet(Susid='',Password='',Namev='Alexander',Name1='Pushkin',Ipadr='alexander.pushkin%40google.com')",
				"uri": "https://supportshell-wb0ceb360.dispatcher.int.sap.hana.ondemand.com/services/odata/useradminsrv/RequestedUsersSet(Susid='',Password='',Namev='Alexander',Name1='Pushkin',Ipadr='alexander.pushkin%40google.com')",
				"type": "/SVT/USER_ADMIN_SRV.RequestedUsers"
			},
			"Susid": "",
			"Password": "abcdefg",
			"Adrnr": "",
			"Anred": "",
			"Namev": "Alexander",
			"Name1": "Pushkin",
			"Abtpa": "",
			"Erdat": "\/Date(1415664000000)\/",
			"Ernam": "S0000000012",
			"Kunnr": "203069",
			"Kunnrname": "Test value contract",
			"Kunnrstras": "",
			"Kunnrcity": "",
			"Kunnrpstlz": "",
			"Parla": "",
			"Parlat": "",
			"Land1": "",
			"Land1t": "",
			"Telf1": "",
			"Telfx": "",
			"Handy": "",
			"Ipadr": "alexander.pushkin@google.com",
			"Ynemail": "",
			"Tmpzl": "",
			"Tmpzlt": "",
			"Tmptl": "",
			"Tmpfx": "",
			"Dtvon": "\/Date(1524528000000)\/",
			"Dtbis": "\/Date(1524528000000)\/",
			"Ucnam": "Sergey Esenin",
			"Ucvor": "",
			"Trdat": "\/Date(1524528000000)\/",
			"Userstatus": "S",
			"Authprofilestat": "",
			"Userprofilestat": "",
			"Usercriticalrole": "",
			"ParlaExt": "",
			"IsUidAssigned": false,
			"UidLastName": "",
			"UidFirstName": "",
			"UidChangedBy": "",
			"UidCreatedBy": "",
			"UidCreatedOn": "",
			"UidStatus": ""
		}, {
			"__metadata": {
				"id": "https://supportshell-wb0ceb360.dispatcher.int.sap.hana.ondemand.com/services/odata/useradminsrv/RequestedUsersSet(Susid='S00000000111',Password='ABCDEFG',Namev='Fyodor',Name1='Dostoevsky',Ipadr='fyodor.dostoevsky%40google.com')",
				"uri": "https://supportshell-wb0ceb360.dispatcher.int.sap.hana.ondemand.com/services/odata/useradminsrv/RequestedUsersSet(Susid='S00000000111',Password='ABCDEFG',Namev='Fyodor',Name1='Dostoevsky',Ipadr='fyodor.dostoevsky%40google.com')",
				"type": "/SVT/USER_ADMIN_SRV.RequestedUsers"
			},
			"Susid": "S00000000111",
			"Password": "ABCDEFG",
			"Adrnr": "",
			"Anred": "Mr.",
			"Namev": "Fyodor",
			"Name1": "Dostoevsky",
			"Abtpa": "",
			"Erdat": "\/Date(1415145600000)\/",
			"Ernam": "S0000000014",
			"Kunnr": "203069",
			"Kunnrname": "Test value contract",
			"Kunnrstras": "",
			"Kunnrcity": "",
			"Kunnrpstlz": "",
			"Parla": "",
			"Parlat": "",
			"Land1": "",
			"Land1t": "",
			"Telf1": "",
			"Telfx": "",
			"Handy": "",
			"Ipadr": "fyodor.dostoevsky@google.com",
			"Ynemail": "",
			"Tmpzl": "",
			"Tmpzlt": "",
			"Tmptl": "",
			"Tmpfx": "",
			"Dtvon": "\/Date(1524528000000)\/",
			"Dtbis": "\/Date(1524528000000)\/",
			"Ucnam": "Leo Tolstoy",
			"Ucvor": "",
			"Trdat": "\/Date(1524528000000)\/",
			"Userstatus": "S",
			"Authprofilestat": "",
			"Userprofilestat": "",
			"Usercriticalrole": "",
			"ParlaExt": "",
			"IsUidAssigned": false,
			"UidLastName": "",
			"UidFirstName": "",
			"UidChangedBy": "",
			"UidCreatedBy": "",
			"UidCreatedOn": "",
			"UidStatus": ""			
		}, {
			"__metadata": {
				"id": "https://supportshell-wb0ceb360.dispatcher.int.sap.hana.ondemand.com/services/odata/useradminsrv/RequestedUsersSet(Susid='S0000000008',Password='',Namev='Leo',Name1='Tolstoy',Ipadr='leo.tolstoy%40google.com')",
				"uri": "https://supportshell-wb0ceb360.dispatcher.int.sap.hana.ondemand.com/services/odata/useradminsrv/RequestedUsersSet(Susid='S0000000008',Password='',Namev='Leo',Name1='Tolstoy',Ipadr='leo.tolstoy%40google.com')",
				"type": "/SVT/USER_ADMIN_SRV.RequestedUsers"
			},
			"Susid": "S0000000008",
			"Password": "",
			"Adrnr": "",
			"Anred": "",
			"Namev": "Leo",
			"Name1": "Tolstoy",
			"Abtpa": "",
			"Erdat": "\/Date(1405036800000)\/",
			"Ernam": "SAP",
			"Kunnr": "203069",
			"Kunnrname": "Test value contract",
			"Kunnrstras": "",
			"Kunnrcity": "",
			"Kunnrpstlz": "",
			"Parla": "",
			"Parlat": "",
			"Land1": "",
			"Land1t": "",
			"Telf1": "",
			"Telfx": "",
			"Handy": "",
			"Ipadr": "leo.tolstoy@google.com",
			"Ynemail": "",
			"Tmpzl": "",
			"Tmpzlt": "",
			"Tmptl": "",
			"Tmpfx": "",
			"Dtvon": "\/Date(1524528000000)\/",
			"Dtbis": "\/Date(1524528000000)\/",
			"Ucnam": "Sergey Esenin",
			"Ucvor": "",
			"Trdat": "\/Date(1524528000000)\/",
			"Userstatus": "S",
			"Authprofilestat": "",
			"Userprofilestat": "",
			"Usercriticalrole": "",
			"ParlaExt": "",
			"IsUidAssigned": false,
			"UidLastName": "",
			"UidFirstName": "",
			"UidChangedBy": "",
			"UidCreatedBy": "",
			"UidCreatedOn": "",
			"UidStatus": ""			
		}, {
			"Abtpa": "",
			"Adrnr": "",
			"Anred": "",
			"Authprofilestat": "",
			"CountryOther": "",
			"CountryOtherT": "",
			"DepartmentLong": "SAP",
			"Dtbis": "/Date(4070908800000)/",
			"Dtvon": "/Date(0)/",
			"Erdat": "/Date(1457395200000)/",
			"Ernam": "",
			"Handy": "",
			"Ipadr": "yuri.gagarin@sap.com",
			"IsUidAssigned": false,
			"Kunnr": "203069",
			"Kunnrcity": "",
			"Kunnrname": "Test value contracts WALDORF",
			"Kunnrpstlz": "",
			"Kunnrstras": "",
			"Land1": "",
			"Land1t": "",
			"Name1": "Gagarin",
			"Namev": "Yuri",
			"Parla": "",
			"ParlaExt": "",
			"Parlat": "",
			"Susid": "S00001961",
			"Telf1": "",
			"Telfx": "",
			"Tmpfx": "",
			"Tmptl": "",
			"Tmpzl": "",
			"Tmpzlt": "",
			"Trdat": "/Date(0)/",
			"Ucnam": "",
			"Ucvor": "",
			"UidChangedBy": "",
			"UidChangedOn": null,
			"UidCreatedBy": "",
			"UidCreatedOn": null,
			"UidFirstName": "",
			"UidLastName": "",
			"UidStatus": "",
			"Usercriticalrole": "",
			"Userprofilestat": "P",
			"Userstatus": "",
			"Ynemail": ""
		}, {
			"Abtpa": "",
			"Adrnr": "",
			"Anred": "",
			"Authprofilestat": "",
			"CountryOther": "",
			"CountryOtherT": "",
			"DepartmentLong": "SAP",
			"Dtbis": "/Date(4070908800000)/",
			"Dtvon": "/Date(0)/",
			"Erdat": "/Date(1457395200000)/",
			"Ernam": "",
			"Handy": "",
			"Ipadr": "nil.armstrong@sap.com",
			"IsUidAssigned": false,
			"Kunnr": "203069",
			"Kunnrcity": "",
			"Kunnrname": "Test value contracts WALDORF",
			"Kunnrpstlz": "",
			"Kunnrstras": "",
			"Land1": "",
			"Land1t": "",
			"Name1": "Armstrong",
			"Namev": "Nil",
			"Parla": "",
			"ParlaExt": "",
			"Parlat": "",
			"Password": "1239123021",
			"Susid": "S00001969",
			"Telf1": "",
			"Telfx": "",
			"Tmpfx": "",
			"Tmptl": "",
			"Tmpzl": "",
			"Tmpzlt": "",
			"Trdat": "/Date(0)/",
			"Ucnam": "",
			"Ucvor": "",
			"UidChangedBy": "",
			"UidChangedOn": null,
			"UidCreatedBy": "",
			"UidCreatedOn": null,
			"UidFirstName": "",
			"UidLastName": "",
			"UidStatus": "",
			"Usercriticalrole": "",
			"Userprofilestat": "P",
			"Userstatus": "E",
			"Ynemail": ""
		}, {
			"Abtpa": "",
			"Adrnr": "",
			"Anred": "",
			"Authprofilestat": "",
			"CountryOther": "",
			"CountryOtherT": "",
			"DepartmentLong": "SAP",
			"Dtbis": "/Date(4070908800000)/",
			"Dtvon": "/Date(0)/",
			"Erdat": "/Date(1457395200000)/",
			"Ernam": "",
			"Handy": "",
			"Ipadr": "sergey.korolev@sap.com",
			"IsUidAssigned": false,
			"Kunnr": "203069",
			"Kunnrcity": "",
			"Kunnrname": "Test value contracts WALDORF",
			"Kunnrpstlz": "",
			"Kunnrstras": "",
			"Land1": "",
			"Land1t": "",
			"Name1": "Korolev",
			"Namev": "Sergey",
			"Parla": "",
			"ParlaExt": "",
			"Parlat": "",
			"Password": "qwerty",
			"Susid": "S00001957",
			"Telf1": "",
			"Telfx": "",
			"Tmpfx": "",
			"Tmptl": "",
			"Tmpzl": "",
			"Tmpzlt": "",
			"Trdat": "/Date(0)/",
			"Ucnam": "SAP",
			"Ucvor": "",
			"UidChangedBy": "",
			"UidChangedOn": null,
			"UidCreatedBy": "",
			"UidCreatedOn": null,
			"UidFirstName": "",
			"UidLastName": "",
			"UidStatus": "",
			"Usercriticalrole": "",
			"Userprofilestat": "P",
			"Userstatus": "",
			"Ynemail": ""
		}, {
			"Abtpa": "",
			"Adrnr": "",
			"Anred": "",
			"Authprofilestat": "",
			"CountryOther": "",
			"CountryOtherT": "",
			"DepartmentLong": "SAP",
			"Dtbis": "/Date(4070908800000)/",
			"Dtvon": "/Date(0)/",
			"Erdat": "/Date(1457395200000)/",
			"Ernam": "",
			"Handy": "",
			"Ipadr": "nikola.tesla@sap.com",
			"IsUidAssigned": false,
			"Kunnr": "203069",
			"Kunnrcity": "",
			"Kunnrname": "Test value contracts WALDORF",
			"Kunnrpstlz": "",
			"Kunnrstras": "",
			"Land1": "",
			"Land1t": "",
			"Name1": "Tesla",
			"Namev": "Nicola",
			"Parla": "",
			"ParlaExt": "",
			"Password": "qwerty123",
			"Parlat": "",
			"Susid": "S009922332",
			"Telf1": "",
			"Telfx": "",
			"Tmpfx": "",
			"Tmptl": "",
			"Tmpzl": "",
			"Tmpzlt": "",
			"Trdat": "/Date(0)/",
			"Ucnam": "SAP",
			"Ucvor": "",
			"UidChangedBy": "",
			"UidChangedOn": null,
			"UidCreatedBy": "",
			"UidCreatedOn": null,
			"UidFirstName": "",
			"UidLastName": "",
			"UidStatus": "R",
			"Usercriticalrole": "",
			"Userprofilestat": "P",
			"Userstatus": "",
			"Ynemail": ""
		}, {
			"Abtpa": "",
			"Adrnr": "",
			"Anred": "",
			"Authprofilestat": "",
			"CountryOther": "",
			"CountryOtherT": "",
			"DepartmentLong": "SAP",
			"Dtbis": "/Date(4070908800000)/",
			"Dtvon": "/Date(0)/",
			"Erdat": "/Date(1457395200000)/",
			"Ernam": "",
			"Handy": "",
			"Ipadr": "trump.donald@sap.com",
			"IsUidAssigned": false,
			"Kunnr": "203069",
			"Kunnrcity": "",
			"Kunnrname": "Test value contracts WALDORF",
			"Kunnrpstlz": "",
			"Kunnrstras": "",
			"Land1": "",
			"Land1t": "",
			"Name1": "Trump",
			"Namev": "Donald",
			"Parla": "",
			"ParlaExt": "",
			"Parlat": "",
			"Susid": "S0099451322",
			"Telf1": "",
			"Telfx": "",
			"Tmpfx": "",
			"Tmptl": "",
			"Tmpzl": "",
			"Tmpzlt": "",
			"Trdat": "/Date(0)/",
			"Ucnam": "SAP",
			"Ucvor": "",
			"UidChangedBy": "",
			"UidChangedOn": null,
			"UidCreatedBy": "",
			"UidCreatedOn": null,
			"UidFirstName": "",
			"UidLastName": "",
			"UidStatus": "",
			"Usercriticalrole": "",
			"Userprofilestat": "P",
			"Userstatus": "",
			"Ynemail": ""
		}, {
			"Abtpa": "",
			"Adrnr": "",
			"Anred": "",
			"Authprofilestat": "",
			"CountryOther": "",
			"CountryOtherT": "",
			"DepartmentLong": "SAP",
			"Dtbis": "/Date(4070908800000)/",
			"Dtvon": "/Date(0)/",
			"Erdat": "/Date(1457395200000)/",
			"Ernam": "",
			"Handy": "",
			"Ipadr": "bush.george@sap.com",
			"IsUidAssigned": false,
			"Kunnr": "203069",
			"Kunnrcity": "",
			"Kunnrname": "Test value contracts WALDORF",
			"Kunnrpstlz": "",
			"Kunnrstras": "",
			"Land1": "",
			"Land1t": "",
			"Name1": "Bush",
			"Namev": "George",
			"Parla": "",
			"ParlaExt": "",
			"Parlat": "",
			"Susid": "S009922332",
			"Telf1": "",
			"Telfx": "",
			"Tmpfx": "",
			"Tmptl": "",
			"Tmpzl": "",
			"Tmpzlt": "",
			"Trdat": "/Date(0)/",
			"Ucnam": "SAP",
			"Ucvor": "",
			"UidChangedBy": "",
			"UidChangedOn": null,
			"UidCreatedBy": "",
			"UidCreatedOn": null,
			"UidFirstName": "",
			"UidLastName": "",
			"UidStatus": "",
			"Usercriticalrole": "",
			"Userprofilestat": "P",
			"Userstatus": "",
			"Ynemail": ""
		}, {
			"Abtpa": "",
			"Adrnr": "",
			"Anred": "",
			"Authprofilestat": "",
			"CountryOther": "",
			"CountryOtherT": "",
			"DepartmentLong": "SAP",
			"Dtbis": "/Date(4070908800000)/",
			"Dtvon": "/Date(0)/",
			"Erdat": "/Date(1457395200000)/",
			"Ernam": "",
			"Handy": "",
			"Ipadr": "boris.eltsin@sap.com",
			"IsUidAssigned": false,
			"Kunnr": "203069",
			"Kunnrcity": "",
			"Kunnrname": "Test value contracts WALDORF",
			"Kunnrpstlz": "",
			"Kunnrstras": "",
			"Land1": "",
			"Land1t": "",
			"Name1": "Eltsin",
			"Namev": "Boris",
			"Parla": "",
			"ParlaExt": "",
			"Parlat": "",
			"Susid": "S009922332",
			"Telf1": "",
			"Telfx": "",
			"Tmpfx": "",
			"Tmptl": "",
			"Tmpzl": "",
			"Tmpzlt": "",
			"Trdat": "/Date(0)/",
			"Ucnam": "SAP",
			"Ucvor": "",
			"UidChangedBy": "",
			"UidChangedOn": null,
			"UidCreatedBy": "",
			"UidCreatedOn": null,
			"UidFirstName": "",
			"UidLastName": "",
			"UidStatus": "",
			"Usercriticalrole": "",
			"Userprofilestat": "P",
			"Userstatus": "",
			"Ynemail": ""
		}, {
			"Abtpa": "",
			"Adrnr": "",
			"Anred": "",
			"Authprofilestat": "",
			"CountryOther": "",
			"CountryOtherT": "",
			"DepartmentLong": "SAP",
			"Dtbis": "/Date(4070908800000)/",
			"Dtvon": "/Date(0)/",
			"Erdat": "/Date(1457395200000)/",
			"Ernam": "",
			"Handy": "",
			"Ipadr": "michael.gorbachev@sap.com",
			"IsUidAssigned": false,
			"Kunnr": "203069",
			"Kunnrcity": "",
			"Kunnrname": "Test value contracts WALDORF",
			"Kunnrpstlz": "",
			"Kunnrstras": "",
			"Land1": "",
			"Land1t": "",
			"Name1": "Gorbachev",
			"Namev": "Michael",
			"Parla": "",
			"ParlaExt": "",
			"Parlat": "",
			"Susid": "S009928882",
			"Telf1": "",
			"Telfx": "",
			"Tmpfx": "",
			"Tmptl": "",
			"Tmpzl": "",
			"Tmpzlt": "",
			"Trdat": "/Date(0)/",
			"Ucnam": "SAP",
			"Ucvor": "",
			"UidChangedBy": "",
			"UidChangedOn": null,
			"UidCreatedBy": "",
			"UidCreatedOn": null,
			"UidFirstName": "",
			"UidLastName": "",
			"UidStatus": "",
			"Usercriticalrole": "",
			"Userprofilestat": "P",
			"Userstatus": "",
			"Ynemail": ""
		}, {
			"Abtpa": "",
			"Adrnr": "",
			"Anred": "",
			"Authprofilestat": "",
			"CountryOther": "",
			"CountryOtherT": "",
			"DepartmentLong": "SAP",
			"Dtbis": "/Date(4070908800000)/",
			"Dtvon": "/Date(0)/",
			"Erdat": "/Date(1457395200000)/",
			"Ernam": "",
			"Handy": "",
			"Ipadr": "leo.brezhnev@sap.com",
			"IsUidAssigned": false,
			"Kunnr": "203069",
			"Kunnrcity": "",
			"Kunnrname": "Test value contracts WALDORF",
			"Kunnrpstlz": "",
			"Kunnrstras": "",
			"Land1": "",
			"Land1t": "",
			"Name1": "Brezhnev",
			"Namev": "Leonid",
			"Parla": "",
			"ParlaExt": "",
			"Parlat": "",
			"Susid": "S009922332",
			"Telf1": "",
			"Telfx": "",
			"Tmpfx": "",
			"Tmptl": "",
			"Tmpzl": "",
			"Tmpzlt": "",
			"Trdat": "/Date(0)/",
			"Ucnam": "SAP",
			"Ucvor": "",
			"UidChangedBy": "",
			"UidChangedOn": null,
			"UidCreatedBy": "",
			"UidCreatedOn": null,
			"UidFirstName": "",
			"UidLastName": "",
			"UidStatus": "",
			"Usercriticalrole": "",
			"Userprofilestat": "P",
			"Userstatus": "",
			"Ynemail": ""
		}, {
			"Abtpa": "",
			"Adrnr": "",
			"Anred": "",
			"Authprofilestat": "",
			"CountryOther": "",
			"CountryOtherT": "",
			"DepartmentLong": "SAP",
			"Dtbis": "/Date(4070908800000)/",
			"Dtvon": "/Date(0)/",
			"Erdat": "/Date(1457395200000)/",
			"Ernam": "",
			"Handy": "",
			"Ipadr": "v.zelensky@sap.com",
			"IsUidAssigned": false,
			"Kunnr": "203069",
			"Kunnrcity": "",
			"Kunnrname": "Test value contracts WALDORF",
			"Kunnrpstlz": "",
			"Kunnrstras": "",
			"Land1": "",
			"Land1t": "",
			"Name1": "Zelensky",
			"Namev": "Vladimir",
			"Parla": "",
			"ParlaExt": "",
			"Parlat": "",
			"Susid": "S009922332",
			"Telf1": "",
			"Telfx": "",
			"Tmpfx": "",
			"Tmptl": "",
			"Tmpzl": "",
			"Tmpzlt": "",
			"Trdat": "/Date(0)/",
			"Ucnam": "SAP",
			"Ucvor": "",
			"UidChangedBy": "",
			"UidChangedOn": null,
			"UidCreatedBy": "",
			"UidCreatedOn": null,
			"UidFirstName": "",
			"UidLastName": "",
			"UidStatus": "",
			"Usercriticalrole": "",
			"Userprofilestat": "P",
			"Userstatus": "",
			"Ynemail": ""
		}, {
			"Abtpa": "",
			"Adrnr": "",
			"Anred": "",
			"Authprofilestat": "",
			"CountryOther": "",
			"CountryOtherT": "",
			"DepartmentLong": "SAP",
			"Dtbis": "/Date(4070908800000)/",
			"Dtvon": "/Date(0)/",
			"Erdat": "/Date(1457395200000)/",
			"Ernam": "",
			"Handy": "",
			"Ipadr": "m.mcfly@sap.com",
			"IsUidAssigned": false,
			"Kunnr": "203069",
			"Kunnrcity": "",
			"Kunnrname": "Test value contracts WALDORF",
			"Kunnrpstlz": "",
			"Kunnrstras": "",
			"Land1": "",
			"Land1t": "",
			"Name1": "McFly",
			"Namev": "Marty",
			"Parla": "",
			"ParlaExt": "",
			"Parlat": "",
			"Susid": "S009922332",
			"Telf1": "",
			"Telfx": "",
			"Tmpfx": "",
			"Tmptl": "",
			"Tmpzl": "",
			"Tmpzlt": "",
			"Trdat": "/Date(0)/",
			"Ucnam": "SAP",
			"Ucvor": "",
			"UidChangedBy": "",
			"UidChangedOn": null,
			"UidCreatedBy": "",
			"UidCreatedOn": null,
			"UidFirstName": "",
			"UidLastName": "",
			"UidStatus": "",
			"Usercriticalrole": "",
			"Userprofilestat": "P",
			"Userstatus": "",
			"Ynemail": ""
		}, {
			"Abtpa": "",
			"Adrnr": "",
			"Anred": "",
			"Authprofilestat": "",
			"CountryOther": "",
			"CountryOtherT": "",
			"DepartmentLong": "SAP",
			"Dtbis": "/Date(4070908800000)/",
			"Dtvon": "/Date(0)/",
			"Erdat": "/Date(1457395200000)/",
			"Ernam": "",
			"Handy": "",
			"Ipadr": "kevin.mccallister@sap.com",
			"IsUidAssigned": false,
			"Kunnr": "203069",
			"Kunnrcity": "",
			"Kunnrname": "Test value contracts WALDORF",
			"Kunnrpstlz": "",
			"Kunnrstras": "",
			"Land1": "",
			"Land1t": "",
			"Name1": "McCallister",
			"Namev": "Kevin",
			"Parla": "",
			"ParlaExt": "",
			"Parlat": "",
			"Susid": "S009922332",
			"Telf1": "",
			"Telfx": "",
			"Tmpfx": "",
			"Tmptl": "",
			"Tmpzl": "",
			"Tmpzlt": "",
			"Trdat": "/Date(0)/",
			"Ucnam": "SAP",
			"Ucvor": "",
			"UidChangedBy": "",
			"UidChangedOn": null,
			"UidCreatedBy": "",
			"UidCreatedOn": null,
			"UidFirstName": "",
			"UidLastName": "",
			"UidStatus": "",
			"Usercriticalrole": "",
			"Userprofilestat": "P",
			"Userstatus": "",
			"Ynemail": ""
		}, {
			"Abtpa": "",
			"Adrnr": "",
			"Anred": "",
			"Authprofilestat": "",
			"CountryOther": "",
			"CountryOtherT": "",
			"DepartmentLong": "SAP",
			"Dtbis": "/Date(4070908800000)/",
			"Dtvon": "/Date(0)/",
			"Erdat": "/Date(1457395200000)/",
			"Ernam": "",
			"Handy": "",
			"Ipadr": "some.chicken@sap.com",
			"IsUidAssigned": false,
			"Kunnr": "203069",
			"Kunnrcity": "",
			"Kunnrname": "Test value contracts WALDORF",
			"Kunnrpstlz": "",
			"Kunnrstras": "",
			"Land1": "",
			"Land1t": "",
			"Name1": "Sanders",
			"Namev": "Harland",
			"Parla": "",
			"ParlaExt": "",
			"Parlat": "",
			"Susid": "S009922332",
			"Telf1": "",
			"Telfx": "",
			"Tmpfx": "",
			"Tmptl": "",
			"Tmpzl": "",
			"Tmpzlt": "",
			"Trdat": "/Date(0)/",
			"Ucnam": "SAP",
			"Ucvor": "",
			"UidChangedBy": "",
			"UidChangedOn": null,
			"UidCreatedBy": "",
			"UidCreatedOn": null,
			"UidFirstName": "",
			"UidLastName": "",
			"UidStatus": "",
			"Usercriticalrole": "",
			"Userprofilestat": "P",
			"Userstatus": "",
			"Ynemail": ""
		}, {
			"Abtpa": "",
			"Adrnr": "",
			"Anred": "",
			"Authprofilestat": "",
			"CountryOther": "",
			"CountryOtherT": "",
			"DepartmentLong": "SAP",
			"Dtbis": "/Date(4070908800000)/",
			"Dtvon": "/Date(0)/",
			"Erdat": "/Date(1457395200000)/",
			"Ernam": "",
			"Handy": "",
			"Ipadr": "ulfric@sap.com",
			"IsUidAssigned": false,
			"Kunnr": "203069",
			"Kunnrcity": "",
			"Kunnrname": "Test value contracts WALDORF",
			"Kunnrpstlz": "",
			"Kunnrstras": "",
			"Land1": "",
			"Land1t": "",
			"Name1": "Stormcloak",
			"Namev": "Ulfric",
			"Parla": "",
			"ParlaExt": "",
			"Parlat": "",
			"Susid": "S009922332",
			"Telf1": "",
			"Telfx": "",
			"Tmpfx": "",
			"Tmptl": "",
			"Tmpzl": "",
			"Tmpzlt": "",
			"Trdat": "/Date(0)/",
			"Ucnam": "SAP",
			"Ucvor": "",
			"UidChangedBy": "",
			"UidChangedOn": null,
			"UidCreatedBy": "",
			"UidCreatedOn": null,
			"UidFirstName": "",
			"UidLastName": "",
			"UidStatus": "",
			"Usercriticalrole": "",
			"Userprofilestat": "P",
			"Userstatus": "",
			"Ynemail": ""
		}, {
			"Abtpa": "",
			"Adrnr": "",
			"Anred": "",
			"Authprofilestat": "",
			"CountryOther": "",
			"CountryOtherT": "",
			"DepartmentLong": "SAP",
			"Dtbis": "/Date(4070908800000)/",
			"Dtvon": "/Date(0)/",
			"Erdat": "/Date(1457395200000)/",
			"Ernam": "",
			"Handy": "",
			"Ipadr": "uriel.septim@sap.com",
			"IsUidAssigned": false,
			"Kunnr": "203069",
			"Kunnrcity": "",
			"Kunnrname": "Test value contracts WALDORF",
			"Kunnrpstlz": "",
			"Kunnrstras": "",
			"Land1": "",
			"Land1t": "",
			"Name1": "Septim",
			"Namev": "Uriel",
			"Parla": "",
			"ParlaExt": "",
			"Parlat": "",
			"Susid": "S009922332",
			"Telf1": "",
			"Telfx": "",
			"Tmpfx": "",
			"Tmptl": "",
			"Tmpzl": "",
			"Tmpzlt": "",
			"Trdat": "/Date(0)/",
			"Ucnam": "SAP",
			"Ucvor": "",
			"UidChangedBy": "",
			"UidChangedOn": null,
			"UidCreatedBy": "",
			"UidCreatedOn": null,
			"UidFirstName": "",
			"UidLastName": "",
			"UidStatus": "",
			"Usercriticalrole": "",
			"Userprofilestat": "P",
			"Userstatus": "",
			"Ynemail": ""
		}, {
			"Abtpa": "",
			"Adrnr": "",
			"Anred": "",
			"Authprofilestat": "",
			"CountryOther": "",
			"CountryOtherT": "",
			"DepartmentLong": "SAP",
			"Dtbis": "/Date(4070908800000)/",
			"Dtvon": "/Date(0)/",
			"Erdat": "/Date(1457395200000)/",
			"Ernam": "",
			"Handy": "",
			"Ipadr": "cosades@sap.com",
			"IsUidAssigned": false,
			"Kunnr": "203069",
			"Kunnrcity": "",
			"Kunnrname": "Test value contracts WALDORF",
			"Kunnrpstlz": "",
			"Kunnrstras": "",
			"Land1": "",
			"Land1t": "",
			"Name1": "Cosades",
			"Namev": "Caius",
			"Parla": "",
			"ParlaExt": "",
			"Parlat": "",
			"Susid": "S009922332",
			"Telf1": "",
			"Telfx": "",
			"Tmpfx": "",
			"Tmptl": "",
			"Tmpzl": "",
			"Tmpzlt": "",
			"Trdat": "/Date(0)/",
			"Ucnam": "SAP",
			"Ucvor": "",
			"UidChangedBy": "",
			"UidChangedOn": null,
			"UidCreatedBy": "",
			"UidCreatedOn": null,
			"UidFirstName": "",
			"UidLastName": "",
			"UidStatus": "",
			"Usercriticalrole": "",
			"Userprofilestat": "P",
			"Userstatus": "",
			"Ynemail": ""
		}, {
			"Abtpa": "",
			"Adrnr": "",
			"Anred": "",
			"Authprofilestat": "",
			"CountryOther": "",
			"CountryOtherT": "",
			"DepartmentLong": "SAP",
			"Dtbis": "/Date(4070908800000)/",
			"Dtvon": "/Date(0)/",
			"Erdat": "/Date(1457395200000)/",
			"Ernam": "",
			"Handy": "",
			"Ipadr": "buy.skyrim@sap.com",
			"IsUidAssigned": false,
			"Kunnr": "203069",
			"Kunnrcity": "",
			"Kunnrname": "Test value contracts WALDORF",
			"Kunnrpstlz": "",
			"Kunnrstras": "",
			"Land1": "",
			"Land1t": "",
			"Name1": "Howard",
			"Namev": "Todd",
			"Parla": "",
			"ParlaExt": "",
			"Parlat": "",
			"Susid": "S009922332",
			"Telf1": "",
			"Telfx": "",
			"Tmpfx": "",
			"Tmptl": "",
			"Tmpzl": "",
			"Tmpzlt": "",
			"Trdat": "/Date(0)/",
			"Ucnam": "SAP",
			"Ucvor": "",
			"UidChangedBy": "",
			"UidChangedOn": null,
			"UidCreatedBy": "",
			"UidCreatedOn": null,
			"UidFirstName": "",
			"UidLastName": "",
			"UidStatus": "",
			"Usercriticalrole": "",
			"Userprofilestat": "P",
			"Userstatus": "",
			"Ynemail": ""
		}, {
			"Abtpa": "",
			"Adrnr": "",
			"Anred": "",
			"Authprofilestat": "",
			"CountryOther": "",
			"CountryOtherT": "",
			"DepartmentLong": "SAP",
			"Dtbis": "/Date(4070908800000)/",
			"Dtvon": "/Date(0)/",
			"Erdat": "/Date(1457395200000)/",
			"Ernam": "",
			"Handy": "",
			"Ipadr": "adam.jensen@sap.com",
			"IsUidAssigned": false,
			"Kunnr": "203069",
			"Kunnrcity": "",
			"Kunnrname": "Test value contracts WALDORF",
			"Kunnrpstlz": "",
			"Kunnrstras": "",
			"Land1": "",
			"Land1t": "",
			"Name1": "Jensen",
			"Namev": "Adam",
			"Parla": "",
			"ParlaExt": "",
			"Parlat": "",
			"Susid": "S009922332",
			"Telf1": "",
			"Telfx": "",
			"Tmpfx": "",
			"Tmptl": "",
			"Tmpzl": "",
			"Tmpzlt": "",
			"Trdat": "/Date(0)/",
			"Ucnam": "SAP",
			"Ucvor": "",
			"UidChangedBy": "",
			"UidChangedOn": null,
			"UidCreatedBy": "",
			"UidCreatedOn": null,
			"UidFirstName": "",
			"UidLastName": "",
			"UidStatus": "",
			"Usercriticalrole": "",
			"Userprofilestat": "P",
			"Userstatus": "",
			"Ynemail": ""
		}]
	}
}