{
	"d": {
		"results": [{
			"Abtpa": "",
			"Anred": "Mr.",
			"AuthObject": "",
			"AuthPackages": "",
			"AuthProfileStat": false,
			"ChangedByName": "Hans Ammer",
			"CountryMobileCode": "+7",
			"CountryOtherContact": "RU",
			"CountryOtherContactT": "Russia",
			"CountryTelCode": "+7",
			"CountryTelCode2": "+1",
			"CountryTelContact2": "US",
			"CustHasUid": true,
			"Department": "Support Rocks",
			"DepartmentId": "MOCK06102020",
			"Dtbis": "/Date(4070908800000)/",
			"Dtvon": "/Date(0000)/",
			"EditAuthority": "X",
			"Erdat": "/Date(1457395200000)/",
			"Ernam": "S0000315119",
			"ExpDate": "/Date(1609372800000)/",
			"ExtendReqOn": "/Date(1588871082397)/",
			"Handy": "7778899",
			"Ipadr": "vladimir@kurij.com",
			"IsCluster": false,
			"IsUidAssigned": true,
			"JobTitle": "Front-end dev",
			"Kunnr": "06102020",
			"KunnrCity": "St. Petersburg",
			"KunnrName": "Home corp.",
			"KunnrPstlz": "100500",
			"KunnrStras": "Palace Square 1",
			"Land1": "RU",
			"Land1T": "Russia",
			"Name1": "Kurij",
			"Namev": "Vladimir",
			"Notes": "Lorem ipsum&lt;br&gt; dolor amet,consetetur &lt;script&gt;console.log('hello')&lt;/script&gt; sadipscing elitr, sed diam nonumy eirmod tempo",
			"Parla": "RU",
			"ParlaExt": "RU",
			"ParlaT": "Russian",
			"Phone2": "9997847",
			"Status": "X",
			"Susid": "S0021051996",
			"Telf1": "7778899",
			"Telfx": "",
			"Tmpfx": "",
			"Tmptl": "12457",
			"Tmpzl": "AT",
			"TmpzlT": "Austria",
			"Trdat": "/Date(0000)/",
			"Ynemail": false,
			"Ucnam": "TRUMP",
			"Ucvor": "DONALD",
			"UidChangedBy": "",
			"UidChangedOn": null,
			"UidCreatedBy": "C5034182",
			"UidCreatedOn": "/Date(1547683200000)/",
			"UidFirstName": "Donald",
			"UidLastName": "Duck",
			"UidStatus": "1",
			"UserCriticalRole": false,
			"UserCriticalRoleID": "PRM_SMGR",
			"UserProfileStat": false,
			"UserType": "Partner",
			"ValidTo": "/Date(1609372800000)/",
			"IsValidDomain": false,
			"IsValidEmail": true,
	        "IsEmailFormatValid": true,
	        "IsEmailNotShared": true,
	        "IsEmailNotDuplicate": true			
		}, {
			"ParlaExt": "NL",
			"Susid": "S0006269249",
			"Anred": "Mr.",
			"Namev": "Donald",
			"Name1": "Trump",
			"Abtpa": "",
			"Erdat": "/Date(1457395200000)/",
			"Ernam": "S0000315119",
			"Kunnr": "202418",
			"KunnrName": "International Corp.",
			"KunnrStras": "Neurottstr. 15",
			"KunnrCity": "Walldorf",
			"KunnrPstlz": "69185",
			"Parla": "N",
			"ParlaT": "Dutch",
			"Land1": "DE",
			"Land1T": "Germany",
			"Telf1": "12457",
			"Telfx": "",
			"Handy": "12457",
			"Ipadr": "sap@sap.com",
			"Ynemail": false,
			"Tmpzl": "AT",
			"TmpzlT": "Austria",
			"Tmptl": "12457",
			"Tmpfx": "",
			"Dtvon": "/Date(0000)/",
			"Dtbis": "/Date(4070908800000)/",
			"Ucnam": "TRUMP",
			"Ucvor": "DONALD",
			"Trdat": "/Date(0000)/",
			"AuthProfileStat": false,
			"AuthObject": "",
			"UserProfileStat": false,
			"UserCriticalRole": false,
			"UserCriticalRoleID": "USERADMIN_CLOUD",
			"CountryOtherContact": "AT",
			"CountryOtherContactT": "Austria",
			"CountryMobileCode": "+4399",
			"CountryTelCode": "+49",
			"Phone2": "78787711",
			"CountryTelCode2": "+1",
			"CountryTelContact2": "US",
			"Department": "",
			"EditAuthority": "X",
			"AuthPackages": "",
			"IsCluster": false,
			"CustHasUid": true,
			"IsUidAssigned": true,
			"UidChangedBy": "",
			"UidChangedOn": null,
			"UidCreatedBy": "C5034182",
			"UidCreatedOn": "/Date(1547683200000)/",
			"UidLastName": "Duck",
			"UidFirstName": "Donald",
			"UidStatus": "1",
			"UserAuthObjectSet": [],
			"UserExistingAuthorizationsSet": [{
				"Field": "INSTALL",
				"FieldDesc": "Installation",
				"InstallationUser": "",
				"InstallationUserDesc": "",
				"ObjectDesc": "Report an Incident",
				"ObjectId": "ANLEG",
				"UserId": "S0006269249",
				"Value": "",
				"ValueDescription": "",
				"ValueType": ""
			}],
			"ValidTo": "/Date(1609372800000)/",
			"Status": "R",
			"ExpDate": "/Date(1609372800000)/",
			"UserType": "Customer",
			"ExtendReqOn": "/Date(1588871082397)/",
			"ChangedByName": "Hans Ammer",
			"Notes": "",
			"JobTitle": "Developer",
			"ReqExpDate": "/Date(1609372800123)/",
			"IsValidDomain": true,
			"IsValidEmail": true,
	        "IsEmailFormatValid": true,
	        "IsEmailNotShared": true,
	        "IsEmailNotDuplicate": true			
		}, {
			"ParlaExt": "NL",
			"Susid": "S32169249",
			"Anred": "Mr.",
			"Namev": "Alex",
			"Name1": "Pushkin",
			"Abtpa": "",
			"Erdat": "/Date(1457395200000)/",
			"Ernam": "S032315119",
			"Kunnr": "202418",
			"KunnrName": "International Corp.",
			"KunnrStras": "Neurottstr. 15",
			"KunnrCity": "Walldorf",
			"KunnrPstlz": "69185",
			"Parla": "N",
			"ParlaT": "Dutch",
			"Land1": "AT",
			"Land1T": "Austria",
			"Telf1": "3341",
			"Telfx": "",
			"Handy": "3233",
			"Ipadr": "sap@sap.com",
			"Ynemail": false,
			"Tmpzl": "AT",
			"TmpzlT": "Austria",
			"Tmptl": "32132",
			"Tmpfx": "",
			"Dtvon": "/Date(0000)/",
			"Dtbis": "/Date(4070908800000)/",
			"Ucnam": "PUSHKIN",
			"Ucvor": "ALEX",
			"Trdat": "/Date(0000)/",
			"AuthProfileStat": false,
			"AuthObject": "",
			"UserProfileStat": false,
			"UserCriticalRole": true,
			"UserCriticalRoleID": "1SUPERADMIN_CLOUD",
			"CountryOtherContact": "AT",
			"CountryOtherContactT": "Austria",
			"CountryMobileCode": "+43",
			"CountryTelCode": "+49",
			"Phone2": "78787711",
			"CountryTelCode2": "+1",
			"CountryTelContact2": "US",
			"Department": "",
			"EditAuthority": "X",
			"IsCluster": false,
			"CustHasUid": false,
			"IsUidAssigned": false,
			"UidChangedBy": "",
			"UidChangedOn": null,
			"UidCreatedBy": "",
			"UidCreatedOn": null,
			"UidLastName": "",
			"UidFirstName": "",
			"UidStatus": "",
			"AuthPackages": "",
			"ValidTo": "/Date(1609372800000)/",
			"Status": "E",
			"ExpDate": "/Date(1575154800000)/",
			"UserType": "Customer",
			"ExtendReqOn": "",
			"ChangedByName": "Hans Ammer",
			"Notes": "",
			"JobTitle": "Developer",
	        "IsValidDomain": false,
	        "IsValidEmail": false,
	        "IsEmailFormatValid": true,
	        "IsEmailNotShared": false,
	        "IsEmailNotDuplicate": false
		}, {
			"ParlaExt": "AU",
			"Susid": "S5555555",
			"Anred": "Mr.",
			"Namev": "Leo",
			"Name1": "Tolstoy",
			"Abtpa": "",
			"Erdat": "/Date(1457395200000)/",
			"Ernam": "S9999",
			"Kunnr": "515151",
			"KunnrName": "International Corp. 5",
			"KunnrStras": "",
			"KunnrCity": "Walldorf",
			"KunnrPstlz": "41",
			"Parla": "E",
			"ParlaT": "English",
			"Land1": "AU",
			"Land1T": "Australia",
			"Telf1": "",
			"Telfx": "",
			"Handy": "123456789",
			"Ipadr": "sap@sap.com",
			"Ynemail": false,
			"Tmpzl": "AT",
			"TmpzlT": "Austria",
			"Tmptl": "32132",
			"Tmpfx": "",
			"Dtvon": "/Date(0000)/",
			"Dtbis": "/Date(4070908800000)/",
			"Ucnam": "TOLSTOY",
			"Ucvor": "LEO",
			"Trdat": "/Date(0000)/",
			"AuthProfileStat": false,
			"AuthObject": "",
			"UserProfileStat": false,
			"UserCriticalRole": false,
			"UserCriticalRoleID": "1SUPERADMIN",
			"CountryOtherContact": "AT",
			"CountryOtherContactT": "Austria",
			"CountryMobileCode": "DE",
			"CountryTelCode": "+49",
			"Phone2": "",
			"CountryTelCode2": "+1",
			"CountryTelContact2": "US",
			"Department": "",
			"EditAuthority": "X",
			"IsCluster": false,
			"CustHasUid": false,
			"IsUidAssigned": false,
			"UidChangedBy": "",
			"UidChangedOn": null,
			"UidCreatedBy": "",
			"UidCreatedOn": null,
			"UidLastName": "",
			"UidFirstName": "",
			"UidStatus": "",
			"AuthPackages": "",
			"ValidTo": "/Date(1609372800000)/",
			"Status": "X",
			"ExpDate": "/Date(1590883200000)/",
			"UserType": "Customer",
			"ExtendReqOn": "/Date(1588871082397)/",
			"ChangedByName": "Hans Ammer",
			"Notes": "",
			"JobTitle": "Developer",
			"IsValidDomain": true,
			"IsValidEmail": false,
	        "IsEmailFormatValid": true,
	        "IsEmailNotShared": true,
	        "IsEmailNotDuplicate": false				
		}, {
			"Abtpa": "",
			"Adrnr": "",
			"Anred": "",
			"Authprofilestat": "",
			"CountryOther": "",
			"CountryOtherT": "",
			"DepartmentLong": "SAP",
			"Dtbis": "/Date(4070908800000)/",
			"Dtvon": "/Date(0)/",
			"EditAuthority": "X",
			"Erdat": "/Date(1457395200000)/",
			"Ernam": "S0000315119",
			"Handy": "",
			"Ipadr": "",
			"Kunnr": "203069",
			"Kunnrcity": "",
			"Kunnrname": "Test value contracts WALDORF",
			"Kunnrpstlz": "",
			"Kunnrstras": "",
			"Land1": "",
			"Land1t": "",
			"Name1": "Gagarin",
			"Namev": "Yuri",
			"Parla": "",
			"ParlaExt": "",
			"Parlat": "",
			"Susid": "S00001961",
			"Telf1": "",
			"Telfx": "",
			"Tmpfx": "",
			"Tmptl": "",
			"Tmpzl": "",
			"Tmpzlt": "",
			"Trdat": "/Date(0)/",
			"Ucnam": "",
			"Ucvor": "",
			"CustHasUid": true,
			"IsUidAssigned": false,
			"UidChangedBy": "",
			"UidChangedOn": null,
			"UidCreatedBy": "",
			"UidCreatedOn": null,
			"UidFirstName": "",
			"UidLastName": "",
			"UidStatus": "",
			"Usercriticalrole": "",
			"Userprofilestat": "P",
			"UserCriticalRoleID": "USERADMIN",
			"Userstatus": "",
			"Ynemail": "",
			"ValidTo": "/Date(1609372800000)/",
			"Status": "N",
			"ExpDate": "/Date(1609372800000)/",
			"UserType": "Partner",
			"ExtendReqOn": "",
			"ChangedByName": "Hans Ammer",
			"Notes": "",
			"JobTitle": "Developer"
		}, {
			"Abtpa": "",
			"Adrnr": "",
			"Anred": "",
			"Authprofilestat": "",
			"CountryOther": "",
			"CountryOtherT": "",
			"DepartmentLong": "SAP",
			"Dtbis": "/Date(4070908800000)/",
			"Dtvon": "/Date(0)/",
			"Erdat": "/Date(1457395200000)/",
			"Ernam": "S0000315119",
			"Handy": "",
			"Ipadr": "nil.armstrong@sap.com",
			"IsUidAssigned": false,
			"Kunnr": "203069",
			"Kunnrcity": "",
			"Kunnrname": "Test value contracts WALDORF",
			"Kunnrpstlz": "",
			"Kunnrstras": "",
			"Land1": "",
			"Land1t": "",
			"Name1": "Armstrong",
			"Namev": "Nil",
			"Parla": "",
			"ParlaExt": "",
			"Parlat": "",
			"Susid": "S00001969",
			"Telf1": "",
			"Telfx": "",
			"Tmpfx": "",
			"Tmptl": "",
			"Tmpzl": "",
			"Tmpzlt": "",
			"Trdat": "/Date(0)/",
			"Ucnam": "",
			"Ucvor": "",
			"UidChangedBy": "",
			"UidChangedOn": null,
			"UidCreatedBy": "",
			"UidCreatedOn": null,
			"UidFirstName": "",
			"UidLastName": "",
			"UidStatus": "",
			"Usercriticalrole": "",
			"UserCriticalRoleID": "USERADMIN",
			"Userprofilestat": "P",
			"Userstatus": "",
			"Ynemail": "",
			"ValidTo": "/Date(1609372800000)/",
			"Status": "E",
			"ExpDate": "/Date(1577833200000)/",
			"UserType": "Partner",
			"ExtendReqOn": "/Date(1588871082397)/",
			"ChangedByName": "Hans Ammer",
			"Notes": "",
			"JobTitle": "Developer"
		}, {
			"Abtpa": "",
			"Adrnr": "",
			"Anred": "",
			"Authprofilestat": "",
			"CountryOther": "",
			"CountryOtherT": "",
			"DepartmentLong": "SAP",
			"Dtbis": "/Date(4070908800000)/",
			"Dtvon": "/Date(0)/",
			"Erdat": "/Date(1457395200000)/",
			"Ernam": "S0000315119",
			"Handy": "",
			"Ipadr": "sergey.korolev@sap.com",
			"IsUidAssigned": false,
			"Kunnr": "203069",
			"Kunnrcity": "",
			"Kunnrname": "Test value contracts WALDORF",
			"Kunnrpstlz": "",
			"Kunnrstras": "",
			"Land1": "",
			"Land1t": "",
			"Name1": "Korolev",
			"Namev": "Sergey",
			"Parla": "",
			"ParlaExt": "",
			"Parlat": "",
			"Susid": "S07001957",
			"Telf1": "",
			"Telfx": "",
			"Tmpfx": "",
			"Tmptl": "",
			"Tmpzl": "",
			"Tmpzlt": "",
			"Trdat": "/Date(0)/",
			"Ucnam": "SAP",
			"Ucvor": "",
			"UidChangedBy": "",
			"UidChangedOn": null,
			"UidCreatedBy": "",
			"UidCreatedOn": null,
			"UidFirstName": "",
			"UidLastName": "",
			"UidStatus": "",
			"Usercriticalrole": "",
			"UserCriticalRoleID": "USERADMIN_CLOUD",
			"Userprofilestat": "P",
			"Userstatus": "",
			"Ynemail": "",
			"ValidTo": "/Date(1609372800000)/",
			"Status": "I",
			"ExpDate": "/Date(1609372800000)/",
			"UserType": "Partner",
			"ExtendReqOn": "/Date(1588871082397)/",
			"ChangedByName": "Hans Ammer",
			"Notes": "",
			"JobTitle": "Developer"
		}, {
			"Abtpa": "",
			"Adrnr": "",
			"Anred": "",
			"Authprofilestat": "",
			"CountryOther": "",
			"CountryOtherT": "",
			"DepartmentLong": "SAP",
			"Dtbis": "/Date(4070908800000)/",
			"Dtvon": "/Date(0)/",
			"Erdat": "/Date(1457395200000)/",
			"Ernam": "S0000315119",
			"Handy": "",
			"Ipadr": "",
			"IsUidAssigned": false,
			"Kunnr": "203069",
			"Kunnrcity": "",
			"Kunnrname": "Test value contracts WALDORF",
			"Kunnrpstlz": "",
			"Kunnrstras": "",
			"Land1": "",
			"Land1t": "",
			"Name1": "Tesla",
			"Namev": "Nicola",
			"Parla": "",
			"ParlaExt": "",
			"Parlat": "",
			"Susid": "S069922332",
			"Telf1": "",
			"Telfx": "",
			"Tmpfx": "",
			"Tmptl": "",
			"Tmpzl": "",
			"Tmpzlt": "",
			"Trdat": "/Date(0)/",
			"Ucnam": "SAP",
			"Ucvor": "",
			"UidChangedBy": "",
			"UidChangedOn": null,
			"UidCreatedBy": "",
			"UidCreatedOn": null,
			"UidFirstName": "",
			"UidLastName": "",
			"UidStatus": "",
			"Usercriticalrole": "",
			"UserCriticalRoleID": "PRM_SMGR",
			"Userprofilestat": "P",
			"Userstatus": "",
			"Ynemail": "",
			"ValidTo": "/Date(1609372800000)/",
			"Status": "N",
			"ExpDate": "/Date(1609372800000)/",
			"UserType": "Partner",
			"ExtendReqOn": "/Date(1588871082397)/",
			"ChangedByName": "Hans Ammer",
			"Notes": "",
			"JobTitle": "Developer"
		}, {
			"Abtpa": "",
			"Adrnr": "",
			"Anred": "",
			"Authprofilestat": "",
			"CountryOther": "",
			"CountryOtherT": "",
			"DepartmentLong": "SAP",
			"Dtbis": "/Date(4070908800000)/",
			"Dtvon": "/Date(0)/",
			"Erdat": "/Date(1457395200000)/",
			"Ernam": "S0000315119",
			"Handy": "",
			"Ipadr": "trump.donald@sap.com",
			"IsUidAssigned": false,
			"Kunnr": "203069",
			"Kunnrcity": "",
			"Kunnrname": "Test value contracts WALDORF",
			"Kunnrpstlz": "",
			"Kunnrstras": "",
			"Land1": "",
			"Land1t": "",
			"Name1": "Trump",
			"Namev": "Donald",
			"Parla": "",
			"ParlaExt": "",
			"Parlat": "",
			"Susid": "S0599451322",
			"Telf1": "",
			"Telfx": "",
			"Tmpfx": "",
			"Tmptl": "",
			"Tmpzl": "",
			"Tmpzlt": "",
			"Trdat": "/Date(0)/",
			"Ucnam": "SAP",
			"Ucvor": "",
			"UidChangedBy": "",
			"UidChangedOn": null,
			"UidCreatedBy": "",
			"UidCreatedOn": null,
			"UidFirstName": "",
			"UidLastName": "",
			"UidStatus": "",
			"Usercriticalrole": "",
			"UserCriticalRoleID": "",
			"Userprofilestat": "P",
			"Userstatus": "",
			"Ynemail": "",
			"ValidTo": "/Date(1609372800000)/",
			"Status": "I",
			"ExpDate": "/Date(1609372800000)/",
			"UserType": "Customer",
			"ExtendReqOn": "/Date(1588871082397)/",
			"AuthObject": "",
			"ChangedByName": "Hans Ammer",
			"Notes": "",
			"JobTitle": "Developer"
		}, {
			"Abtpa": "",
			"Adrnr": "",
			"Anred": "",
			"Authprofilestat": "",
			"CountryOther": "",
			"CountryOtherT": "",
			"DepartmentLong": "SAP",
			"Dtbis": "/Date(4070908800000)/",
			"Dtvon": "/Date(0)/",
			"Erdat": "/Date(1457395200000)/",
			"Ernam": "S0000315119",
			"Handy": "",
			"Ipadr": "Cherry.Chevapravatdumrong@sap.com",
			"IsUidAssigned": false,
			"Kunnr": "203069",
			"Kunnrcity": "",
			"Kunnrname": "Test value contracts WALDORF",
			"Kunnrpstlz": "",
			"Kunnrstras": "",
			"Land1": "",
			"Land1t": "",
			"Name1": "Chevapravatdumrong",
			"Namev": "Cherry",
			"Parla": "",
			"ParlaExt": "",
			"Parlat": "",
			"Susid": "S049922332",
			"Telf1": "",
			"Telfx": "",
			"Tmpfx": "",
			"Tmptl": "",
			"Tmpzl": "",
			"Tmpzlt": "",
			"Trdat": "/Date(0)/",
			"Ucnam": "SAP",
			"Ucvor": "",
			"UidChangedBy": "",
			"UidChangedOn": null,
			"UidCreatedBy": "",
			"UidCreatedOn": null,
			"UidFirstName": "",
			"UidLastName": "",
			"UidStatus": "",
			"Usercriticalrole": "",
			"UserCriticalRoleID": "",
			"Userprofilestat": "P",
			"Userstatus": "",
			"Ynemail": "",
			"ValidTo": "/Date(1609372800000)/",
			"Status": "I",
			"ExpDate": "/Date(1609372800000)/",
			"UserType": "",
			"ExtendReqOn": "",
			"ChangedByName": "Hans Ammer",
			"Notes": "",
			"JobTitle": "Developer"
		}, {
			"Abtpa": "",
			"Adrnr": "",
			"Anred": "",
			"Authprofilestat": "",
			"CountryOther": "",
			"CountryOtherT": "",
			"DepartmentLong": "SAP",
			"Dtbis": "/Date(4070908800000)/",
			"Dtvon": "/Date(0)/",
			"Erdat": "/Date(1457395200000)/",
			"Ernam": "S0000315119",
			"Handy": "",
			"Ipadr": "boris.eltsin@sap.com",
			"IsUidAssigned": false,
			"Kunnr": "203069",
			"Kunnrcity": "",
			"Kunnrname": "Test value contracts WALDORF",
			"Kunnrpstlz": "",
			"Kunnrstras": "",
			"Land1": "",
			"Land1t": "",
			"Name1": "Eltsin",
			"Namev": "Boris",
			"Parla": "",
			"ParlaExt": "",
			"Parlat": "",
			"Susid": "S039922332",
			"Telf1": "",
			"Telfx": "",
			"Tmpfx": "",
			"Tmptl": "",
			"Tmpzl": "",
			"Tmpzlt": "",
			"Trdat": "/Date(0)/",
			"Ucnam": "SAP",
			"Ucvor": "",
			"UidChangedBy": "",
			"UidChangedOn": null,
			"UidCreatedBy": "",
			"UidCreatedOn": null,
			"UidFirstName": "",
			"UidLastName": "",
			"UidStatus": "",
			"Usercriticalrole": "",
			"UserCriticalRoleID": "",
			"Userprofilestat": "P",
			"Userstatus": "",
			"Ynemail": "",
			"ValidTo": "/Date(1609372800000)/",
			"Status": "I",
			"ExpDate": "/Date(1609372800000)/",
			"UserType": "",
			"ExtendReqOn": "",
			"ChangedByName": "Hans Ammer",
			"Notes": "",
			"JobTitle": "Developer"
		}, {
			"Abtpa": "",
			"Adrnr": "",
			"Anred": "",
			"Authprofilestat": "",
			"CountryOther": "",
			"CountryOtherT": "",
			"DepartmentLong": "SAP",
			"Dtbis": "/Date(4070908800000)/",
			"Dtvon": "/Date(0)/",
			"Erdat": "/Date(1457395200000)/",
			"Ernam": "S0000315119",
			"Handy": "",
			"Ipadr": "michael.gorbachev@sap.com",
			"IsUidAssigned": false,
			"Kunnr": "203069",
			"Kunnrcity": "",
			"Kunnrname": "Test value contracts WALDORF",
			"Kunnrpstlz": "",
			"Kunnrstras": "",
			"Land1": "",
			"Land1t": "",
			"Name1": "Gorbachev",
			"Namev": "Michael",
			"Parla": "",
			"ParlaExt": "",
			"Parlat": "",
			"Susid": "S029928882",
			"Telf1": "",
			"Telfx": "",
			"Tmpfx": "",
			"Tmptl": "",
			"Tmpzl": "",
			"Tmpzlt": "",
			"Trdat": "/Date(0)/",
			"Ucnam": "SAP",
			"Ucvor": "",
			"UidChangedBy": "",
			"UidChangedOn": null,
			"UidCreatedBy": "",
			"UidCreatedOn": null,
			"UidFirstName": "",
			"UidLastName": "",
			"UidStatus": "",
			"Usercriticalrole": "",
			"UserCriticalRoleID": "",
			"Userprofilestat": "P",
			"Userstatus": "",
			"Ynemail": "",
			"ValidTo": "/Date(1609372800000)/",
			"Status": "E",
			"ExpDate": "/Date(1588871082397)/",
			"UserType": "Customer",
			"ExtendReqOn": "/Date(1588871082397)/",
			"ChangedByName": "Hans Ammer",
			"Notes": "",
			"JobTitle": "Developer"
		}, {
			"Abtpa": "",
			"Adrnr": "",
			"Anred": "",
			"Authprofilestat": "",
			"CountryOther": "",
			"CountryOtherT": "",
			"DepartmentLong": "SAP",
			"Dtbis": "/Date(4070908800000)/",
			"Dtvon": "/Date(0)/",
			"Erdat": "/Date(1457395200000)/",
			"Ernam": "S0000315119",
			"Handy": "",
			"Ipadr": "leo.brezhnev@sap.com",
			"IsUidAssigned": false,
			"Kunnr": "203069",
			"Kunnrcity": "",
			"Kunnrname": "Test value contracts WALDORF",
			"Kunnrpstlz": "",
			"Kunnrstras": "",
			"Land1": "",
			"Land1t": "",
			"Name1": "Brezhnev",
			"Namev": "Leonid",
			"Parla": "",
			"ParlaExt": "",
			"Parlat": "",
			"Susid": "S019922332",
			"Telf1": "",
			"Telfx": "",
			"Tmpfx": "",
			"Tmptl": "",
			"Tmpzl": "",
			"Tmpzlt": "",
			"Trdat": "/Date(0)/",
			"Ucnam": "SAP",
			"Ucvor": "",
			"UidChangedBy": "",
			"UidChangedOn": null,
			"UidCreatedBy": "",
			"UidCreatedOn": null,
			"UidFirstName": "",
			"UidLastName": "",
			"UidStatus": "",
			"Usercriticalrole": "",
			"UserCriticalRoleID": "",
			"Userprofilestat": "P",
			"Userstatus": "",
			"Ynemail": "",
			"ValidTo": "/Date(1609372800000)/",
			"Status": "X",
			"ExpDate": "/Date(1596153600000)/",
			"UserType": "Partner",
			"ExtendReqOn": "",
			"ChangedByName": "Hans Ammer",
			"Notes": "",
			"JobTitle": "Developer"
		}, {
			"Abtpa": "",
			"Adrnr": "",
			"Anred": "",
			"Authprofilestat": "",
			"CountryOther": "",
			"CountryOtherT": "",
			"DepartmentLong": "SAP",
			"Dtbis": "/Date(4070908800000)/",
			"Dtvon": "/Date(0)/",
			"Erdat": "/Date(1457395200000)/",
			"Ernam": "S0000315119",
			"Handy": "",
			"Ipadr": "v.zelensky@sap.com",
			"IsUidAssigned": false,
			"Kunnr": "203069",
			"Kunnrcity": "",
			"Kunnrname": "Test value contracts WALDORF",
			"Kunnrpstlz": "",
			"Kunnrstras": "",
			"Land1": "",
			"Land1t": "",
			"Name1": "Zelensky",
			"Namev": "Vladimir",
			"Parla": "",
			"ParlaExt": "",
			"Parlat": "",
			"Susid": "S909922332",
			"Telf1": "",
			"Telfx": "",
			"Tmpfx": "",
			"Tmptl": "",
			"Tmpzl": "",
			"Tmpzlt": "",
			"Trdat": "/Date(0)/",
			"Ucnam": "SAP",
			"Ucvor": "",
			"UidChangedBy": "",
			"UidChangedOn": null,
			"UidCreatedBy": "",
			"UidCreatedOn": null,
			"UidFirstName": "",
			"UidLastName": "",
			"UidStatus": "",
			"Usercriticalrole": "",
			"UserCriticalRoleID": "1SUPERADMIN",
			"Userprofilestat": "P",
			"Userstatus": "",
			"Ynemail": "",
			"ValidTo": "/Date(1609372800000)/",
			"Status": "I",
			"ExpDate": "/Date(1609372800000)/",
			"UserType": "Partner",
			"ExtendReqOn": "",
			"ChangedByName": "Hans Ammer",
			"Notes": "",
			"JobTitle": "Developer"
		}, {
			"Abtpa": "",
			"Adrnr": "",
			"Anred": "",
			"Authprofilestat": "",
			"CountryOther": "",
			"CountryOtherT": "",
			"DepartmentLong": "SAP",
			"ExtensionRequestedOnDate": "/Date(4070908800000)/",
			"Dtbis": "/Date(4070908800000)/",
			"Dtvon": "/Date(0)/",
			"Erdat": "/Date(1457395200000)/",
			"Ernam": "S0000315119",
			"Handy": "",
			"Ipadr": "m.mcfly@sap.com",
			"IsUidAssigned": false,
			"Kunnr": "203069",
			"Kunnrcity": "",
			"Kunnrname": "Test value contracts WALDORF",
			"Kunnrpstlz": "",
			"Kunnrstras": "",
			"Land1": "",
			"Land1t": "",
			"Name1": "McFly",
			"Namev": "Marty",
			"Parla": "",
			"ParlaExt": "",
			"Parlat": "",
			"Susid": "S809922332",
			"Telf1": "",
			"Telfx": "",
			"Tmpfx": "",
			"Tmptl": "",
			"Tmpzl": "",
			"Tmpzlt": "",
			"Trdat": "/Date(0)/",
			"Ucnam": "SAP",
			"Ucvor": "",
			"UidChangedBy": "",
			"UidChangedOn": null,
			"UidCreatedBy": "",
			"UidCreatedOn": null,
			"UidFirstName": "",
			"UidLastName": "",
			"UidStatus": "",
			"Usercriticalrole": "",
			"UserCriticalRoleID": "",
			"Userprofilestat": "P",
			"Userstatus": "",
			"Ynemail": "",
			"ValidTo": "/Date(1609372800000)/",
			"Status": "E",
			"ExpDate": "/Date(1588871082397)/",
			"UserType": "Partner",
			"ExtendReqOn": "",
			"ChangedByName": "Hans Ammer",
			"Notes": "",
			"JobTitle": "Developer"
		}, {
			"Abtpa": "",
			"Adrnr": "",
			"Anred": "",
			"Authprofilestat": "",
			"CountryOther": "",
			"CountryOtherT": "",
			"DepartmentLong": "SAP",
			"Dtbis": "/Date(4070908800000)/",
			"Dtvon": "/Date(0)/",
			"Erdat": "/Date(1457395200000)/",
			"Ernam": "S0000315119",
			"Handy": "",
			"Ipadr": "kevin.mccallister@sap.com",
			"IsUidAssigned": false,
			"Kunnr": "203069",
			"Kunnrcity": "",
			"Kunnrname": "Test value contracts WALDORF",
			"Kunnrpstlz": "",
			"Kunnrstras": "",
			"Land1": "",
			"Land1t": "",
			"Name1": "McCallister",
			"Namev": "Kevin",
			"Parla": "",
			"ParlaExt": "",
			"Parlat": "",
			"Susid": "S709922332",
			"Telf1": "",
			"Telfx": "",
			"Tmpfx": "",
			"Tmptl": "",
			"Tmpzl": "",
			"Tmpzlt": "",
			"Trdat": "/Date(0)/",
			"Ucnam": "SAP",
			"Ucvor": "",
			"UidChangedBy": "",
			"UidChangedOn": null,
			"UidCreatedBy": "",
			"UidCreatedOn": null,
			"UidFirstName": "",
			"UidLastName": "",
			"UidStatus": "",
			"Usercriticalrole": "",
			"UserCriticalRoleID": "",
			"Userprofilestat": "P",
			"Userstatus": "",
			"Ynemail": "",
			"ValidTo": "/Date(1609372800000)/",
			"Status": "X",
			"ExpDate": "/Date(1596153600000)/",
			"UserType": "Partner",
			"ExtendReqOn": "/Date(1588871082397)/",
			"ChangedByName": "Hans Ammer",
			"Notes": "",
			"JobTitle": "Developer"
		}, {
			"Abtpa": "",
			"Adrnr": "",
			"Anred": "",
			"Authprofilestat": "",
			"CountryOther": "",
			"CountryOtherT": "",
			"DepartmentLong": "SAP",
			"Dtbis": "/Date(4070908800000)/",
			"Dtvon": "/Date(0)/",
			"Erdat": "/Date(1457395200000)/",
			"Ernam": "S0000315119",
			"Handy": "",
			"Ipadr": "some.chicken@sap.com",
			"IsUidAssigned": false,
			"Kunnr": "203069",
			"Kunnrcity": "",
			"Kunnrname": "Test value contracts WALDORF",
			"Kunnrpstlz": "",
			"Kunnrstras": "",
			"Land1": "",
			"Land1t": "",
			"Name1": "Sanders",
			"Namev": "Harland",
			"Parla": "",
			"ParlaExt": "",
			"Parlat": "",
			"Susid": "S609922332",
			"Telf1": "",
			"Telfx": "",
			"Tmpfx": "",
			"Tmptl": "",
			"Tmpzl": "",
			"Tmpzlt": "",
			"Trdat": "/Date(0)/",
			"Ucnam": "SAP",
			"Ucvor": "",
			"UidChangedBy": "",
			"UidChangedOn": null,
			"UidCreatedBy": "",
			"UidCreatedOn": null,
			"UidFirstName": "",
			"UidLastName": "",
			"UidStatus": "",
			"Usercriticalrole": "",
			"UserCriticalRoleID": "",
			"Userprofilestat": "P",
			"Userstatus": "",
			"Ynemail": "",
			"ValidTo": "/Date(1609372800000)/",
			"Status": "I",
			"ExpDate": "/Date(1609372800000)/",
			"UserType": "Customer",
			"ExtendReqOn": "",
			"ChangedByName": "Hans Ammer",
			"Notes": "",
			"JobTitle": "Developer"
		}, {
			"Abtpa": "",
			"Adrnr": "",
			"Anred": "",
			"Authprofilestat": "",
			"CountryOther": "",
			"CountryOtherT": "",
			"DepartmentLong": "SAP",
			"Dtbis": "/Date(4070908800000)/",
			"Dtvon": "/Date(0)/",
			"Erdat": "/Date(1457395200000)/",
			"Ernam": "S0000315119",
			"Handy": "",
			"Ipadr": "ulfric@sap.com",
			"IsUidAssigned": false,
			"Kunnr": "203069",
			"Kunnrcity": "",
			"Kunnrname": "Test value contracts WALDORF",
			"Kunnrpstlz": "",
			"Kunnrstras": "",
			"Land1": "",
			"Land1t": "",
			"Name1": "Stormcloak",
			"Namev": "Ulfric",
			"Parla": "",
			"ParlaExt": "",
			"Parlat": "",
			"Susid": "S509922332",
			"Telf1": "",
			"Telfx": "",
			"Tmpfx": "",
			"Tmptl": "",
			"Tmpzl": "",
			"Tmpzlt": "",
			"Trdat": "/Date(0)/",
			"Ucnam": "SAP",
			"Ucvor": "",
			"UidChangedBy": "",
			"UidChangedOn": null,
			"UidCreatedBy": "",
			"UidCreatedOn": null,
			"UidFirstName": "",
			"UidLastName": "",
			"UidStatus": "",
			"Usercriticalrole": "",
			"UserCriticalRoleID": "USERADMIN_CLOUD",
			"Userprofilestat": "P",
			"Userstatus": "",
			"Ynemail": "",
			"ValidTo": "/Date(1609372800000)/",
			"Status": "I",
			"ExpDate": "/Date(1609372800000)/",
			"UserType": "Customer",
			"ExtendReqOn": "/Date(1590883200000)/",
			"ChangedByName": "Hans Ammer",
			"Notes": "",
			"JobTitle": "Developer"
		}, {
			"Abtpa": "",
			"Adrnr": "",
			"Anred": "",
			"Authprofilestat": "",
			"CountryOther": "",
			"CountryOtherT": "",
			"DepartmentLong": "SAP",
			"Dtbis": "/Date(4070908800000)/",
			"Dtvon": "/Date(0)/",
			"Erdat": "/Date(1457395200000)/",
			"Ernam": "S0000315119",
			"Handy": "",
			"Ipadr": "uriel.septim@sap.com",
			"IsUidAssigned": false,
			"Kunnr": "203069",
			"Kunnrcity": "",
			"Kunnrname": "Test value contracts WALDORF",
			"Kunnrpstlz": "",
			"Kunnrstras": "",
			"Land1": "",
			"Land1t": "",
			"Name1": "Septim",
			"Namev": "Uriel",
			"Parla": "",
			"ParlaExt": "",
			"Parlat": "",
			"Susid": "S409922332",
			"Telf1": "",
			"Telfx": "",
			"Tmpfx": "",
			"Tmptl": "",
			"Tmpzl": "",
			"Tmpzlt": "",
			"Trdat": "/Date(0)/",
			"Ucnam": "SAP",
			"Ucvor": "",
			"UidChangedBy": "",
			"UidChangedOn": null,
			"UidCreatedBy": "",
			"UidCreatedOn": null,
			"UidFirstName": "",
			"UidLastName": "",
			"UidStatus": "",
			"Usercriticalrole": "",
			"UserCriticalRoleID": "",
			"Userprofilestat": "P",
			"Userstatus": "",
			"Ynemail": "",
			"ValidTo": "/Date(1609372800000)/",
			"Status": "I",
			"ExpDate": "/Date(1609372800000)/",
			"UserType": "Customer",
			"ExtendReqOn": "",
			"ChangedByName": "Hans Ammer",
			"Notes": "",
			"JobTitle": "Developer"
		}, {
			"Abtpa": "",
			"Adrnr": "",
			"Anred": "",
			"Authprofilestat": "",
			"CountryOther": "",
			"CountryOtherT": "",
			"DepartmentLong": "SAP",
			"Dtbis": "/Date(4070908800000)/",
			"Dtvon": "/Date(0)/",
			"Erdat": "/Date(1457395200000)/",
			"Ernam": "S0000315119",
			"Handy": "",
			"Ipadr": "cosades@sap.com",
			"IsUidAssigned": false,
			"Kunnr": "203069",
			"Kunnrcity": "",
			"Kunnrname": "Test value contracts WALDORF",
			"Kunnrpstlz": "",
			"Kunnrstras": "",
			"Land1": "",
			"Land1t": "",
			"Name1": "Cosades",
			"Namev": "Caius",
			"Parla": "",
			"ParlaExt": "",
			"Parlat": "",
			"Susid": "S309922332",
			"Telf1": "",
			"Telfx": "",
			"Tmpfx": "",
			"Tmptl": "",
			"Tmpzl": "",
			"Tmpzlt": "",
			"Trdat": "/Date(0)/",
			"Ucnam": "SAP",
			"Ucvor": "",
			"UidChangedBy": "",
			"UidChangedOn": null,
			"UidCreatedBy": "",
			"UidCreatedOn": null,
			"UidFirstName": "",
			"UidLastName": "",
			"UidStatus": "",
			"Usercriticalrole": "",
			"UserCriticalRoleID": "USERADMIN",
			"Userprofilestat": "P",
			"Userstatus": "",
			"Ynemail": "",
			"ValidTo": "/Date(1609372800000)/",
			"Status": "X",
			"ExpDate": "/Date(1596153600000)/",
			"UserType": "Customer",
			"ExtendReqOn": "/Date(1588871082397)/",
			"ChangedByName": "Hans Ammer",
			"Notes": "",
			"JobTitle": "Developer"
		}, {
			"Abtpa": "",
			"Adrnr": "",
			"Anred": "",
			"Authprofilestat": "",
			"CountryOther": "",
			"CountryOtherT": "",
			"DepartmentLong": "SAP",
			"Dtbis": "/Date(4070908800000)/",
			"Dtvon": "/Date(0)/",
			"Erdat": "/Date(1457395200000)/",
			"Ernam": "S0000315119",
			"Handy": "",
			"Ipadr": "buy.skyrim@sap.com",
			"IsUidAssigned": false,
			"Kunnr": "203069",
			"Kunnrcity": "",
			"Kunnrname": "Test value contracts WALDORF",
			"Kunnrpstlz": "",
			"Kunnrstras": "",
			"Land1": "",
			"Land1t": "",
			"Name1": "Howard",
			"Namev": "Todd",
			"Parla": "",
			"ParlaExt": "",
			"Parlat": "",
			"Susid": "S209922332",
			"Telf1": "",
			"Telfx": "",
			"Tmpfx": "",
			"Tmptl": "",
			"Tmpzl": "",
			"Tmpzlt": "",
			"Trdat": "/Date(0)/",
			"Ucnam": "SAP",
			"Ucvor": "",
			"UidChangedBy": "",
			"UidChangedOn": null,
			"UidCreatedBy": "",
			"UidCreatedOn": null,
			"UidFirstName": "",
			"UidLastName": "",
			"UidStatus": "",
			"Usercriticalrole": "",
			"UserCriticalRoleID": "",
			"Userprofilestat": "P",
			"Userstatus": "",
			"Ynemail": "",
			"ValidTo": "/Date(1609372800000)/",
			"Status": "I",
			"ExpDate": "/Date(1609372800000)/",
			"UserType": "Customer",
			"ExtendReqOn": "/Date(1588871082397)/",
			"ChangedByName": "Hans Ammer",
			"Notes": "",
			"JobTitle": "Developer"
		}, {
			"Abtpa": "",
			"Adrnr": "",
			"Anred": "",
			"Authprofilestat": "",
			"CountryOther": "",
			"CountryOtherT": "",
			"DepartmentLong": "SAP",
			"Dtbis": "/Date(4070908800000)/",
			"Dtvon": "/Date(0)/",
			"Erdat": "/Date(1457395200000)/",
			"Ernam": "S0000315119",
			"Handy": "",
			"Ipadr": "adam.jensen@sap.com",
			"IsUidAssigned": false,
			"Kunnr": "203069",
			"Kunnrcity": "",
			"Kunnrname": "Test value contracts WALDORF",
			"Kunnrpstlz": "",
			"Kunnrstras": "",
			"Land1": "",
			"Land1t": "",
			"Name1": "Jensen",
			"Namev": "Adam",
			"Parla": "",
			"ParlaExt": "",
			"Parlat": "",
			"Susid": "S109922332",
			"Telf1": "",
			"Telfx": "",
			"Tmpfx": "",
			"Tmptl": "",
			"Tmpzl": "",
			"Tmpzlt": "",
			"Trdat": "/Date(0)/",
			"Ucnam": "SAP",
			"Ucvor": "",
			"UidChangedBy": "",
			"UidChangedOn": null,
			"UidCreatedBy": "",
			"UidCreatedOn": null,
			"UidFirstName": "",
			"UidLastName": "",
			"UidStatus": "",
			"Usercriticalrole": "",
			"UserCriticalRoleID": "PRM_SMGR",
			"Userprofilestat": "P",
			"Userstatus": "",
			"Ynemail": "",
			"ValidTo": "/Date(1609372800000)/",
			"Status": "I",
			"ExpDate": "/Date(1609372800000)/",
			"ExtendReqOn": "",
			"ChangedByName": "Hans Ammer",
			"UserType": "Customer",
			"Notes": "",
			"JobTitle": "Developer"
		}]
	}
}