{
    "d": {
        "results": [
            {
                "TableName": "idUserTable",
                "ColumnId": "cust_or_partner",
                "UserID": "S0000315119",
                "ColumnText": "MASTER_COLUMN_CUST_OR_PARTNER",
                "ColumnVisibility": true,
                "ColumnIndex": 0
            },
            {
                "TableName": "idUserTable",
                "ColumnId": "lname",
                "UserID": "S0000315119",
                "ColumnText": "DETAIL_USER_LAST_NAME",
                "ColumnVisibility": true,
                "ColumnIndex": 1
            },
            {
                "TableName": "idUserTable",
                "ColumnId": "fname",
                "UserID": "S0000315119",
                "ColumnText": "DETAIL_USER_FIRST_NAME",
                "ColumnVisibility": true,
                "ColumnIndex": 2
            },
            {
                "TableName": "idUserTable",
                "ColumnId": "userID",
                "UserID": "S0000315119",
                "ColumnText": "MASTER_COLUMN_USER_ID",
                "ColumnVisibility": true,
                "ColumnIndex": 3
            },
            {
                "TableName": "idUserTable",
                "ColumnId": "email",
                "UserID": "S0000315119",
                "ColumnText": "MASTER_COLUMN_USER_EMAIL",
                "ColumnVisibility": true,
                "ColumnIndex": 4
            },
            {
                "TableName": "idUserTable",
                "ColumnId": "cust_name",
                "UserID": "S0000315119",
                "ColumnText": "MASTER_COLUMN_CUST_NAME",
                "ColumnVisibility": true,
                "ColumnIndex": 5
            },
            {
                "TableName": "idUserTable",
                "ColumnId": "cust_num",
                "UserID": "S0000315119",
                "ColumnText": "MASTER_COLUMN_CUST_NUM",
                "ColumnVisibility": true,
                "ColumnIndex": 6
            },
            {
                "TableName": "idUserTable",
                "ColumnId": "country",
                "UserID": "S0000315119",
                "ColumnText": "DETAIL_USER_CONTACT_LAND1",
                "ColumnVisibility": true,
                "ColumnIndex": 7
            },
            {
                "TableName": "idUserTable",
                "ColumnId": "department",
                "UserID": "S0000315119",
                "ColumnText": "MASTER_COLUMN_DEPT",
                "ColumnVisibility": true,
                "ColumnIndex": 8
            },
            {
                "TableName": "idUserTable",
                "ColumnId": "logon_date",
                "UserID": "S0000315119",
                "ColumnText": "DETAIL_USER_LAST_LOGON_DATE",
                "ColumnVisibility": true,
                "ColumnIndex": 9
            },
            {
                "TableName": "idUserTable",
                "ColumnId": "phone_number",
                "UserID": "S0000315119",
                "ColumnText": "DETAIL_USER_PHONE_NUMBER",
                "ColumnVisibility": true,
                "ColumnIndex": 10
            },
            {
                "TableName": "idUserTable",
                "ColumnId": "expiry_date",
                "UserID": "S0000315119",
                "ColumnText": "DETAIL_USER_EXPIRY_DATE",
                "ColumnVisibility": true,
                "ColumnIndex": 11
            },
            {
                "TableName": "idUserTable",
                "ColumnId": "status",
                "UserID": "S0000315119",
                "ColumnText": "DETAIL_STATUS",
                "ColumnVisibility": true,
                "ColumnIndex": 12
            },
            {
                "TableName": "idUserTable",
                "ColumnId": "action",
                "UserID": "S0000315119",
                "ColumnText": "MASTER_ACTION",
                "ColumnVisibility": true,
                "ColumnIndex": 13
            },
            {
            	"TableName": "idUserTable",
				"ColumnId": "created_by",
				"UserID": "S0000315119",
				"ColumnText": "DETAIL_USER_CREATED_BY",
				"ColumnVisibility": true,
				"ColumnIndex": 14
            },
            {
            	"TableName": "idUserTable",
				"ColumnId": "created_on",
				"UserID": "S0000315119",
				"ColumnText": "DETAIL_USER_CREATED_ON",
				"ColumnVisibility": true,
				"ColumnIndex": 15
            },
            {
            	"TableName": "idUserTable",
				"ColumnId": "function",
				"UserID": "S0000315119",
				"ColumnText": "DETAIL_COLUMN_FUNCTION",
				"ColumnVisibility": true,
				"ColumnIndex": 16
            },
            {
            	"TableName": "idUserTable",
				"ColumnId": "notes",
				"UserID": "S0000315119",
				"ColumnText": "DETAIL_ADDITIONAL_NOTES",
				"ColumnVisibility": true,
				"ColumnIndex": 17
            },
            {
            	"TableName": "idUserTable",
				"ColumnId": "isValidDomain",
				"UserID": "S0000315119",
				"ColumnText": "DETAIL_ADDITIONAL_NOTES",
				"ColumnVisibility": false,
				"ColumnIndex": 18
            },
            {
                "TableName": "idReqUserTable",
                "ColumnId": "lname2",
                "UserID": "S0000315119",
                "ColumnText": "DETAIL_USER_LAST_NAME",
                "ColumnVisibility": true,
                "ColumnIndex": 0
            },
            {
                "TableName": "idReqUserTable",
                "ColumnId": "fname2",
                "UserID": "S0000315119",
                "ColumnText": "DETAIL_USER_FIRST_NAME",
                "ColumnVisibility": true,
                "ColumnIndex": 1
            },
            {
                "TableName": "idReqUserTable",
                "ColumnId": "email2",
                "UserID": "S0000315119",
                "ColumnText": "MASTER_COLUMN_USER_EMAIL",
                "ColumnVisibility": true,
                "ColumnIndex": 2
            },
            {
                "TableName": "idReqUserTable",
                "ColumnId": "userID2",
                "UserID": "S0000315119",
                "ColumnText": "MASTER_COLUMN_USER_ID",
                "ColumnVisibility": true,
                "ColumnIndex": 3
            },
            {
                "TableName": "idReqUserTable",
                "ColumnId": "userPass2",
                "UserID": "S0000315119",
                "ColumnText": "REQUESTED_USER_COLUMN_USER_PASS",
                "ColumnVisibility": true,
                "ColumnIndex": 4
            },
            {
                "TableName": "idReqUserTable",
                "ColumnId": "status2",
                "UserID": "S0000315119",
                "ColumnText": "DELETED_USERS_STATUS",
                "ColumnVisibility": true,
                "ColumnIndex": 5
            },
            {
                "TableName": "idReqUserTable",
                "ColumnId": "cust_name2",
                "UserID": "S0000315119",
                "ColumnText": "MASTER_COLUMN_CUST_NAME",
                "ColumnVisibility": true,
                "ColumnIndex": 6
            },
            {
                "TableName": "idReqUserTable",
                "ColumnId": "cust_num2",
                "UserID": "S0000315119",
                "ColumnText": "MASTER_COLUMN_CUST_NUM",
                "ColumnVisibility": true,
                "ColumnIndex": 7
            },
            {
                "TableName": "idReqUserTable",
                "ColumnId": "requester2",
                "UserID": "S0000315119",
                "ColumnText": "REQUESTED_USER_REQUESTER_NAME",
                "ColumnVisibility": true,
                "ColumnIndex": 8
            },
            {
                "TableName": "idReqUserTable",
                "ColumnId": "requested_date2",
                "UserID": "S0000315119",
                "ColumnText": "MASTER_REQUESTED_ON",
                "ColumnVisibility": true,
                "ColumnIndex": 9
            },
            {
                "TableName": "idReqUserTable",
                "ColumnId": "action2",
                "UserID": "S0000315119",
                "ColumnText": "MASTER_ACTION",
                "ColumnVisibility": true,
                "ColumnIndex": 10
            },            
            {
                "TableName": "idDelUserTable",
                "ColumnId": "lname3",
                "UserID": "S0000315119",
                "ColumnText": "DETAIL_USER_LAST_NAME",
                "ColumnVisibility": true,
                "ColumnIndex": 0
            },
            {
                "TableName": "idDelUserTable",
                "ColumnId": "fname3",
                "UserID": "S0000315119",
                "ColumnText": "DETAIL_USER_FIRST_NAME",
                "ColumnVisibility": true,
                "ColumnIndex": 1
            },
            {
                "TableName": "idDelUserTable",
                "ColumnId": "email3",
                "UserID": "S0000315119",
                "ColumnText": "MASTER_COLUMN_USER_EMAIL",
                "ColumnVisibility": true,
                "ColumnIndex": 2
            },
            {
                "TableName": "idDelUserTable",
                "ColumnId": "userID3",
                "UserID": "S0000315119",
                "ColumnText": "MASTER_COLUMN_USER_ID",
                "ColumnVisibility": true,
                "ColumnIndex": 3
            },
            {
                "TableName": "idDelUserTable",
                "ColumnId": "status3",
                "UserID": "S0000315119",
                "ColumnText": "DELETED_USERS_STATUS",
                "ColumnVisibility": true,
                "ColumnIndex": 4
            },
            {
                "TableName": "idDelUserTable",
                "ColumnId": "cust_name3",
                "UserID": "S0000315119",
                "ColumnText": "MASTER_COLUMN_CUST_NAME",
                "ColumnVisibility": true,
                "ColumnIndex": 5
            },
            {
                "TableName": "idDelUserTable",
                "ColumnId": "cust_num3",
                "UserID": "S0000315119",
                "ColumnText": "MASTER_COLUMN_CUST_NUM",
                "ColumnVisibility": true,
                "ColumnIndex": 6
            },
            {
                "TableName": "idDelUserTable",
                "ColumnId": "requester3",
                "UserID": "S0000315119",
                "ColumnText": "DELETED_USERS_REQUESTER",
                "ColumnVisibility": true,
                "ColumnIndex": 7
            },
            {
                "TableName": "idDelUserTable",
                "ColumnId": "delete_date3",
                "UserID": "S0000315119",
                "ColumnText": "DELETED_USERS_DEL_DATE",
                "ColumnVisibility": true,
                "ColumnIndex": 8
            },
           {
                "TableName": "idDelUserTable",
                "ColumnId": "action3",
                "UserID": "S0000315119",
                "ColumnText": "MASTER_ACTION",
                "ColumnVisibility": true,
                "ColumnIndex": 9
            },            
            {
                "TableName": "idImportantContactsTable",
                "ColumnId": "userID4",
                "UserID": "S0000315119",
                "ColumnText": "MASTER_COLUMN_USER_ID",
                "ColumnVisibility": true,
                "ColumnIndex": 0
            },
            {
                "TableName": "idImportantContactsTable",
                "ColumnId": "lname4",
                "UserID": "S0000315119",
                "ColumnText": "DETAIL_USER_LAST_NAME",
                "ColumnVisibility": true,
                "ColumnIndex": 1
            },
            {
                "TableName": "idImportantContactsTable",
                "ColumnId": "fname4",
                "UserID": "S0000315119",
                "ColumnText": "DETAIL_USER_FIRST_NAME",
                "ColumnVisibility": true,
                "ColumnIndex": 2
            },
            {
                "TableName": "idImportantContactsTable",
                "ColumnId": "email4",
                "UserID": "S0000315119",
                "ColumnText": "MASTER_COLUMN_USER_EMAIL",
                "ColumnVisibility": true,
                "ColumnIndex": 3
            },
            {
                "TableName": "idImportantContactsTable",
                "ColumnId": "user_cust_num4",
                "UserID": "S0000315119",
                "ColumnText": "MASTER_COLUMN_USER_CUST_NUM",
                "ColumnVisibility": true,
                "ColumnIndex": 4
            },
            {
                "TableName": "idImportantContactsTable",
                "ColumnId": "function4",
                "UserID": "S0000315119",
                "ColumnText": "DETAIL_COLUMN_FUNCTION",
                "ColumnVisibility": true,
                "ColumnIndex": 5
            },
            {
                "TableName": "idImportantContactsTable",
                "ColumnId": "global4",
                "UserID": "S0000315119",
                "ColumnText": "MASTER_COLUMN_GLOBAL",
                "ColumnVisibility": true,
                "ColumnIndex": 6
            },
            {
                "TableName": "idImportantContactsTable",
                "ColumnId": "ccc4",
                "UserID": "S0000315119",
                "ColumnText": "MASTER_COLUMN_CCC",
                "ColumnVisibility": true,
                "ColumnIndex": 7
            },
            {
                "TableName": "idImportantContactsTable",
                "ColumnId": "ccc_name4",
                "UserID": "S0000315119",
                "ColumnText": "MASTER_COLUMN_CCC_NAME",
                "ColumnVisibility": true,
                "ColumnIndex": 8
            },
            {
                "TableName": "idImportantContactsTable",
                "ColumnId": "cust_num4",
                "UserID": "S0000315119",
                "ColumnText": "MASTER_COLUMN_CUST_NUM",
                "ColumnVisibility": true,
                "ColumnIndex": 9
            },
            {
                "TableName": "idImportantContactsTable",
                "ColumnId": "cust_name4",
                "UserID": "S0000315119",
                "ColumnText": "MASTER_COLUMN_CUST_NAME",
                "ColumnVisibility": true,
                "ColumnIndex": 10
            },
            {
                "TableName": "idImportantContactsTable",
                "ColumnId": "inst_num4",
                "UserID": "S0000315119",
                "ColumnText": "MASTER_COLUMN_INST_NUM",
                "ColumnVisibility": true,
                "ColumnIndex": 11
            },
            {
                "TableName": "idImportantContactsTable",
                "ColumnId": "inst_name4",
                "UserID": "S0000315119",
                "ColumnText": "MASTER_COLUMN_INST_NAME",
                "ColumnVisibility": true,
                "ColumnIndex": 12
            },
            {
                "TableName": "idImportantContactsTable",
                "ColumnId": "phone_number4",
                "UserID": "S0000315119",
                "ColumnText": "DETAIL_USER_PHONE_NUMBER",
                "ColumnVisibility": false,
                "ColumnIndex": 13
            },
            {
                "TableName": "idImportantContactsTable",
                "ColumnId": "isValidEmail",
                "UserID": "S0000315119",
                "ColumnText": "DETAIL_NON_COMPLIANT_EMAIL",
                "ColumnVisibility": false,
                "ColumnIndex": 14
            },            
            {
                "TableName": "idUserReportTable",
                "ColumnId": "userID5",
                "UserID": "S32819321",
                "ColumnText": "MASTER_COLUMN_USER_ID",
                "ColumnVisibility": true,
                "ColumnIndex": 0
            },
            {
                "TableName": "idUserReportTable",
                "ColumnId": "lname5",
                "UserID": "S32819321",
                "ColumnText": "DETAIL_USER_LAST_NAME",
                "ColumnVisibility": true,
                "ColumnIndex": 1
            },
            {
                "TableName": "idUserReportTable",
                "ColumnId": "fname5",
                "UserID": "S32819321",
                "ColumnText": "DETAIL_USER_FIRST_NAME",
                "ColumnVisibility": true,
                "ColumnIndex": 2
            },
            {
                "TableName": "idUserReportTable",
                "ColumnId": "user_cust_num5",
                "UserID": "S32819321",
                "ColumnText": "MASTER_COLUMN_USER_CUST_NUM",
                "ColumnVisibility": true,
                "ColumnIndex": 3
            },
            {
                "TableName": "idUserReportTable",
                "ColumnId": "department5",
                "UserID": "S32819321",
                "ColumnText": "MASTER_COLUMN_DEPT",
                "ColumnVisibility": true,
                "ColumnIndex": 4
            },
            {
                "TableName": "idUserReportTable",
                "ColumnId": "auth_obj5",
                "UserID": "S32819321",
                "ColumnText": "MASTER_AUTH_OBJECT",
                "ColumnVisibility": true,
                "ColumnIndex": 5
            },
            {
                "TableName": "idUserReportTable",
                "ColumnId": "ccc5",
                "UserID": "S32819321",
                "ColumnText": "MASTER_COLUMN_CCC",
                "ColumnVisibility": true,
                "ColumnIndex": 6
            },
            {
                "TableName": "idUserReportTable",
                "ColumnId": "ccc_name5",
                "UserID": "S32819321",
                "ColumnText": "MASTER_COLUMN_CCC_NAME",
                "ColumnVisibility": true,
                "ColumnIndex": 7
            },
            {
                "TableName": "idUserReportTable",
                "ColumnId": "cust_num5",
                "UserID": "S32819321",
                "ColumnText": "MASTER_COLUMN_CUST_NUM",
                "ColumnVisibility": true,
                "ColumnIndex": 8
            },
            {
                "TableName": "idUserReportTable",
                "ColumnId": "cust_name5",
                "UserID": "S32819321",
                "ColumnText": "MASTER_COLUMN_CUST_NAME",
                "ColumnVisibility": true,
                "ColumnIndex": 9
            },
            {
                "TableName": "idUserReportTable",
                "ColumnId": "installation5",
                "UserID": "S32819321",
                "ColumnText": "AUTHORIZATION_LEVEL_INST_NUM",
                "ColumnVisibility": true,
                "ColumnIndex": 10
            },
            {
                "TableName": "idUserReportTable",
                "ColumnId": "installation_desc5",
                "UserID": "S32819321",
                "ColumnText": "AUTHORIZATION_LEVEL_INST_NAME",
                "ColumnVisibility": true,
                "ColumnIndex": 11
            },
            {
                "TableName": "idUserReportTable",
                "ColumnId": "email5",
                "UserID": "S32819321",
                "ColumnText": "MASTER_COLUMN_USER_EMAIL",
                "ColumnVisibility": true,
                "ColumnIndex": 12
            },
            {
                "TableName": "idUserReportTable",
                "ColumnId": "auth_pack5",
                "UserID": "S32819321",
                "ColumnText": "MASTER_AUTH_PACKAGE",
                "ColumnVisibility": true,
                "ColumnIndex": 13
            },
            {
                "TableName": "idTasksTable",
                "ColumnId": "LastName",
                "UserID": "S32819321",
                "ColumnText": "DETAIL_USER_LAST_NAME",
                "ColumnVisibility": true,
                "ColumnIndex": 1
            },
            {
                "TableName": "idTasksTable",
                "ColumnId": "FirstName",
                "UserID": "S32819321",
                "ColumnText": "DETAIL_USER_FIRST_NAME",
                "ColumnVisibility": true,
                "ColumnIndex": 2
            },
            {
                "TableName": "idTasksTable",
                "ColumnId": "UserEmail",
                "UserID": "S32819321",
                "ColumnText": "MASTER_COLUMN_USER_EMAIL",
                "ColumnVisibility": true,
                "ColumnIndex": 3
            },
            {
                "TableName": "idTasksTable",
                "ColumnId": "UserId",
                "UserID": "S32819321",
                "ColumnText": "MASTER_COLUMN_USER_ID",
                "ColumnVisibility": true,
                "ColumnIndex": 4
            },
            {
                "TableName": "idTasksTable",
                "ColumnId": "CustomerName",
                "UserID": "S32819321",
                "ColumnText": "MASTER_COLUMN_CUST_NAME",
                "ColumnVisibility": true,
                "ColumnIndex": 5
            },
            {
                "TableName": "idTasksTable",
                "ColumnId": "CustomerNumber",
                "UserID": "S32819321",
                "ColumnText": "MASTER_COLUMN_CUST_NUM",
                "ColumnVisibility": true,
                "ColumnIndex": 6
            },
            {
                "TableName": "idTasksTable",
                "ColumnId": "ChangedBy",
                "UserID": "S32819321",
                "ColumnText": "MASTER_COLUMN_PROCESSED_BY",
                "ColumnVisibility": true,
                "ColumnIndex": 7
            },
            {
                "TableName": "idTasksTable",
                "ColumnId": "RequestedOn",
                "UserID": "S32819321",
                "ColumnText": "MASTER_REQUESTED_ON",
                "ColumnVisibility": true,
                "ColumnIndex": 8
            },
            {
                "TableName": "idTasksTable",
                "ColumnId": "TypeOfRequest",
                "UserID": "S32819321",
                "ColumnText": "MASTER_TYPE_OF_REQUEST",
                "ColumnVisibility": true,
                "ColumnIndex": 9
            },
            {
                "TableName": "idTasksTable",
                "ColumnId": "Status",
                "UserID": "S32819321",
                "ColumnText": "MASTER_REQUEST_STATUS",
                "ColumnVisibility": true,
                "ColumnIndex": 0
            }
        ]
    }
}