{
    "d": {
        "results": [
            {
                "Susid": "S0006269249",
                "Namev": "Donald",
                "Name1": "Trump",
                "Department": "X",
                "FullName": "Donald Trump",
                "CustNum": "203069"
            },
            {
                "Susid": "S32169249",
                "Namev": "Alex",
                "Name1": "Pushkin",
                "Department": "",
                "FullName": "Donald Trump",
                "CustNum": "203069"
            }
        ]
    }
}
