{
    "d": {
        "results": [
            {
                "UserId": "S0006269249",
                "ObjectId": "G_ALL",
                "ObjectDesc": "All",
                "AuthLevelId": "group",
                "AuthLevelDesc": "",
                "Selected": false,
                "CurrentAuthLevel": "",
                "TopLevel": "",
                "AuthObjectGroup": ""
            },
            {
                "UserId": "S0006269249",
                "ObjectId": "G_INCIDENT",
                "ObjectDesc": "Incidents",
                "AuthLevelId": "group",
                "AuthLevelDesc": "",
                "Selected": false,
                "CurrentAuthLevel": "",
                "TopLevel": "",
                "AuthObjectGroup": ""
            },
            {
                "UserId": "S0006269249",
                "ObjectId": "ANLEG",
                "ObjectDesc": "Report an Incident",
                "AuthLevelId": "INSTALL",
                "AuthLevelDesc": "Installation",
                "Selected": false,
                "CurrentAuthLevel": "none",
                "TopLevel": "CCC",
                "AuthObjectGroup": "G_INCIDENT"
            },
            {
                "UserId": "S0006269249",
                "ObjectId": "QUITT",
                "ObjectDesc": "Close Incidents",
                "AuthLevelId": "INSTALL",
                "AuthLevelDesc": "Installation",
                "Selected": false,
                "CurrentAuthLevel": "none",
                "TopLevel": "CCC",
                "AuthObjectGroup": "G_INCIDENT"
            },
            {
                "UserId": "S0006269249",
                "ObjectId": "GOSAP",
                "ObjectDesc": "Send Incidents to SAP",
                "AuthLevelId": "INSTALL",
                "AuthLevelDesc": "Installation",
                "Selected": false,
                "CurrentAuthLevel": "none",
                "TopLevel": "CCC",
                "AuthObjectGroup": "G_INCIDENT"
            },
            {
                "UserId": "S0006269249",
                "ObjectId": "READM_INST",
                "ObjectDesc": "Display Incidents",
                "AuthLevelId": "INSTALL",
                "AuthLevelDesc": "Installation",
                "Selected": false,
                "CurrentAuthLevel": "none",
                "TopLevel": "CCC",
                "AuthObjectGroup": "G_INCIDENT"
            },
            {
                "UserId": "S0006269249",
                "ObjectId": "READM",
                "ObjectDesc": "Display All Incidents",
                "AuthLevelId": "GLOBAL",
                "AuthLevelDesc": "Global",
                "Selected": false,
                "CurrentAuthLevel": "none",
                "TopLevel": "GLOBAL",
                "AuthObjectGroup": "G_INCIDENT"
            }
        ]
    }
}