{
  "d": {
    "results": [
      {
		"Susid": "S0021051996",
		"Name1": "Kurij",
		"Namev": "Vladimir",
		"Kunnr": "06102020",
		"Kunnrname": "Home corp.",
        "DepartmentLong": "Support Rocks",
        "SearchField": ""
      },
      {			
      	"Susid": "S0006269249",
		"Namev": "Donald",
		"Name1": "Trump",
		"Kunnr": "202418",
		"Kunnrname": "International Corp.",
        "DepartmentLong": "SuperDepartment",
        "SearchField": ""
      },
      {
		"Susid": "S32169249",
		"Namev": "Alex",
		"Name1": "Pushkin",
		"Kunnr": "202418",
		"Kunnrname": "International Corp.",
        "DepartmentLong": "SuperDepartment",
        "SearchField": ""
      },
      {
		"Susid": "S5555555",
		"Namev": "Leo",
		"Name1": "Tolstoy",
		"Kunnr": "515151",
		"Kunnrname": "International Corp. 5",
        "DepartmentLong": "SuperDepartment",
        "SearchField": ""
      }
    ]
  }
}