{
  "d": {
    "results": [
      {
        "UserId": "S0006269249",
        "UserCustNum": "202418",
        "Email": "",
        "Phone": "",
        "Dept": "",
        "FunctionId": "1SUPERADMIN_CLOUD",
        "Function": "Cloud Administrator",
        "GlobalFlag": "",
        "Ccc": "",
        "CccName": "",
        "CustNum": "",
        "CustName": "",
        "Inst": "0020182239",
        "InstName": "SAP ERP - Testinstallation - Neu___",
        "FirstName": "hrthghj",
        "LastName": "uzzi",
        "TechUserFlag": ""
      },
      {
        "UserId": "S0021051996",
        "UserCustNum": "202418",
        "Email": "",
        "Phone": "",
        "Dept": "",
        "FunctionId": "SECUCONTACT",
        "Function": "Security Contact",
        "GlobalFlag": "X",
        "Ccc": "",
        "CccName": "",
        "CustNum": "",
        "CustName": "",
        "Inst": "",
        "InstName": "",
        "FirstName": "hrthghj",
        "LastName": "uzzi",
        "TechUserFlag": ""
      },
      {
        "UserId": "S0021051996",
        "UserCustNum": "202418",
        "Email": "",
        "Phone": "",
        "Dept": "",
        "FunctionId": "USERADMIN",
        "Function": "User Administrator",
        "GlobalFlag": "",
        "Ccc": "203069",
        "CccName": "US - Test value contracts HCSM",
        "CustNum": "",
        "CustName": "",
        "Inst": "",
        "InstName": "",
        "FirstName": "hrthghj",
        "LastName": "uzzi",
        "TechUserFlag": ""
      }
    ]
  }
}