{
    "d": {
        "results": [
            {
                "Susid": "S32169249",
                "CCCNum": "203069",
                "Anred": "Mr.",
                "Namev": "Alex",
                "Name1": "Pushkin",
                "Abtpa": "Test1",
                "Erdat": "\/Date(839808000000)\/",
                "Ernam": "D022159",
                "Kunnr": "202418",
                "Kunnrname": "",
                "Kunnrstras": "",
                "UserCustName": "",
                "UserCustNum": "0000203069",
                "Parla": "EN",
                "Parlat": "",
                "Land1": "DE",
                "Land1t": "",
                "Telf1": "12324341",
                "CCCName": "Test value contracts",
                "Handy": "",
                "Ipadr": "sap.ui5@sap.com",
                "Ynemail": true,
                "Tmpzl": "",
                "Tmpzlt": "",
                "Tmptl": "12324341",
                "Tmpfx": "",
                "Dtvon": "\/Date(0)\/",
                "Dtbis": "\/Date(4070908800000)\/",
                "Ucnam": "Pushkin",
                "Ucvor": "Alex",
                "Trdat": "\/Date(1528156800000)\/",
                "Userstatus": "",
                "Authprofilestat": "",
                "AuthObject": "QUITT",
                "AuthObjectDesc": "Close Incidents",
                "Userprofilestat": "",
                "Usercriticalrole": "",
                "InstallationName": "",
                "ParlaExt": "",
                "Department": "Test1",
                "CountryOther": "",
                "CountryOtherT": "",
                "CountryTelCode": "",
                "CountryMobileCode": "",
                "Phone2": "",
                "CountryTelCode2": "",
                "CountryOther2": "",
                "Installation": "",
                "UserAuth": "",
                "AuthPackage": "22"
            },
            {
                "Susid": "S44322162",
                "CCCNum": "203069",
                "Anred": "Herr",
                "Namev": "Leo",
                "Name1": "Tolstoy",
                "Abtpa": "",
                "Erdat": "\/Date(857088000000)\/",
                "Ernam": "D022606",
                "Kunnr": "",
                "Kunnrname": "",
                "Kunnrstras": "",
                "UserCustName": "",
                "UserCustNum": "0000202418",
                "Parla": "DE",
                "Parlat": "",
                "Land1": "DE",
                "Land1t": "",
                "Telf1": "0561/5563",
                "CCCName": "Test value contracts",
                "Handy": "",
                "Ipadr": "",
                "Ynemail": false,
                "Tmpzl": "",
                "Tmpzlt": "",
                "Tmptl": "",
                "Tmpfx": "",
                "Dtvon": "\/Date(1528156800000)\/",
                "Dtbis": "\/Date(1528156800000)\/",
                "Ucnam": "Tolstoy",
                "Ucvor": "Leo",
                "Trdat": "\/Date(1528156800000)\/",
                "Userstatus": "",
                "Authprofilestat": "",
                "AuthObject": "QUITT",
                "AuthObjectDesc": "Close Incidents",
                "Userprofilestat": "",
                "Usercriticalrole": "",
                "InstallationName": "",
                "ParlaExt": "",
                "Department": "",
                "CountryOther": "",
                "CountryOtherT": "",
                "CountryTelCode": "",
                "CountryMobileCode": "",
                "Phone2": "",
                "CountryTelCode2": "",
                "CountryOther2": "",
                "Installation": "",
                "UserAuth": "",
                "AuthPackage": "22"
            },
            {
                "Susid": "S44433912",
                "CCCNum": "203069",
                "Anred": "Mr.",
                "Namev": "Test",
                "Name1": "Test",
                "Abtpa": "",
                "Erdat": "\/Date(865468800000)\/",
                "Ernam": "D022159",
                "Kunnr": "",
                "Kunnrname": "",
                "Kunnrstras": "",
                "UserCustName": "",
                "UserCustNum": "0000202418",
                "Parla": "EN",
                "Parlat": "",
                "Land1": "DE",
                "Land1t": "",
                "Telf1": "12345",
                "CCCName": "Test value contracts",
                "Handy": "",
                "Ipadr": "test@test.com",
                "Ynemail": true,
                "Tmpzl": "",
                "Tmpzlt": "",
                "Tmptl": "",
                "Tmpfx": "",
                "Dtvon": "\/Date(1528156800000)\/",
                "Dtbis": "\/Date(1528156800000)\/",
                "Ucnam": "TEST",
                "Ucvor": "TEST",
                "Trdat": "\/Date(1528156800000)\/",
                "Userstatus": "",
                "Authprofilestat": "",
                "AuthObject": "QUITT",
                "AuthObjectDesc": "Close Incidents",
                "Userprofilestat": "",
                "Usercriticalrole": "",
                "InstallationName": "",
                "ParlaExt": "",
                "Department": "",
                "CountryOther": "",
                "CountryOtherT": "",
                "CountryTelCode": "",
                "CountryMobileCode": "",
                "Phone2": "",
                "CountryTelCode2": "",
                "CountryOther2": "",
                "Installation": "",
                "UserAuth": "",
                "AuthPackage": "22"
            },
            {
                "Susid": "S7399622",
                "CCCNum": "",
                "Anred": "Mr.",
                "Namev": "Sergey",
                "Name1": "Esenin",
                "Abtpa": "",
                "Erdat": "\/Date(1090454400000)\/",
                "Ernam": "S44531159",
                "Kunnr": "202418",
                "Kunnrname": "",
                "Kunnrstras": "",
                "UserCustName": "",
                "UserCustNum": "0000202418",
                "Parla": "EN",
                "Parlat": "",
                "Land1": "DE",
                "Land1t": "",
                "Telf1": "022 544 44 44",
                "CCCName": "",
                "Handy": "",
                "Ipadr": "fiori@komp.pl",
                "Ynemail": true,
                "Tmpzl": "",
                "Tmpzlt": "",
                "Tmptl": "",
                "Tmpfx": "",
                "Dtvon": "\/Date(1528156800000)\/",
                "Dtbis": "\/Date(1528156800000)\/",
                "Ucnam": "Esenin",
                "Ucvor": "Sergey",
                "Trdat": "\/Date(1528156800000)\/",
                "Userstatus": "",
                "Authprofilestat": "",
                "AuthObject": "QUITT",
                "AuthObjectDesc": "Close Incidents",
                "Userprofilestat": "",
                "Usercriticalrole": "",
                "InstallationName": "International Corp.",
                "ParlaExt": "",
                "Department": "",
                "CountryOther": "",
                "CountryOtherT": "",
                "CountryTelCode": "",
                "CountryMobileCode": "",
                "Phone2": "",
                "CountryTelCode2": "",
                "CountryOther2": "",
                "Installation": "0020256434",
                "UserAuth": "S44433912",
                "AuthPackage": "42"
            },
            {
                "Susid": "S7399622",
                "CCCNum": "",
                "Anred": "Mr.",
                "Namev": "Sergey",
                "Name1": "Esenin",
                "Abtpa": "",
                "Erdat": "\/Date(1090454400000)\/",
                "Ernam": "S44531159",
                "Kunnr": "",
                "Kunnrname": "",
                "Kunnrstras": "",
                "UserCustName": "",
                "UserCustNum": "0000202418",
                "Parla": "EN",
                "Parlat": "",
                "Land1": "DE",
                "Land1t": "",
                "Telf1": "022 544 44 44",
                "CCCName": "",
                "Handy": "",
                "Ipadr": "fiori@komp.pl",
                "Ynemail": true,
                "Tmpzl": "",
                "Tmpzlt": "",
                "Tmptl": "",
                "Tmpfx": "",
                "Dtvon": "\/Date(1528156800000)\/",
                "Dtbis": "\/Date(1528156800000)\/",
                "Ucnam": "Esenin",
                "Ucvor": "Sergey",
                "Trdat": "\/Date(1528156800000)\/",
                "Userstatus": "",
                "Authprofilestat": "",
                "AuthObject": "QUITT",
                "AuthObjectDesc": "Close Incidents",
                "Userprofilestat": "",
                "Usercriticalrole": "",
                "InstallationName": "International Corp.",
                "ParlaExt": "",
                "Department": "",
                "CountryOther": "",
                "CountryOtherT": "",
                "CountryTelCode": "",
                "CountryMobileCode": "",
                "Phone2": "",
                "CountryTelCode2": "",
                "CountryOther2": "",
                "Installation": "0120009915",
                "UserAuth": "",
                "AuthPackage": "42"
            },
            {
                "Susid": "S7612583",
                "CCCNum": "203069",
                "Anred": "Mr.",
                "Namev": "Fyodor",
                "Name1": "Dostoevsky",
                "Abtpa": "",
                "Erdat": "\/Date(1110931200000)\/",
                "Ernam": "D044659",
                "Kunnr": "",
                "Kunnrname": "",
                "Kunnrstras": "",
                "UserCustName": "",
                "UserCustNum": "0000203069",
                "Parla": "EN",
                "Parlat": "",
                "Land1": "DE",
                "Land1t": "",
                "Telf1": "14674000",
                "CCCName": "Test value contracts",
                "Handy": "",
                "Ipadr": "support@sap.com",
                "Ynemail": false,
                "Tmpzl": "",
                "Tmpzlt": "",
                "Tmptl": "",
                "Tmpfx": "",
                "Dtvon": "\/Date(1528156800000)\/",
                "Dtbis": "\/Date(1528156800000)\/",
                "Ucnam": "Dostoevsky",
                "Ucvor": "Fyodor",
                "Trdat": "\/Date(1528156800000)\/",
                "Userstatus": "",
                "Authprofilestat": "",
                "AuthObject": "QUITT",
                "AuthObjectDesc": "Close Incidents",
                "Userprofilestat": "",
                "Usercriticalrole": "",
                "InstallationName": "",
                "ParlaExt": "",
                "Department": "",
                "CountryOther": "",
                "CountryOtherT": "",
                "CountryTelCode": "",
                "CountryMobileCode": "",
                "Phone2": "",
                "CountryTelCode2": "",
                "CountryOther2": "",
                "Installation": "",
                "UserAuth": "S7399622",
                "AuthPackage": "42"
            },
            {
                "Susid": "S7644726",
                "CCCNum": "203069",
                "Anred": "Herr",
                "Namev": "Nickolay",
                "Name1": "Nekrasov",
                "Abtpa": "",
                "Erdat": "\/Date(1114387200000)\/",
                "Ernam": "S44315119",
                "Kunnr": "",
                "Kunnrname": "",
                "Kunnrstras": "",
                "UserCustName": "",
                "UserCustNum": "0000203069",
                "Parla": "DE",
                "Parlat": "",
                "Land1": "DE",
                "Land1t": "",
                "Telf1": "06227/731967",
                "CCCName": "Test value contracts",
                "Handy": "",
                "Ipadr": "sap@sap.com",
                "Ynemail": false,
                "Tmpzl": "",
                "Tmpzlt": "",
                "Tmptl": "",
                "Tmpfx": "",
                "Dtvon": "\/Date(1528156800000)\/",
                "Dtbis": "\/Date(1528156800000)\/",
                "Ucnam": "Nekrasov",
                "Ucvor": "Nickolay",
                "Trdat": "\/Date(1528156800000)\/",
                "Userstatus": "",
                "Authprofilestat": "",
                "AuthObject": "QUITT",
                "AuthObjectDesc": "Close Incidents",
                "Userprofilestat": "",
                "Usercriticalrole": "",
                "InstallationName": "",
                "ParlaExt": "",
                "Department": "",
                "CountryOther": "",
                "CountryOtherT": "",
                "CountryTelCode": "",
                "CountryMobileCode": "",
                "Phone2": "",
                "CountryTelCode2": "",
                "CountryOther2": "",
                "Installation": "",
                "UserAuth": "S7399622",
                "AuthPackage": "42"
            },
            {
                "Susid": "S7844142",
                "CCCNum": "203069",
                "Anred": "Madame",
                "Namev": "Anna",
                "Name1": "Akhmatova",
                "Abtpa": "",
                "Erdat": "\/Date(1132790400000)\/",
                "Ernam": "S88980814",
                "Kunnr": "",
                "Kunnrname": "",
                "Kunnrstras": "",
                "UserCustName": "",
                "UserCustNum": "0000202418",
                "Parla": "FR",
                "Parlat": "",
                "Land1": "DE",
                "Land1t": "",
                "Telf1": "6227760519",
                "CCCName": "Test value contracts",
                "Handy": "",
                "Ipadr": "test@sap.com",
                "Ynemail": false,
                "Tmpzl": "",
                "Tmpzlt": "",
                "Tmptl": "",
                "Tmpfx": "",
                "Dtvon": "\/Date(1528156800000)\/",
                "Dtbis": "\/Date(1528156800000)\/",
                "Ucnam": "Akhmatova",
                "Ucvor": "Anna",
                "Trdat": "\/Date(1528156800000)\/",
                "Userstatus": "",
                "Authprofilestat": "",
                "AuthObject": "QUITT",
                "AuthObjectDesc": "Close Incidents",
                "Userprofilestat": "",
                "Usercriticalrole": "",
                "InstallationName": "",
                "ParlaExt": "",
                "Department": "",
                "CountryOther": "",
                "CountryOtherT": "",
                "CountryTelCode": "",
                "CountryMobileCode": "",
                "Phone2": "",
                "CountryTelCode2": "",
                "CountryOther2": "",
                "Installation": "",
                "UserAuth": "S0006269249",
                "AuthPackage": "54"
            },
            {
                "Susid": "S7983363",
                "CCCNum": "203069",
                "Anred": "Frau",
                "Namev": "New",
                "Name1": "Test",
                "Abtpa": "",
                "Erdat": "\/Date(1142985600000)\/",
                "Ernam": "S9322424832",
                "Kunnr": "",
                "Kunnrname": "",
                "Kunnrstras": "",
                "UserCustName": "",
                "UserCustNum": "0000203069",
                "Parla": "DE",
                "Parlat": "",
                "Land1": "DE",
                "Land1t": "",
                "Telf1": "1111",
                "CCCName": "Test value contracts",
                "Handy": "",
                "Ipadr": "test.value.contracts@sap.com",
                "Ynemail": false,
                "Tmpzl": "",
                "Tmpzlt": "",
                "Tmptl": "",
                "Tmpfx": "",
                "Dtvon": "\/Date(1528156800000)\/",
                "Dtbis": "\/Date(1528156800000)\/",
                "Ucnam": "Test",
                "Ucvor": "New",
                "Trdat": "\/Date(1528156800000)\/",
                "Userstatus": "",
                "Authprofilestat": "",
                "AuthObject": "QUITT",
                "AuthObjectDesc": "Close Incidents",
                "Userprofilestat": "",
                "Usercriticalrole": "",
                "InstallationName": "",
                "ParlaExt": "",
                "Department": "",
                "CountryOther": "",
                "CountryOtherT": "",
                "CountryTelCode": "",
                "CountryMobileCode": "",
                "Phone2": "",
                "CountryTelCode2": "",
                "CountryOther2": "",
                "Installation": "",
                "UserAuth": "",
                "AuthPackage": "54"
            },
            {
                "Susid": "S9324117993",
                "CCCNum": "203069",
                "Anred": "",
                "Namev": "ERP",
                "Name1": "Create CP without auth.",
                "Abtpa": "",
                "Erdat": "\/Date(1168905600000)\/",
                "Ernam": "S44315119",
                "Kunnr": "",
                "Kunnrname": "",
                "Kunnrstras": "",
                "UserCustName": "",
                "UserCustNum": "0000203069",
                "Parla": "EN",
                "Parlat": "",
                "Land1": "DE",
                "Land1t": "",
                "Telf1": "1000000",
                "CCCName": "Test value contracts",
                "Handy": "",
                "Ipadr": "dev@sap.com",
                "Ynemail": false,
                "Tmpzl": "",
                "Tmpzlt": "",
                "Tmptl": "554555555",
                "Tmpfx": "6666666666",
                "Dtvon": "\/Date(1168905600000)\/",
                "Dtbis": "\/Date(4102358400000)\/",
                "Ucnam": "CREATE CP WITHOUT AUTH.",
                "Ucvor": "ERP",
                "Trdat": "\/Date(1528156800000)\/",
                "Userstatus": "",
                "Authprofilestat": "",
                "AuthObject": "QUITT",
                "AuthObjectDesc": "Close Incidents",
                "Userprofilestat": "",
                "Usercriticalrole": "",
                "InstallationName": "",
                "ParlaExt": "",
                "Department": "",
                "CountryOther": "",
                "CountryOtherT": "",
                "CountryTelCode": "",
                "CountryMobileCode": "",
                "Phone2": "",
                "CountryTelCode2": "",
                "CountryOther2": "",
                "Installation": "",
                "UserAuth": "",
                "AuthPackage": "54"
            },
            {
                "Susid": "S9325114148",
                "CCCNum": "203069",
                "Anred": "Mr.",
                "Namev": "SIAM Test5",
                "Name1": "GBO ITS CX",
                "Abtpa": "NONE",
                "Erdat": "\/Date(1519603200000)\/",
                "Ernam": "D932622",
                "Kunnr": "203069",
                "Kunnrname": "Test value contracts",
                "Kunnrstras": "",
                "UserCustName": "",
                "UserCustNum": "0000203069",
                "Parla": "EN",
                "Parlat": "",
                "Land1": "DE",
                "Land1t": "",
                "Telf1": "",
                "CCCName": "Test value contracts",
                "Handy": "",
                "Ipadr": "test@sap.com",
                "Ynemail": false,
                "Tmpzl": "",
                "Tmpzlt": "",
                "Tmptl": "",
                "Tmpfx": "",
                "Dtvon": "\/Date(0)\/",
                "Dtbis": "\/Date(4070908800000)\/",
                "Ucnam": "GBO ITS CX",
                "Ucvor": "SIAM TEST5",
                "Trdat": "\/Date(1528156800000)\/",
                "Userstatus": "",
                "Authprofilestat": "",
                "AuthObject": "QUITT",
                "AuthObjectDesc": "Close Incidents",
                "Userprofilestat": "",
                "Usercriticalrole": "",
                "InstallationName": "",
                "ParlaExt": "",
                "Department": "NONE",
                "CountryOther": "",
                "CountryOtherT": "",
                "CountryTelCode": "",
                "CountryMobileCode": "",
                "Phone2": "",
                "CountryTelCode2": "",
                "CountryOther2": "",
                "Installation": "",
                "UserAuth": "",
                "AuthPackage": "54"
            },
            {
                "Susid": "S9325114148",
                "CCCNum": "",
                "Anred": "Mr.",
                "Namev": "SIAM Test5",
                "Name1": "GBO ITS CX",
                "Abtpa": "NONE",
                "Erdat": "\/Date(1519603200000)\/",
                "Ernam": "D932622",
                "Kunnr": "203069",
                "Kunnrname": "Test value contracts",
                "Kunnrstras": "",
                "UserCustName": "",
                "UserCustNum": "0000203069",
                "Parla": "EN",
                "Parlat": "",
                "Land1": "DE",
                "Land1t": "",
                "Telf1": "",
                "CCCName": "",
                "Handy": "",
                "Ipadr": "test@sap.com",
                "Ynemail": false,
                "Tmpzl": "",
                "Tmpzlt": "",
                "Tmptl": "",
                "Tmpfx": "",
                "Dtvon": "\/Date(0)\/",
                "Dtbis": "\/Date(4070908800000)\/",
                "Ucnam": "GBO ITS CX",
                "Ucvor": "SIAM TEST5",
                "Trdat": "\/Date(1528156800000)\/",
                "Userstatus": "",
                "Authprofilestat": "",
                "AuthObject": "QUITT",
                "AuthObjectDesc": "Close Incidents",
                "Userprofilestat": "",
                "Usercriticalrole": "",
                "InstallationName": "",
                "ParlaExt": "",
                "Department": "NONE",
                "CountryOther": "",
                "CountryOtherT": "",
                "CountryTelCode": "",
                "CountryMobileCode": "",
                "Phone2": "",
                "CountryTelCode2": "",
                "CountryOther2": "",
                "Installation": "",
                "UserAuth": "",
                "AuthPackage": "54"
            },
            {
                "Susid": "S9325961472",
                "CCCNum": "203069",
                "Anred": "Ms.",
                "Namev": "testspar",
                "Name1": "testsave",
                "Abtpa": "",
                "Erdat": "\/Date(1346803200000)\/",
                "Ernam": "S44315119",
                "Kunnr": "",
                "Kunnrname": "",
                "Kunnrstras": "",
                "UserCustName": "",
                "UserCustNum": "0000203069",
                "Parla": "EN",
                "Parlat": "",
                "Land1": "DE",
                "Land1t": "",
                "Telf1": "123",
                "CCCName": "Test value contracts",
                "Handy": "",
                "Ipadr": "test77@sap.com",
                "Ynemail": false,
                "Tmpzl": "",
                "Tmpzlt": "",
                "Tmptl": "7777777444",
                "Tmpfx": "",
                "Dtvon": "\/Date(1440979200000)\/",
                "Dtbis": "\/Date(4102358400000)\/",
                "Ucnam": "TESTSAVE",
                "Ucvor": "TESTSPAR",
                "Trdat": "\/Date(1528156800000)\/",
                "Userstatus": "",
                "Authprofilestat": "",
                "AuthObject": "QUITT",
                "AuthObjectDesc": "Close Incidents",
                "Userprofilestat": "",
                "Usercriticalrole": "",
                "InstallationName": "",
                "ParlaExt": "",
                "Department": "",
                "CountryOther": "",
                "CountryOtherT": "",
                "CountryTelCode": "",
                "CountryMobileCode": "",
                "Phone2": "",
                "CountryTelCode2": "",
                "CountryOther2": "",
                "Installation": "",
                "UserAuth": "",
                "AuthPackage": "54"
            },
            {
                "Susid": "S9325964570",
                "CCCNum": "203069",
                "Anred": "Mr.",
                "Namev": "test",
                "Name1": "test",
                "Abtpa": "",
                "Erdat": "\/Date(1395964800000)\/",
                "Ernam": "S44311719",
                "Kunnr": "",
                "Kunnrname": "",
                "Kunnrstras": "",
                "UserCustName": "",
                "UserCustNum": "0000202418",
                "Parla": "FR",
                "Parlat": "",
                "Land1": "DE",
                "Land1t": "",
                "Telf1": "23423477722",
                "CCCName": "Test value contracts",
                "Handy": "",
                "Ipadr": "prod@sap.com",
                "Ynemail": false,
                "Tmpzl": "",
                "Tmpzlt": "",
                "Tmptl": "78978979",
                "Tmpfx": "",
                "Dtvon": "\/Date(0)\/",
                "Dtbis": "\/Date(4070908800000)\/",
                "Ucnam": "TEST",
                "Ucvor": "TEST",
                "Trdat": "\/Date(1528156800000)\/",
                "Userstatus": "",
                "Authprofilestat": "",
                "AuthObject": "QUITT",
                "AuthObjectDesc": "Close Incidents",
                "Userprofilestat": "",
                "Usercriticalrole": "",
                "InstallationName": "",
                "ParlaExt": "",
                "Department": "",
                "CountryOther": "",
                "CountryOtherT": "",
                "CountryTelCode": "",
                "CountryMobileCode": "",
                "Phone2": "",
                "CountryTelCode2": "",
                "CountryOther2": "",
                "Installation": "",
                "UserAuth": "",
                "AuthPackage": "54"
            },
            {
                "Susid": "S1266262",
                "CCCNum": "",
                "Anred": "Mr.",
                "Namev": "Name",
                "Name1": "Surname",
                "Abtpa": "",
                "Erdat": "\/Date(1444089600000)\/",
                "Ernam": "S44315119",
                "Kunnr": "202420",
                "Kunnrname": "test cust. #3.",
                "Kunnrstras": "",
                "UserCustName": "",
                "UserCustNum": "0000202418",
                "Parla": "ZH",
                "Parlat": "",
                "Land1": "DE",
                "Land1t": "",
                "Telf1": "12345",
                "CCCName": "",
                "Handy": "",
                "Ipadr": "sap.ui5@sap.com",
                "Ynemail": false,
                "Tmpzl": "",
                "Tmpzlt": "",
                "Tmptl": "12345",
                "Tmpfx": "",
                "Dtvon": "\/Date(0)\/",
                "Dtbis": "\/Date(4070908800000)\/",
                "Ucnam": "Surname",
                "Ucvor": "Name",
                "Trdat": "\/Date(1528156800000)\/",
                "Userstatus": "",
                "Authprofilestat": "",
                "AuthObject": "QUITT",
                "AuthObjectDesc": "Close Incidents",
                "Userprofilestat": "",
                "Usercriticalrole": "",
                "InstallationName": "",
                "ParlaExt": "",
                "Department": "",
                "CountryOther": "",
                "CountryOtherT": "",
                "CountryTelCode": "",
                "CountryMobileCode": "",
                "Phone2": "",
                "CountryTelCode2": "",
                "CountryOther2": "",
                "Installation": "",
                "UserAuth": "",
                "AuthPackage": "64"
            },
            {
                "Susid": "S1266278",
                "CCCNum": "203069",
                "Anred": "",
                "Namev": "User",
                "Name1": "Test",
                "Abtpa": "Test14",
                "Erdat": "\/Date(1444089600000)\/",
                "Ernam": "S44315119",
                "Kunnr": "",
                "Kunnrname": "",
                "Kunnrstras": "",
                "UserCustName": "",
                "UserCustNum": "0000202418",
                "Parla": "ZH",
                "Parlat": "",
                "Land1": "DE",
                "Land1t": "",
                "Telf1": "45454",
                "CCCName": "Test value contracts",
                "Handy": "",
                "Ipadr": "test-user@gmail.com",
                "Ynemail": false,
                "Tmpzl": "",
                "Tmpzlt": "",
                "Tmptl": "",
                "Tmpfx": "",
                "Dtvon": "\/Date(1528156800000)\/",
                "Dtbis": "\/Date(1528156800000)\/",
                "Ucnam": "Test",
                "Ucvor": "User",
                "Trdat": "\/Date(1528156800000)\/",
                "Userstatus": "",
                "Authprofilestat": "",
                "AuthObject": "QUITT",
                "AuthObjectDesc": "Close Incidents",
                "Userprofilestat": "",
                "Usercriticalrole": "",
                "InstallationName": "",
                "ParlaExt": "",
                "Department": "Test14",
                "CountryOther": "",
                "CountryOtherT": "",
                "CountryTelCode": "",
                "CountryMobileCode": "",
                "Phone2": "",
                "CountryTelCode2": "",
                "CountryOther2": "",
                "Installation": "",
                "UserAuth": "",
                "AuthPackage": "64"
            },
            {
                "Susid": "S1266279",
                "CCCNum": "203069",
                "Anred": "",
                "Namev": "SAP",
                "Name1": "SAP",
                "Abtpa": "Test12",
                "Erdat": "\/Date(1444089600000)\/",
                "Ernam": "S44315119",
                "Kunnr": "",
                "Kunnrname": "",
                "Kunnrstras": "",
                "UserCustName": "",
                "UserCustNum": "0000202418",
                "Parla": "EN",
                "Parlat": "",
                "Land1": "DE",
                "Land1t": "",
                "Telf1": "87878",
                "CCCName": "Test value contracts",
                "Handy": "",
                "Ipadr": "phone@gmail.com",
                "Ynemail": false,
                "Tmpzl": "",
                "Tmpzlt": "",
                "Tmptl": "",
                "Tmpfx": "",
                "Dtvon": "\/Date(0)\/",
                "Dtbis": "\/Date(4070908800000)\/",
                "Ucnam": "SAP",
                "Ucvor": "SAP",
                "Trdat": "\/Date(1528156800000)\/",
                "Userstatus": "",
                "Authprofilestat": "",
                "AuthObject": "QUITT",
                "AuthObjectDesc": "Close Incidents",
                "Userprofilestat": "",
                "Usercriticalrole": "",
                "InstallationName": "",
                "ParlaExt": "",
                "Department": "Test12",
                "CountryOther": "",
                "CountryOtherT": "",
                "CountryTelCode": "",
                "CountryMobileCode": "",
                "Phone2": "",
                "CountryTelCode2": "",
                "CountryOther2": "",
                "Installation": "",
                "UserAuth": "",
                "AuthPackage": "64"
            },
            {
                "Susid": "S1266297",
                "CCCNum": "203069",
                "Anred": "",
                "Namev": "Close",
                "Name1": "Incidents",
                "Abtpa": "Test5",
                "Erdat": "\/Date(1444089600000)\/",
                "Ernam": "S44315119",
                "Kunnr": "",
                "Kunnrname": "",
                "Kunnrstras": "",
                "UserCustName": "",
                "UserCustNum": "0000202418",
                "Parla": "ZH",
                "Parlat": "",
                "Land1": "DE",
                "Land1t": "",
                "Telf1": "12345",
                "CCCName": "Test value contracts",
                "Handy": "",
                "Ipadr": "close.inc@gmail.com",
                "Ynemail": false,
                "Tmpzl": "",
                "Tmpzlt": "",
                "Tmptl": "",
                "Tmpfx": "",
                "Dtvon": "\/Date(1528156800000)\/",
                "Dtbis": "\/Date(1528156800000)\/",
                "Ucnam": "Incidents",
                "Ucvor": "Close",
                "Trdat": "\/Date(1528156800000)\/",
                "Userstatus": "",
                "Authprofilestat": "",
                "AuthObject": "QUITT",
                "AuthObjectDesc": "Close Incidents",
                "Userprofilestat": "",
                "Usercriticalrole": "",
                "InstallationName": "",
                "ParlaExt": "",
                "Department": "Test5",
                "CountryOther": "",
                "CountryOtherT": "",
                "CountryTelCode": "",
                "CountryMobileCode": "",
                "Phone2": "",
                "CountryTelCode2": "",
                "CountryOther2": "",
                "Installation": "",
                "UserAuth": "",
                "AuthPackage": "TEST PROTECTED"
            },
            {
                "Susid": "S1266298",
                "CCCNum": "203069",
                "Anred": "Mr.",
                "Namev": "SAP",
                "Name1": "Customer",
                "Abtpa": "Test4",
                "Erdat": "\/Date(1444089600000)\/",
                "Ernam": "S44315119",
                "Kunnr": "202418",
                "Kunnrname": "",
                "Kunnrstras": "",
                "UserCustName": "",
                "UserCustNum": "0000202418",
                "Parla": "DE",
                "Parlat": "",
                "Land1": "DE",
                "Land1t": "",
                "Telf1": "",
                "CCCName": "Test value contracts",
                "Handy": "",
                "Ipadr": "cust@yahoo.com",
                "Ynemail": false,
                "Tmpzl": "",
                "Tmpzlt": "",
                "Tmptl": "",
                "Tmpfx": "",
                "Dtvon": "\/Date(0)\/",
                "Dtbis": "\/Date(4070908800000)\/",
                "Ucnam": "Customer",
                "Ucvor": "SAP",
                "Trdat": "\/Date(1528156800000)\/",
                "Userstatus": "",
                "Authprofilestat": "",
                "AuthObject": "QUITT",
                "AuthObjectDesc": "Close Incidents",
                "Userprofilestat": "",
                "Usercriticalrole": "",
                "InstallationName": "",
                "ParlaExt": "",
                "Department": "Test4",
                "CountryOther": "",
                "CountryOtherT": "",
                "CountryTelCode": "",
                "CountryMobileCode": "",
                "Phone2": "",
                "CountryTelCode2": "",
                "CountryOther2": "",
                "Installation": "",
                "UserAuth": "",
                "AuthPackage": ""
            },
            {
                "Susid": "S1266302",
                "CCCNum": "",
                "Anred": "Mr.",
                "Namev": "Customer",
                "Name1": "Service",
                "Abtpa": "Test3",
                "Erdat": "\/Date(1444089600000)\/",
                "Ernam": "S44315119",
                "Kunnr": "202419",
                "Kunnrname": "SAPNet R/3-Frontend Test custo",
                "Kunnrstras": "",
                "UserCustName": "",
                "UserCustNum": "0000202419",
                "Parla": "DE",
                "Parlat": "",
                "Land1": "DE",
                "Land1t": "",
                "Telf1": "12345",
                "CCCName": "",
                "Handy": "",
                "Ipadr": "saps4hana@yahoo.com",
                "Ynemail": false,
                "Tmpzl": "",
                "Tmpzlt": "",
                "Tmptl": "",
                "Tmpfx": "",
                "Dtvon": "\/Date(0)\/",
                "Dtbis": "\/Date(4070908800000)\/",
                "Ucnam": "Service",
                "Ucvor": "Customer",
                "Trdat": "\/Date(1528156800000)\/",
                "Userstatus": "",
                "Authprofilestat": "",
                "AuthObject": "QUITT",
                "AuthObjectDesc": "Close Incidents",
                "Userprofilestat": "",
                "Usercriticalrole": "",
                "InstallationName": "",
                "ParlaExt": "",
                "Department": "Test3",
                "CountryOther": "",
                "CountryOtherT": "",
                "CountryTelCode": "",
                "CountryMobileCode": "",
                "Phone2": "",
                "CountryTelCode2": "",
                "CountryOther2": "",
                "Installation": "",
                "UserAuth": "",
                "AuthPackage": ""
            },
            {
                "Susid": "S1266305",
                "CCCNum": "203069",
                "Anred": "Mr.",
                "Namev": "Fiori",
                "Name1": "DEV",
                "Abtpa": "Test10",
                "Erdat": "\/Date(1444089600000)\/",
                "Ernam": "S44315119",
                "Kunnr": "202419",
                "Kunnrname": "",
                "Kunnrstras": "",
                "UserCustName": "",
                "UserCustNum": "0000202418",
                "Parla": "EN",
                "Parlat": "",
                "Land1": "DE",
                "Land1t": "",
                "Telf1": "",
                "CCCName": "Test value contracts",
                "Handy": "",
                "Ipadr": "test500@itchanne.asia",
                "Ynemail": false,
                "Tmpzl": "",
                "Tmpzlt": "",
                "Tmptl": "",
                "Tmpfx": "",
                "Dtvon": "\/Date(0)\/",
                "Dtbis": "\/Date(4070908800000)\/",
                "Ucnam": "DEV",
                "Ucvor": "Fiori",
                "Trdat": "\/Date(1528156800000)\/",
                "Userstatus": "",
                "Authprofilestat": "",
                "AuthObject": "QUITT",
                "AuthObjectDesc": "Close Incidents",
                "Userprofilestat": "",
                "Usercriticalrole": "",
                "InstallationName": "",
                "ParlaExt": "",
                "Department": "Test10",
                "CountryOther": "",
                "CountryOtherT": "",
                "CountryTelCode": "",
                "CountryMobileCode": "",
                "Phone2": "",
                "CountryTelCode2": "",
                "CountryOther2": "",
                "Installation": "",
                "UserAuth": "",
                "AuthPackage": ""
            },
            {
                "Susid": "S1266310",
                "CCCNum": "203069",
                "Anred": "Mr",
                "Namev": "Support",
                "Name1": "Shell",
                "Abtpa": "",
                "Erdat": "\/Date(1444089600000)\/",
                "Ernam": "S44315119",
                "Kunnr": "",
                "Kunnrname": "",
                "Kunnrstras": "",
                "UserCustName": "",
                "UserCustNum": "0000202418",
                "Parla": "ET",
                "Parlat": "",
                "Land1": "DE",
                "Land1t": "",
                "Telf1": "777777",
                "CCCName": "Test value contracts",
                "Handy": "123457",
                "Ipadr": "shell@google.com",
                "Ynemail": false,
                "Tmpzl": "",
                "Tmpzlt": "",
                "Tmptl": "123457",
                "Tmpfx": "",
                "Dtvon": "\/Date(0)\/",
                "Dtbis": "\/Date(4070908800000)\/",
                "Ucnam": "Shell",
                "Ucvor": "Support",
                "Trdat": "\/Date(1528156800000)\/",
                "Userstatus": "",
                "Authprofilestat": "",
                "AuthObject": "QUITT",
                "AuthObjectDesc": "Close Incidents",
                "Userprofilestat": "",
                "Usercriticalrole": "",
                "InstallationName": "International Corp.",
                "ParlaExt": "",
                "Department": "",
                "CountryOther": "",
                "CountryOtherT": "",
                "CountryTelCode": "",
                "CountryMobileCode": "",
                "Phone2": "",
                "CountryTelCode2": "",
                "CountryOther2": "",
                "Installation": "0120009915",
                "UserAuth": "",
                "AuthPackage": ""
            },
            {
                "Susid": "S1266340",
                "CCCNum": "",
                "Anred": "",
                "Namev": "Shell",
                "Name1": "Router",
                "Abtpa": "",
                "Erdat": "\/Date(1444089600000)\/",
                "Ernam": "S44315119",
                "Kunnr": "202418",
                "Kunnrname": "International Corp.",
                "Kunnrstras": "",
                "UserCustName": "",
                "UserCustNum": "0000203069",
                "Parla": "ZH",
                "Parlat": "",
                "Land1": "DE",
                "Land1t": "",
                "Telf1": "159",
                "CCCName": "",
                "Handy": "",
                "Ipadr": "shell@google.com",
                "Ynemail": false,
                "Tmpzl": "",
                "Tmpzlt": "",
                "Tmptl": "658",
                "Tmpfx": "",
                "Dtvon": "\/Date(0)\/",
                "Dtbis": "\/Date(4102358400000)\/",
                "Ucnam": "Router",
                "Ucvor": "Shell",
                "Trdat": "\/Date(1528156800000)\/",
                "Userstatus": "",
                "Authprofilestat": "",
                "AuthObject": "QUITT",
                "AuthObjectDesc": "Close Incidents",
                "Userprofilestat": "",
                "Usercriticalrole": "",
                "InstallationName": "Installation test",
                "ParlaExt": "",
                "Department": "",
                "CountryOther": "",
                "CountryOtherT": "",
                "CountryTelCode": "",
                "CountryMobileCode": "",
                "Phone2": "",
                "CountryTelCode2": "",
                "CountryOther2": "",
                "Installation": "0020256446",
                "UserAuth": "",
                "AuthPackage": ""
            },
            {
                "Susid": "S1269251",
                "CCCNum": "203069",
                "Anred": "Ms.",
                "Namev": "SAP",
                "Name1": "Support",
                "Abtpa": "Test",
                "Erdat": "\/Date(1457481600000)\/",
                "Ernam": "S44315119",
                "Kunnr": "",
                "Kunnrname": "",
                "Kunnrstras": "",
                "UserCustName": "",
                "UserCustNum": "0000202418",
                "Parla": "BG",
                "Parlat": "",
                "Land1": "DE",
                "Land1t": "",
                "Telf1": "89878979897878",
                "CCCName": "Test value contracts",
                "Handy": "",
                "Ipadr": "sap.ui5@sap.com",
                "Ynemail": false,
                "Tmpzl": "",
                "Tmpzlt": "",
                "Tmptl": "89878979897878",
                "Tmpfx": "",
                "Dtvon": "\/Date(0)\/",
                "Dtbis": "\/Date(4070908800000)\/",
                "Ucnam": "Support",
                "Ucvor": "SAP",
                "Trdat": "\/Date(1528156800000)\/",
                "Userstatus": "",
                "Authprofilestat": "",
                "AuthObject": "QUITT",
                "AuthObjectDesc": "Close Incidents",
                "Userprofilestat": "",
                "Usercriticalrole": "",
                "InstallationName": "",
                "ParlaExt": "",
                "Department": "Test",
                "CountryOther": "",
                "CountryOtherT": "",
                "CountryTelCode": "",
                "CountryMobileCode": "",
                "Phone2": "",
                "CountryTelCode2": "",
                "CountryOther2": "",
                "Installation": "",
                "UserAuth": "",
                "AuthPackage": ""
            },
            {
                "Susid": "S1269252",
                "CCCNum": "",
                "Anred": "Mr.",
                "Namev": "Web",
                "Name1": "IDE",
                "Abtpa": "",
                "Erdat": "\/Date(1459123200000)\/",
                "Ernam": "S44315119",
                "Kunnr": "202418",
                "Kunnrname": "International Corp.",
                "Kunnrstras": "",
                "UserCustName": "",
                "UserCustNum": "0000202419",
                "Parla": "EN",
                "Parlat": "",
                "Land1": "DE",
                "Land1t": "",
                "Telf1": "7878778",
                "CCCName": "",
                "Handy": "",
                "Ipadr": "sap@yahoo.com",
                "Ynemail": false,
                "Tmpzl": "",
                "Tmpzlt": "",
                "Tmptl": "7878778",
                "Tmpfx": "",
                "Dtvon": "\/Date(0)\/",
                "Dtbis": "\/Date(4070908800000)\/",
                "Ucnam": "IDE",
                "Ucvor": "Web",
                "Trdat": "\/Date(1528156800000)\/",
                "Userstatus": "",
                "Authprofilestat": "",
                "AuthObject": "QUITT",
                "AuthObjectDesc": "Close Incidents",
                "Userprofilestat": "",
                "Usercriticalrole": "",
                "InstallationName": "Installation test",
                "ParlaExt": "",
                "Department": "",
                "CountryOther": "",
                "CountryOtherT": "",
                "CountryTelCode": "",
                "CountryMobileCode": "",
                "Phone2": "",
                "CountryTelCode2": "",
                "CountryOther2": "",
                "Installation": "0020256446",
                "UserAuth": "",
                "AuthPackage": ""
            },
            {
                "Susid": "S1269252",
                "CCCNum": "203069",
                "Anred": "Mr.",
                "Namev": "Web",
                "Name1": "IDE",
                "Abtpa": "",
                "Erdat": "\/Date(1459123200000)\/",
                "Ernam": "S44315119",
                "Kunnr": "",
                "Kunnrname": "",
                "Kunnrstras": "",
                "UserCustName": "",
                "UserCustNum": "0000202419",
                "Parla": "EN",
                "Parlat": "",
                "Land1": "DE",
                "Land1t": "",
                "Telf1": "7878778",
                "CCCName": "Test value contracts",
                "Handy": "",
                "Ipadr": "sap@yahoo.com",
                "Ynemail": false,
                "Tmpzl": "",
                "Tmpzlt": "",
                "Tmptl": "7878778",
                "Tmpfx": "",
                "Dtvon": "\/Date(0)\/",
                "Dtbis": "\/Date(4070908800000)\/",
                "Ucnam": "IDE",
                "Ucvor": "Web",
                "Trdat": "\/Date(1528156800000)\/",
                "Userstatus": "",
                "Authprofilestat": "",
                "AuthObject": "QUITT",
                "AuthObjectDesc": "Close Incidents",
                "Userprofilestat": "",
                "Usercriticalrole": "",
                "InstallationName": "",
                "ParlaExt": "",
                "Department": "",
                "CountryOther": "",
                "CountryOtherT": "",
                "CountryTelCode": "",
                "CountryMobileCode": "",
                "Phone2": "",
                "CountryTelCode2": "",
                "CountryOther2": "",
                "Installation": "",
                "UserAuth": "",
                "AuthPackage": ""
            },
            {
                "Susid": "S0017324452",
                "CCCNum": "203069",
                "Anred": "Ms.",
                "Namev": "Test",
                "Name1": "Report",
                "Abtpa": "",
                "Erdat": "\/Date(1498608000000)\/",
                "Ernam": "D932622",
                "Kunnr": "",
                "Kunnrname": "",
                "Kunnrstras": "",
                "UserCustName": "",
                "UserCustNum": "0000202418",
                "Parla": "EN",
                "Parlat": "",
                "Land1": "DE",
                "Land1t": "",
                "Telf1": "123",
                "CCCName": "Test value contracts",
                "Handy": "",
                "Ipadr": "test@test.te",
                "Ynemail": false,
                "Tmpzl": "",
                "Tmpzlt": "",
                "Tmptl": "123",
                "Tmpfx": "",
                "Dtvon": "\/Date(0)\/",
                "Dtbis": "\/Date(4070908800000)\/",
                "Ucnam": "Report",
                "Ucvor": "Test",
                "Trdat": "\/Date(1528156800000)\/",
                "Userstatus": "",
                "Authprofilestat": "",
                "AuthObject": "QUITT",
                "AuthObjectDesc": "Close Incidents",
                "Userprofilestat": "",
                "Usercriticalrole": "",
                "InstallationName": "",
                "ParlaExt": "",
                "Department": "",
                "CountryOther": "",
                "CountryOtherT": "",
                "CountryTelCode": "",
                "CountryMobileCode": "",
                "Phone2": "",
                "CountryTelCode2": "",
                "CountryOther2": "",
                "Installation": "",
                "UserAuth": "",
                "AuthPackage": "22"
            },
            {
                "Susid": "S32169249",
                "CCCNum": "203069",
                "Anred": "Mr.",
                "Namev": "Alex",
                "Name1": "Pushkin",
                "Abtpa": "Test1",
                "Erdat": "\/Date(839808000000)\/",
                "Ernam": "D022159",
                "Kunnr": "",
                "Kunnrname": "",
                "Kunnrstras": "",
                "UserCustName": "",
                "UserCustNum": "0000203069",
                "Parla": "EN",
                "Parlat": "",
                "Land1": "DE",
                "Land1t": "",
                "Telf1": "12324341",
                "CCCName": "Test value contracts",
                "Handy": "",
                "Ipadr": "sap.ui5@sap.com",
                "Ynemail": true,
                "Tmpzl": "",
                "Tmpzlt": "",
                "Tmptl": "12324341",
                "Tmpfx": "",
                "Dtvon": "\/Date(0)\/",
                "Dtbis": "\/Date(4070908800000)\/",
                "Ucnam": "Pushkin",
                "Ucvor": "Alex",
                "Trdat": "\/Date(1528156800000)\/",
                "Userstatus": "",
                "Authprofilestat": "",
                "AuthObject": "QUITT",
                "AuthObjectDesc": "Close Incidents",
                "Userprofilestat": "",
                "Usercriticalrole": "",
                "InstallationName": "",
                "ParlaExt": "",
                "Department": "Test1",
                "CountryOther": "",
                "CountryOtherT": "",
                "CountryTelCode": "",
                "CountryMobileCode": "",
                "Phone2": "",
                "CountryTelCode2": "",
                "CountryOther2": "",
                "Installation": "",
                "UserAuth": "",
                "AuthPackage": "42"
            },
            {
                "Susid": "S0006269249",
                "CCCNum": "203069",
                "Anred": "Mr.",
                "Namev": "Donald",
                "Name1": "Trump",
                "Abtpa": "Test1",
                "Erdat": "\/Date(839808000000)\/",
                "Ernam": "D022159",
                "Kunnr": "",
                "Kunnrname": "",
                "Kunnrstras": "",
                "UserCustName": "",
                "UserCustNum": "0000203069",
                "Parla": "EN",
                "Parlat": "",
                "Land1": "DE",
                "Land1t": "",
                "Telf1": "12324341",
                "CCCName": "Test value contracts",
                "Handy": "",
                "Ipadr": "sap.ui5@sap.com",
                "Ynemail": true,
                "Tmpzl": "",
                "Tmpzlt": "",
                "Tmptl": "12324341",
                "Tmpfx": "",
                "Dtvon": "\/Date(0)\/",
                "Dtbis": "\/Date(4070908800000)\/",
                "Ucnam": "Pushkin",
                "Ucvor": "Alex",
                "Trdat": "\/Date(1528156800000)\/",
                "Userstatus": "",
                "Authprofilestat": "",
                "AuthObject": "QUITT",
                "AuthObjectDesc": "Close Incidents",
                "Userprofilestat": "",
                "Usercriticalrole": "",
                "InstallationName": "",
                "ParlaExt": "",
                "Department": "Test1",
                "CountryOther": "",
                "CountryOtherT": "",
                "CountryTelCode": "",
                "CountryMobileCode": "",
                "Phone2": "",
                "CountryTelCode2": "",
                "CountryOther2": "",
                "Installation": "",
                "UserAuth": "",
                "AuthPackage": "42"
            }
        ]
    }
}
