{
    "d": {
        "results": [
            {
				"CustName": "Test value contracts",
				"CustNum": "203069",
				"UserId": "S0006269249",
				"UserName": "Donald Trump"
            },
            {
				"CustName": "Test value contracts",
				"CustNum": "203069",
				"UserId": "S44433912",
				"UserName": "Test Test"
            },
            {
            	"CustName": "test cust. #3.",
                "CustNum": "202420",
            	"UserId":"S7399622",
            	"UserName": "Sergey Esenin"
            }
        ]
    }
}