[
    {
        "name": "case",
        "title": "Display a Case",
        "attributes": [
            "pointer"
        ],
        "frameType": "inline",
        "frameParameters": "replace",
        "frame": "https://launchpad.support.sap.com/?sap-support-headless=true#/incident/pointer/{pointer}"
    },
    {
        "name": "allcasestest",
        "title": "All Cases Test Connection",
        "attributes": [],
        "frameType": "inline",
        "frameParameters": "replace",
        "frame": "https://supportshell-tnxd3nxr8c.dispatcher.int.sap.eu2.hana.ondemand.com/?sap-support-headless=true#/incident/smp/status/5,N,3"
    },
    {
        "name": "allcasesdev",
        "title": "All Cases DEV Connection",
        "attributes": [],
        "frameType": "inline",
        "frameParameters": "replace",
        "frame": "https://supportshell-dgq5qdz5dm.dispatcher.int.sap.eu2.hana.ondemand.com/?sap-support-headless=true#/incident/smp/status/5,N,3"
    },
    {
        "name": "allcases",
        "title": "Display All Cases",
        "attributes": [],
        "frameType": "inline",
        "frameParameters": "replace",
        "frame": "https://launchpad.support.sap.com/?sap-support-headless=true#/incident/smp/status/5,N,3"
    },
    {
        "name": "caselist",
        "title": "Case List",
        "attributes": [
            "p1",
            "p2",
            "p3",
            "p4"
        ],
        "frameType": "inline",
        "frameParameters": "replace",
        "frame": "https://launchpad.support.sap.com/?sap-support-headless=true#/{p1}/{p2}/{p3}/{p4}"
    },
    {
        "name": "supportcomponent",
        "title": "Support Component",
        "component": "sap.me.apps.support",
        "attributes": [],
        "initialize": {
            "extensions": {}
        }
    },
    {
        "name": "cl",
        "title": "Case List ",
        "initialize": {
            "extensions": {},
            "libraries": [],
            "modules": []
        },
        "component": "sap.me.apps.support",
        "attributes": [],
        "exportToTransport": true
    },
    {
        "name": "newcl",
        "title": "Case List ",
        "initialize": {
            "extensions": {},
            "libraries": [],
            "modules": []
        },
        "component": "sap.me.apps.supportnewcl",
        "attributes": [],
        "exportToTransport": true
    },
    {
        "name": "getsupport",
        "title": "Get Support",
        "initialize": {
            "extensions": {},
            "libraries": [],
            "modules": []
        },
        "component": "sap.me.apps.supportgetsupport",
        "attributes": [],
        "exportToTransport": true
    }
]