{
    "ID": "000000000589272",
    "ContactDescription": "SAP Cloud SystemRole dfsdfsdf fsfsfsdsdfsdf dsfsdf SAP Cloud SystemRole dfsdfsdf fsfsfsdsdfsdf dsfsdf SAP Cloud SystemRole dfsdfsdf fsfsfsdsdfsdf dsfsdf SAP Cloud SystemRole dfsdfsdf fsfsfsdsdfsdf dsfsdf SAP Cloud SystemRole dfsdfsdf fsfsfsdsdfsdf dsfsdf",
    "ShippingTo": "740164564 / Test",
    "ServicePeriodFrom": "2020-01-11",
    "ServicePeriodTo": "2020-01-11",
    "ContactId": "123456",
    "ContactName": "Test Contact",
    "LicenseMaterials": "12",
    "Systems": "20",
    "TotalDays": 214,
    "DaysUsed": 180,
    "DaysAvailable": 134,
    "AccessServicesReportsLink": "https://launchpad.support.sap.com/#/servicemessage",
    "ContractDescriptionLink": "https://www.sap.com/about/service-descriptions.html?tag=agreements:service-descriptions/sap-premium-engagement-support-services",
    "CapacityUsed": 70,
    "CapacityAvailable": 30
}
