{
    "AccessServicesReportsLink": "https://launchpad.support.sap.com/#/servicemessage",
    "ContractDescriptionLink": "https://www.sap.com/about/service-descriptions.html?tag=agreements:service-descriptions/sap-premium-engagement-support-services",
    "TotalDays": 214,
    "DaysUsed": 180,
    "DaysAvailable": 134,
    "CapacityUsed": 70,
    "CapacityAvailable": 30,
    "ShippingTo": "Ferrero International S.A",
    "ContratDescription": "SAP MaxAttention Services",
    "ContactId": "000003",
    "ServicePeriodFrom": "1667386100000",
    "ServicePeriodTo": "1557334100000"

}
