{
    "comment_on_aliases": [
        "note: that for aliases, a few rules / conditions apply:",
        "a) dashboards must contain a dashboardName in their route config, applications must contain a applicationName, both must contain a pattern",
        "b) route patterns are considered / parsed like the UI5 router parses routes using the crossroads javascript library",
        "c) route patterns of dashboards will be automatically appended with a  part, where for dashboard without sections, the :section: parameter is treated like the :group:. all route patterns will be automatically appended with a /:rest*: match",
        "d) the name of the route is generated automatically by concatenating the dashboard/application name to the string 'dashboard'/'application' in camel-case, e.g. dashboardExample",
        "e) the target of the route is set based on the type of alias, either to dashboards or to the applications view",
        "f) the pattern of each alias will be automatically considered as a redirect from /dashboards/{dashboardName} or from /applications/{applicationName} to the pattern of the alias",
        "g) other attributes of the route config, especially the 'state' property, will be copied over to the route configuration 1:1"
    ],
    "aliases": [
        {
            "type":"application",
            "route":{
                "applicationName":"case",
                "pattern":"cases/{pointer}",
                "state":{}
            }
        },
        {
            "type":"application",
            "route":{
                "applicationName":"supportcomponent",
                "pattern":"supportcomponent",
                "state":{

                }
            }
        },
        {
            "type":"application",
            "route":{
                "applicationName":"cl",
                "pattern":"cl",
                "state":{
                    "activeSidebarItem": "servicessupport"
                }
            }
        },
        {
            "type":"application",
            "route":{
                "applicationName":"newcl",
                "pattern":"newcl",
                "state":{
                    "activeSidebarItem": "servicessupport"
                }
            }
        },
        {
            "type":"application",
            "route":{
                "applicationName":"getsupport",
                "pattern":"newgetsupport",
                "state":{
                    "activeSidebarItem": "servicessupport"
                }
            }
        },
        {
            "type": "dashboard",
            "route": {
                "pattern": "unauthorizedcase",
                "dashboardName": "unauthorizedcase",
                "state": {
                    "messagePage": true,
                    "loadingScreen": true,
                    "hideSidebar": true,
                    "hideHeaderIcons": true,
                    "hideQualtricsSlider": true,
                    "hideFooter": false,
                    "floatingFooter": true
                }
            }
        },
        {
            "type": "dashboard",
            "route": {
                "pattern": "createIssue/{draftCasePointer}",
                "dashboardName": "createIssue",
                "state": {}
            }
        }
    ],
    "comment_on_redirects": [
        "note: that for redirects, a few rules / conditions apply:",
        "a) redirects are first and foremost handled by the app router resulting in a browser redirect",
        "b) secondly, also our hash changer is taking care to apply the redirects, in case some applications use the hash changer API and try to navigate to an old pattern",
        "c) the source and target properties of redirects is parsed similar to how the app router parses the same properties, thus the source acts as a regular expression and the target as a replacement string",
        "d) all redirects are considered internal redirects, meaning they link to local paths, thus they must start with a ^/ pattern, or this pattern will be enforced. targets with a protocol / host http:// or https:// are currently not supported",
        "e) by default all redirects are considered 'permanent' redirects, causing a 301 Moved Permanently status code response, set the 'temporary' property to true, to use a 302 Found / Moved Temporarily instead",
        "f) a rest-path segment '(/.*)?$' is automatically appended to the source pattern of internal redirects and replaced with /$1 in the target pattern any multiple consecutive forward slashes will be replaced by one"
    ],
    "redirects": [
        {
            "source": "/oldexample",
            "target": "/example"
        }
    ]
}