[
    {
        "pointer": "002075125200001638722022",
        "incidentNumber": "163872/2022",
        "source": "portal",
        "statusId": "S",
        "lastUpdate": "",
        "priorityId": "3",
        "createdAt": 1666865709000,
        "updatedAt": 1671774791000,
        "installationId": "0020659687",
        "systemNumber": "",
        "customerId": "0001208936",
        "reporterId": "S0009460456",
        "sapNumber": "163872",
        "sapYear": "2022",
        "subject": "test noattachments",
        "respITSM": "SNO",
        "statusTxt": "Sent to SAP",
        "priorityTxt": "Medium",
        "installationTxt": "ERP Standard Support",
        "systemId": "AP1",
        "systemTxt": "Dublette von Inst 0020659001",
        "componentId": "",
        "componentKey": "XX-SER-SAPSMP-TEST",
        "componentTxt": "for SAP ONE Support Launchpad test purposes only",
        "reporterTxt": "Alexandra Paul",
        "customerTxt": "SAP Test Account - aPaul Pharma",
        "creationDate": "2022-10-27",
        "creationTime": "10:15:09",
        "createdBy": "S0009460456",
        "updateDate": "2022-12-23",
        "updateTime": "05:53:11",
        "autoConfirmDateTxt": "",
        "autoConfirmDate": 0,
        "productId": "",
        "productTxt": "",
        "userTimezone": "CET",
        "isFavorite": "X"
    },
    {
        "pointer": "002075125200001682572022",
        "incidentNumber": "168257/2022",
        "source": "portal",
        "statusId": "C",
        "lastUpdate": "",
        "priorityId": "3",
        "createdAt": 1667811300000,
        "updatedAt": 1667811300000,
        "installationId": "0020659687",
        "systemNumber": "",
        "customerId": "0001208936",
        "reporterId": "S0009460456",
        "sapNumber": "168257",
        "sapYear": "2022",
        "subject": "test",
        "respITSM": "SNO",
        "statusTxt": "Sent to SAP",
        "priorityTxt": "Medium",
        "installationTxt": "ERP Standard Support",
        "systemId": "CD1",
        "systemTxt": "AGS DATA QUALITY _repl",
        "componentId": "",
        "componentKey": "XX-SER-SAPSMP-TEST",
        "componentTxt": "for SAP ONE Support Launchpad test purposes only",
        "reporterTxt": "Alexandra Paul",
        "customerTxt": "SAP Test Account - aPaul Pharma",
        "creationDate": "2022-11-07",
        "creationTime": "08:55:00",
        "createdBy": "S0009460456",
        "updateDate": "2022-11-07",
        "updateTime": "08:55:00",
        "autoConfirmDateTxt": "",
        "autoConfirmDate": 0,
        "productId": "",
        "productTxt": "",
        "userTimezone": "CET",
        "isFavorite": ""
    }
]
