{
    "result": {
        "data": {
            "SUGGESTED_FILE_TYPE": [
                {
                    "COMPONENT": "BC-DB-ORA",
                    "COMPONENT_ID": 227,
                    "FILE_TYPE_ID": 1333,
                    "SORT_INDEX": 10
                },
                {
                    "COMPONENT": "BC-DB-ORA",
                    "COMPONENT_ID": 227,
                    "FILE_TYPE_ID": 1332,
                    "SORT_INDEX": 20
                },
                {
                    "COMPONENT": "BC-DB-ORA",
                    "COMPONENT_ID": 227,
                    "FILE_TYPE_ID": 1335,
                    "SORT_INDEX": 30
                },
                {
                    "COMPONENT": "BC-DB-ORA",
                    "COMPONENT_ID": 227,
                    "FILE_TYPE_ID": 1330,
                    "SORT_INDEX": 40
                }
            ],
            "FILE_TYPE_INFO": [
                {
                    "FILE_TYPE_ID": 1330,
                    "NAME": "Listener Log",
                    "DESCRIPTION": "Oracle Listener Trace",
                    "EXAMPLE_NAME": "listener.log",
                    "FILE_FORMAT": "listener.log",
                    "LOCATION_WIN": "%ORACLE_BASE%\\saptrace\\diag\\tnslsnr\\<server>\\listener\\trace\\",
                    "LOCATION_UNIX": "$ORACLE_BASE/saptrace/diag/tnslsnr/<server>/listener/trace/",
                    "RULE_COUNT": 14
                },
                {
                    "FILE_TYPE_ID": 1332,
                    "NAME": "Oracle Incident Trace",
                    "DESCRIPTION": "Oracle Incident Trace",
                    "EXAMPLE_NAME": "OL2_ora_8307_i55476.trc",
                    "FILE_FORMAT": "<DB_SID>_<process_name>_<PID>_i<number>.trc",
                    "LOCATION_WIN": "%ORACLE_BASE%\\saptrace\\diag\\rdbms\\<db_unique_name>\\<DB_SID>\\incident\\incdir_<process_number>\\",
                    "LOCATION_UNIX": "$ORACLE_BASE/saptrace/diag/rdbms/<db_unique_name>/<DB_SID>/incident/incdir_<process_number>/",
                    "RULE_COUNT": 68
                },
                {
                    "FILE_TYPE_ID": 1333,
                    "NAME": "Oracle Alert Log",
                    "DESCRIPTION": "Oracle Alert Log",
                    "EXAMPLE_NAME": "alert_OL2.log",
                    "FILE_FORMAT": "alert_<DB_SID>.log",
                    "LOCATION_WIN": "%ORACLE_BASE%\\saptrace\\diag\\rdbms\\<db_unique_name>\\<DB_SID>\\trace",
                    "LOCATION_UNIX": "$ORACLE_BASE/saptrace/diag/rdbms/<db_unique_name>/<DB_SID>/trace",
                    "RULE_COUNT": 173
                },
                {
                    "FILE_TYPE_ID": 1335,
                    "NAME": "Oracle Trace",
                    "DESCRIPTION": "Oracle Process Trace",
                    "EXAMPLE_NAME": "OL2_m003_16253.trc",
                    "FILE_FORMAT": "<DB_SID>*.trc",
                    "LOCATION_WIN": "%ORACLE_BASE%\\saptrace\\diag\\rdbms\\<db_unique_name>\\<DB_SID>\\trace\\",
                    "LOCATION_UNIX": "$ORACLE_BASE/saptrace/diag/rdbms/<db_unique_name>/<DB_SID>/trace/",
                    "RULE_COUNT": 1
                }
            ],
            "FILE_TYPE_RESOURCE": [
                {
                    "FILE_TYPE_ID": 1332,
                    "RESOURCE_ID": 2393
                },
                {
                    "FILE_TYPE_ID": 1335,
                    "RESOURCE_ID": 2393
                },
                {
                    "FILE_TYPE_ID": 1333,
                    "RESOURCE_ID": 2393
                }
            ],
            "RESOURCE_INFO": [
                {
                    "RESOURCE_ID": 2393,
                    "TYPE": "KBA",
                    "DESCRIPTION": "2090832 - Collecting logfiles with a script (LOGCA) ",
                    "LINK": "https://launchpad.support.sap.com/#/notes/2090832",
                    "KBANOTE_NUM": 2090832
                }
            ],
            "ISM_NOTES": []
        }
    }
}