{
    "status": 200,
    "type": "Success",
    "message": "Operation succeed.",
    "data": {
        "entitlements": [
            {
                "EntitlementNo": 36113,
                "ValidFrom": "20240902",
                "ValidTo": "20270901",
                "CustomerID": "1158246",
                "CustomerName": "CHANEL SAS / 92521 NEUILLY SUR SEINE CEDEX",
                "OfferingName": "Base Activation for EC with Integration",
                "OriginationDocNo": "63010567",
                "all_DeliveryStatus": "DeliveryCompleted",
                "all_ProjectedDate": null,
                "all_LastCallOffDate": "20250902",
                "all_CallOffStatus": "Pending",
                "GTA_ContactPersonIT": "34267395",
                "all_RequestedDate": null,
                "GTA_ProvisioningPayload": [],
                "srv_ServiceReportLink": "https://documents.support.sap.com/servicereport/3Dti8mMsstRLMnz3fuFYhCFoL6LAblwnuBiw9ay6dgk"
            },
            {
                "EntitlementNo": 35531,
                "ValidFrom": "20240901",
                "ValidTo": "20270620",
                "CustomerID": "1090808",
                "CustomerName": "Energie Wasser Bern / 3001 Bern",
                "OfferingName": "Baseline Activation SAP Commerce Cloud",
                "OriginationDocNo": "63008284",
                "all_DeliveryStatus": null,
                "all_ProjectedDate": null,
                "all_LastCallOffDate": "20250901",
                "all_CallOffStatus": "Pending",
                "GTA_ContactPersonIT": "23644066",
                "all_RequestedDate": null,
                "GTA_ProvisioningPayload": [],
                "srv_ServiceReportLink": null
            },
            {
                "EntitlementNo": 35530,
                "ValidFrom": "20240901",
                "ValidTo": "20270620",
                "CustomerID": "1090808",
                "CustomerName": "Energie Wasser Bern / 3001 Bern",
                "OfferingName": "Baseline activation SAP S/4HANA Cloud",
                "OriginationDocNo": "63008284",
                "all_DeliveryStatus": null,
                "all_ProjectedDate": null,
                "all_LastCallOffDate": "20250901",
                "all_CallOffStatus": "Pending",
                "GTA_ContactPersonIT": "23644066",
                "all_RequestedDate": null,
                "GTA_ProvisioningPayload": [],
                "srv_ServiceReportLink": null
            },
            {
                "EntitlementNo": 35529,
                "ValidFrom": "20240901",
                "ValidTo": "20270620",
                "CustomerID": "1090808",
                "CustomerName": "Energie Wasser Bern / 3001 Bern",
                "OfferingName": "Baseline activation SAP S/4HANA Cloud",
                "OriginationDocNo": "63008284",
                "all_DeliveryStatus": null,
                "all_ProjectedDate": null,
                "all_LastCallOffDate": "20250901",
                "all_CallOffStatus": "Pending",
                "GTA_ContactPersonIT": "23644066",
                "all_RequestedDate": null,
                "GTA_ProvisioningPayload": [],
                "srv_ServiceReportLink": null
            },
            {
                "EntitlementNo": 35528,
                "ValidFrom": "20240901",
                "ValidTo": "20270620",
                "CustomerID": "1090808",
                "CustomerName": "Energie Wasser Bern / 3001 Bern",
                "OfferingName": "Baseline activation SAP S/4HANA Cloud",
                "OriginationDocNo": "63008284",
                "all_DeliveryStatus": null,
                "all_ProjectedDate": null,
                "all_LastCallOffDate": "20250901",
                "all_CallOffStatus": "Pending",
                "GTA_ContactPersonIT": "23644066",
                "all_RequestedDate": null,
                "GTA_ProvisioningPayload": [],
                "srv_ServiceReportLink": null
            },
            {
                "EntitlementNo": 35519,
                "ValidFrom": "20240830",
                "ValidTo": "20250731",
                "CustomerID": "171010",
                "CustomerName": "Logitech Inc / Fremont CA 94555-3614",
                "OfferingName": "Quick-start SAP Signavio P. Insights",
                "OriginationDocNo": "63008282",
                "all_DeliveryStatus": null,
                "all_ProjectedDate": null,
                "all_LastCallOffDate": "20250830",
                "all_CallOffStatus": "Pending",
                "GTA_ContactPersonIT": "28811696",
                "all_RequestedDate": null,
                "GTA_ProvisioningPayload": [],
                "srv_ServiceReportLink": null
            },
            {
                "EntitlementNo": 35325,
                "ValidFrom": "20240830",
                "ValidTo": "20250731",
                "CustomerID": "171010",
                "CustomerName": "Logitech Inc / Fremont CA 94555-3614",
                "OfferingName": "Quick-start SAP Signavio P. Insights",
                "OriginationDocNo": "63000629",
                "all_DeliveryStatus": "DeliveryCompleted",
                "all_ProjectedDate": null,
                "all_LastCallOffDate": "20250830",
                "all_CallOffStatus": "Pending",
                "GTA_ContactPersonIT": "28811696",
                "all_RequestedDate": null,
                "GTA_ProvisioningPayload": [],
                "srv_ServiceReportLink": "https://documents.support.sap.com/servicereport/CGNSz1MDiHxBalHfLM8bGmi9iGl9fryKCMALS-dPefo"
            },
            {
                "EntitlementNo": 35634,
                "ValidFrom": "20240830",
                "ValidTo": "20270822",
                "CustomerID": "50232338",
                "CustomerName": "Nordic Garden Holding AS / 2000 Lillestrøm",
                "OfferingName": "Baseline activation SAP S/4HANA Cloud",
                "OriginationDocNo": "63008943",
                "all_DeliveryStatus": null,
                "all_ProjectedDate": null,
                "all_LastCallOffDate": "20250830",
                "all_CallOffStatus": "Pending",
                "GTA_ContactPersonIT": "33554744",
                "all_RequestedDate": null,
                "GTA_ProvisioningPayload": [],
                "srv_ServiceReportLink": null
            },
            {
                "EntitlementNo": 35363,
                "ValidFrom": "20240830",
                "ValidTo": "20250731",
                "CustomerID": "171010",
                "CustomerName": "Logitech Inc / Fremont CA 94555-3614",
                "OfferingName": "Quick-start SAP Signavio P. Insights",
                "OriginationDocNo": "63005215",
                "all_DeliveryStatus": null,
                "all_ProjectedDate": null,
                "all_LastCallOffDate": "20250830",
                "all_CallOffStatus": "Pending",
                "GTA_ContactPersonIT": "28811696",
                "all_RequestedDate": null,
                "GTA_ProvisioningPayload": [],
                "srv_ServiceReportLink": null
            },
            {
                "EntitlementNo": 35545,
                "ValidFrom": "20240830",
                "ValidTo": "20250731",
                "CustomerID": "171010",
                "CustomerName": "Logitech Inc / Fremont CA 94555-3614",
                "OfferingName": "Quick-start SAP Signavio P. Insights",
                "OriginationDocNo": "63008433",
                "all_DeliveryStatus": null,
                "all_ProjectedDate": null,
                "all_LastCallOffDate": "20250830",
                "all_CallOffStatus": "Pending",
                "GTA_ContactPersonIT": "28811696",
                "all_RequestedDate": null,
                "GTA_ProvisioningPayload": [],
                "srv_ServiceReportLink": null
            },
            {
                "EntitlementNo": 35480,
                "ValidFrom": "20240830",
                "ValidTo": "20270829",
                "CustomerID": "1163363",
                "CustomerName": "City of Bradford Metropolitan District / Bradford",
                "OfferingName": "Quick-start SAP Signavio P. Mgr,Coll Hub",
                "OriginationDocNo": "63008073",
                "all_DeliveryStatus": null,
                "all_ProjectedDate": null,
                "all_LastCallOffDate": "20250830",
                "all_CallOffStatus": "Pending",
                "GTA_ContactPersonIT": "37537895",
                "all_RequestedDate": null,
                "GTA_ProvisioningPayload": [],
                "srv_ServiceReportLink": null
            },
            {
                "EntitlementNo": 35955,
                "ValidFrom": "20240829",
                "ValidTo": "20270828",
                "CustomerID": "31284",
                "CustomerName": "Hunter Douglas Europe B.V. / 3008 AB ROTTERDAM",
                "OfferingName": "Accel. impl. serv. for SAP Commerce",
                "OriginationDocNo": "63010118",
                "all_DeliveryStatus": "DeliveryCompleted",
                "all_ProjectedDate": null,
                "all_LastCallOffDate": "20250829",
                "all_CallOffStatus": "Pending",
                "GTA_ContactPersonIT": "60426",
                "all_RequestedDate": null,
                "GTA_ProvisioningPayload": [],
                "srv_ServiceReportLink": "https://documents.support.sap.com/servicereport/cShih9eACqOiMQS-5KKupwT26T9GjnldlbTQwmBJyw8"
            },
            {
                "EntitlementNo": 35952,
                "ValidFrom": "20240829",
                "ValidTo": "20270828",
                "CustomerID": "31284",
                "CustomerName": "Hunter Douglas Europe B.V. / 3008 AB ROTTERDAM",
                "OfferingName": "Accel. impl. serv. for SAP Commerce",
                "OriginationDocNo": "63010099",
                "all_DeliveryStatus": "DeliveryCompleted",
                "all_ProjectedDate": null,
                "all_LastCallOffDate": "20250829",
                "all_CallOffStatus": "Pending",
                "GTA_ContactPersonIT": "60426",
                "all_RequestedDate": null,
                "GTA_ProvisioningPayload": [],
                "srv_ServiceReportLink": "https://documents.support.sap.com/servicereport/7XIIpYTg3ZcXzoMtf1CO7-wt1s2CTnbUnj_ZNZoPyIg"
            },
            {
                "EntitlementNo": 35951,
                "ValidFrom": "20240201",
                "ValidTo": "20260131",
                "CustomerID": "4311047",
                "CustomerName": "CERVA GROUP a.s. / CZ-252 61 Jeneč",
                "OfferingName": "Enablement of SAP Sales cloud",
                "OriginationDocNo": "63010092",
                "all_DeliveryStatus": null,
                "all_ProjectedDate": null,
                "all_LastCallOffDate": "20250201",
                "all_CallOffStatus": "Pending",
                "GTA_ContactPersonIT": "29706413",
                "all_RequestedDate": null,
                "GTA_ProvisioningPayload": [],
                "srv_ServiceReportLink": null
            },
            {
                "EntitlementNo": 35950,
                "ValidFrom": "20240501",
                "ValidTo": "20260430",
                "CustomerID": "4311047",
                "CustomerName": "CERVA GROUP a.s. / CZ-252 61 Jeneč",
                "OfferingName": "Enablement of SAP Sales cloud",
                "OriginationDocNo": "63010090",
                "all_DeliveryStatus": null,
                "all_ProjectedDate": null,
                "all_LastCallOffDate": "20250501",
                "all_CallOffStatus": "Pending",
                "GTA_ContactPersonIT": "29706413",
                "all_RequestedDate": null,
                "GTA_ProvisioningPayload": [],
                "srv_ServiceReportLink": null
            },
            {
                "EntitlementNo": 35949,
                "ValidFrom": "20240610",
                "ValidTo": "20260609",
                "CustomerID": "4311047",
                "CustomerName": "CERVA GROUP a.s. / CZ-252 61 Jeneč",
                "OfferingName": "Enablement of SAP Sales cloud",
                "OriginationDocNo": "63010088",
                "all_DeliveryStatus": null,
                "all_ProjectedDate": null,
                "all_LastCallOffDate": "20250610",
                "all_CallOffStatus": "Pending",
                "GTA_ContactPersonIT": "29706413",
                "all_RequestedDate": null,
                "GTA_ProvisioningPayload": [],
                "srv_ServiceReportLink": null
            },
            {
                "EntitlementNo": 35948,
                "ValidFrom": "20240829",
                "ValidTo": "20250829",
                "CustomerID": "38384818",
                "CustomerName": "SKU tests _5 / 69190 Walldorf",
                "OfferingName": "Baseline activation SAP S/4HANA Cloud",
                "OriginationDocNo": "63010075",
                "all_DeliveryStatus": null,
                "all_ProjectedDate": null,
                "all_LastCallOffDate": "20250829",
                "all_CallOffStatus": "Pending",
                "GTA_ContactPersonIT": "1024951",
                "all_RequestedDate": null,
                "GTA_ProvisioningPayload": [],
                "srv_ServiceReportLink": null
            },
            {
                "EntitlementNo": 35947,
                "ValidFrom": "20240829",
                "ValidTo": "20250829",
                "CustomerID": "38384358",
                "CustomerName": "E2E CLE FD Test Track / 69190 Walldorf",
                "OfferingName": "Baseline activation SAP S/4HANA Cloud",
                "OriginationDocNo": "63010047",
                "all_DeliveryStatus": null,
                "all_ProjectedDate": null,
                "all_LastCallOffDate": "20250829",
                "all_CallOffStatus": "Pending",
                "GTA_ContactPersonIT": "38245205",
                "all_RequestedDate": null,
                "GTA_ProvisioningPayload": [],
                "srv_ServiceReportLink": null
            },
            {
                "EntitlementNo": 35920,
                "ValidFrom": "20240828",
                "ValidTo": "20270827",
                "CustomerID": "205495",
                "CustomerName": "American Equity Investment Li / West Des Moines IA",
                "OfferingName": "Baseline activation SAP S/4HANA Cloud",
                "OriginationDocNo": "63009928",
                "all_DeliveryStatus": null,
                "all_ProjectedDate": null,
                "all_LastCallOffDate": "20250828",
                "all_CallOffStatus": "Pending",
                "GTA_ContactPersonIT": "37671149",
                "all_RequestedDate": null,
                "GTA_ProvisioningPayload": [],
                "srv_ServiceReportLink": null
            },
            {
                "EntitlementNo": 35911,
                "ValidFrom": "20240828",
                "ValidTo": "20240927",
                "CustomerID": "16378934",
                "CustomerName": "ERNW Enno Rey Netzwerke GmbH / 69124 Heidelberg",
                "OfferingName": "Baseline activation SAP S/4HANA Cloud",
                "OriginationDocNo": "63009894",
                "all_DeliveryStatus": null,
                "all_ProjectedDate": null,
                "all_LastCallOffDate": "20250828",
                "all_CallOffStatus": "Pending",
                "GTA_ContactPersonIT": "37761156",
                "all_RequestedDate": null,
                "GTA_ProvisioningPayload": [],
                "srv_ServiceReportLink": null
            },
            {
                "EntitlementNo": 35892,
                "ValidFrom": "20240828",
                "ValidTo": "20250828",
                "CustomerID": "38378116",
                "CustomerName": "CIM SKU Test / 69190 Walldorf",
                "OfferingName": "Baseline activation SAP S/4HANA Cloud",
                "OriginationDocNo": "63009854",
                "all_DeliveryStatus": null,
                "all_ProjectedDate": null,
                "all_LastCallOffDate": "20250828",
                "all_CallOffStatus": "Pending",
                "GTA_ContactPersonIT": "38245205",
                "all_RequestedDate": null,
                "GTA_ProvisioningPayload": [],
                "srv_ServiceReportLink": null
            },
            {
                "EntitlementNo": 35400,
                "ValidFrom": "20240828",
                "ValidTo": "20270811",
                "CustomerID": "1158246",
                "CustomerName": "CHANEL SAS / 92521 NEUILLY SUR SEINE CEDEX",
                "OfferingName": "Accel Impl Service for Sales Cloud",
                "OriginationDocNo": "63005767",
                "all_DeliveryStatus": null,
                "all_ProjectedDate": null,
                "all_LastCallOffDate": "20250828",
                "all_CallOffStatus": "Pending",
                "GTA_ContactPersonIT": "34267395",
                "all_RequestedDate": null,
                "GTA_ProvisioningPayload": [],
                "srv_ServiceReportLink": null
            },
            {
                "EntitlementNo": 35863,
                "ValidFrom": "20240827",
                "ValidTo": "20250826",
                "CustomerID": "38384855",
                "CustomerName": "New SKU test / 69190 Walldorf",
                "OfferingName": "Baseline activation SAP S/4HANA Cloud",
                "OriginationDocNo": "63009776",
                "all_DeliveryStatus": null,
                "all_ProjectedDate": null,
                "all_LastCallOffDate": "20250827",
                "all_CallOffStatus": "Pending",
                "GTA_ContactPersonIT": "38245205",
                "all_RequestedDate": null,
                "GTA_ProvisioningPayload": [],
                "srv_ServiceReportLink": null
            },
            {
                "EntitlementNo": 35685,
                "ValidFrom": "20240806",
                "ValidTo": "20270805",
                "CustomerID": "1158246",
                "CustomerName": "CHANEL SAS / 92521 NEUILLY SUR SEINE CEDEX",
                "OfferingName": "Baseline activation SAP S/4HANA Cloud",
                "OriginationDocNo": "63008998",
                "all_DeliveryStatus": "CallOffRequested",
                "all_ProjectedDate": null,
                "all_LastCallOffDate": "20250806",
                "all_CallOffStatus": "Pending",
                "GTA_ContactPersonIT": "29718594",
                "all_RequestedDate": null,
                "GTA_ProvisioningPayload": [],
                "srv_ServiceReportLink": null
            },
            {
                "EntitlementNo": 35806,
                "ValidFrom": "20240822",
                "ValidTo": "20270821",
                "CustomerID": "7471268",
                "CustomerName": "Johann Schild / 83413 Fridolfing",
                "OfferingName": "Custom Field Builder for SAP Ariba [SSt]",
                "OriginationDocNo": "63009465",
                "all_DeliveryStatus": null,
                "all_ProjectedDate": null,
                "all_LastCallOffDate": "20250822",
                "all_CallOffStatus": "Pending",
                "GTA_ContactPersonIT": "12525812",
                "all_RequestedDate": null,
                "GTA_ProvisioningPayload": [],
                "srv_ServiceReportLink": null
            },
            {
                "EntitlementNo": 35805,
                "ValidFrom": "20240822",
                "ValidTo": "20270821",
                "CustomerID": "7471268",
                "CustomerName": "Johann Schild / 83413 Fridolfing",
                "OfferingName": "Custom Field Builder for SAP Ariba [SSt]",
                "OriginationDocNo": "63009465",
                "all_DeliveryStatus": null,
                "all_ProjectedDate": null,
                "all_LastCallOffDate": "20250822",
                "all_CallOffStatus": "Pending",
                "GTA_ContactPersonIT": "12525812",
                "all_RequestedDate": null,
                "GTA_ProvisioningPayload": [],
                "srv_ServiceReportLink": null
            },
            {
                "EntitlementNo": 35804,
                "ValidFrom": "20240822",
                "ValidTo": "20270821",
                "CustomerID": "7471268",
                "CustomerName": "Johann Schild / 83413 Fridolfing",
                "OfferingName": "Custom Field Builder for SAP Ariba [SSt]",
                "OriginationDocNo": "63009465",
                "all_DeliveryStatus": null,
                "all_ProjectedDate": null,
                "all_LastCallOffDate": "20250822",
                "all_CallOffStatus": "Pending",
                "GTA_ContactPersonIT": "12525812",
                "all_RequestedDate": null,
                "GTA_ProvisioningPayload": [],
                "srv_ServiceReportLink": null
            },
            {
                "EntitlementNo": 35718,
                "ValidFrom": "20240820",
                "ValidTo": "20250820",
                "CustomerID": "38383476",
                "CustomerName": "GA Test Account 2_20_2 / 69190 Walldorf",
                "OfferingName": "Quick-start SAP Signavio P. Mgr,Coll Hub",
                "OriginationDocNo": "63009079",
                "all_DeliveryStatus": "DeliveryInProgress",
                "all_ProjectedDate": null,
                "all_LastCallOffDate": "20250820",
                "all_CallOffStatus": "Pending",
                "GTA_ContactPersonIT": "2511685",
                "all_RequestedDate": null,
                "GTA_ProvisioningPayload": [],
                "srv_ServiceReportLink": null
            },
            {
                "EntitlementNo": 35799,
                "ValidFrom": "20240821",
                "ValidTo": "20250820",
                "CustomerID": "50302380",
                "CustomerName": "Zeus Energy S.A.C. / 27 Lima-San Isidro",
                "OfferingName": "Custom Field Builder for SAP Ariba [SSt]",
                "OriginationDocNo": "63009407",
                "all_DeliveryStatus": null,
                "all_ProjectedDate": null,
                "all_LastCallOffDate": "20250821",
                "all_CallOffStatus": "Pending",
                "GTA_ContactPersonIT": "38385176",
                "all_RequestedDate": null,
                "GTA_ProvisioningPayload": [],
                "srv_ServiceReportLink": null
            },
            {
                "EntitlementNo": 35792,
                "ValidFrom": "20240821",
                "ValidTo": "20250820",
                "CustomerID": "38384672",
                "CustomerName": "U-Tapao International Aviation",
                "OfferingName": "Custom Field Builder for SAP Ariba [SSt]",
                "OriginationDocNo": "63009369",
                "all_DeliveryStatus": null,
                "all_ProjectedDate": null,
                "all_LastCallOffDate": "20250821",
                "all_CallOffStatus": "Pending",
                "GTA_ContactPersonIT": "38384673",
                "all_RequestedDate": null,
                "GTA_ProvisioningPayload": [],
                "srv_ServiceReportLink": null
            },
            {
                "EntitlementNo": 35784,
                "ValidFrom": "20240822",
                "ValidTo": "20270821",
                "CustomerID": "1187526",
                "CustomerName": "MIBCON a.s. / CZ-147 00 Praha",
                "OfferingName": "Quick-start SAP Signavio P. Mgr,Coll Hub",
                "OriginationDocNo": "63009330",
                "all_DeliveryStatus": null,
                "all_ProjectedDate": null,
                "all_LastCallOffDate": "20250822",
                "all_CallOffStatus": "Pending",
                "GTA_ContactPersonIT": "28714368",
                "all_RequestedDate": null,
                "GTA_ProvisioningPayload": [],
                "srv_ServiceReportLink": null
            },
            {
                "EntitlementNo": 35785,
                "ValidFrom": "20240115",
                "ValidTo": "20260114",
                "CustomerID": "10484885",
                "CustomerName": "BEST MOTOR HOUSING & CORE CO.,LTD. / 456-811 Gyeon",
                "OfferingName": "Enablement of SAP Sales cloud",
                "OriginationDocNo": "63009341",
                "all_DeliveryStatus": null,
                "all_ProjectedDate": null,
                "all_LastCallOffDate": "20250115",
                "all_CallOffStatus": "Pending",
                "GTA_ContactPersonIT": "16798325",
                "all_RequestedDate": null,
                "GTA_ProvisioningPayload": [],
                "srv_ServiceReportLink": null
            },
            {
                "EntitlementNo": 35747,
                "ValidFrom": "20240820",
                "ValidTo": "20250819",
                "CustomerID": "220339",
                "CustomerName": "McDonald's Corporation / CHICAGO IL 60607",
                "OfferingName": "Custom Field Builder for SAP Ariba [SSt]",
                "OriginationDocNo": "63009134",
                "all_DeliveryStatus": "DeliveryCompleted",
                "all_ProjectedDate": null,
                "all_LastCallOffDate": "20250820",
                "all_CallOffStatus": "Pending",
                "GTA_ContactPersonIT": "38381514",
                "all_RequestedDate": null,
                "GTA_ProvisioningPayload": [],
                "srv_ServiceReportLink": "https://documents.support.sap.com/servicereport/NKJF5kbmksQ7MMn71wT-w-8kAhjLOtUjhLJ4TuANdZg"
            },
            {
                "EntitlementNo": 35771,
                "ValidFrom": "20240821",
                "ValidTo": "20260820",
                "CustomerID": "7471268",
                "CustomerName": "Johann Schild / 83413 Fridolfing",
                "OfferingName": "Custom Field Builder for SAP Ariba [SSt]",
                "OriginationDocNo": "63009270",
                "all_DeliveryStatus": null,
                "all_ProjectedDate": null,
                "all_LastCallOffDate": "20250821",
                "all_CallOffStatus": "Pending",
                "GTA_ContactPersonIT": "12525812",
                "all_RequestedDate": null,
                "GTA_ProvisioningPayload": [],
                "srv_ServiceReportLink": null
            },
            {
                "EntitlementNo": 35770,
                "ValidFrom": "20240726",
                "ValidTo": "20250725",
                "CustomerID": "165133",
                "CustomerName": "Trek Bicycle Corporation / Waterloo WI 53594-1379",
                "OfferingName": "Custom Field Builder for SAP Ariba [SSt]",
                "OriginationDocNo": "63009222",
                "all_DeliveryStatus": null,
                "all_ProjectedDate": null,
                "all_LastCallOffDate": "20250726",
                "all_CallOffStatus": "Pending",
                "GTA_ContactPersonIT": "20757167",
                "all_RequestedDate": null,
                "GTA_ProvisioningPayload": [],
                "srv_ServiceReportLink": null
            },
            {
                "EntitlementNo": 35717,
                "ValidFrom": "20240820",
                "ValidTo": "20270819",
                "CustomerID": "31284",
                "CustomerName": "Hunter Douglas Europe B.V. / 3008 AB ROTTERDAM",
                "OfferingName": "Custom Field Builder for SAP Ariba [SSt]",
                "OriginationDocNo": "63009087",
                "all_DeliveryStatus": "DeliveryCompleted",
                "all_ProjectedDate": null,
                "all_LastCallOffDate": "20250820",
                "all_CallOffStatus": "Pending",
                "GTA_ContactPersonIT": "60426",
                "all_RequestedDate": null,
                "GTA_ProvisioningPayload": [],
                "srv_ServiceReportLink": "https://documents.support.sap.com/servicereport/Jz-VCGCtmQ6FjOaTKJ59KyXbdah922SsNuQT8eq0UV0"
            },
            {
                "EntitlementNo": 35767,
                "ValidFrom": "20240812",
                "ValidTo": "20270811",
                "CustomerID": "163831",
                "CustomerName": "IBM del Peru S.A.C. / LIMA 12 Lima",
                "OfferingName": "Quick-start SAP Signavio P. Mgr,Coll Hub",
                "OriginationDocNo": "63009221",
                "all_DeliveryStatus": null,
                "all_ProjectedDate": null,
                "all_LastCallOffDate": "20250812",
                "all_CallOffStatus": "Pending",
                "GTA_ContactPersonIT": "31968830",
                "all_RequestedDate": null,
                "GTA_ProvisioningPayload": [],
                "srv_ServiceReportLink": null
            },
            {
                "EntitlementNo": 35766,
                "ValidFrom": "20240812",
                "ValidTo": "20270811",
                "CustomerID": "163831",
                "CustomerName": "IBM del Peru S.A.C. / LIMA 12 Lima",
                "OfferingName": "Quick-start SAP Signavio P. Mgr,Coll Hub",
                "OriginationDocNo": "63009220",
                "all_DeliveryStatus": null,
                "all_ProjectedDate": null,
                "all_LastCallOffDate": "20250812",
                "all_CallOffStatus": "Pending",
                "GTA_ContactPersonIT": "31968830",
                "all_RequestedDate": null,
                "GTA_ProvisioningPayload": [],
                "srv_ServiceReportLink": null
            },
            {
                "EntitlementNo": 35510,
                "ValidFrom": "20240821",
                "ValidTo": "20270820",
                "CustomerID": "4311047",
                "CustomerName": "CERVA GROUP a.s. / CZ-252 61 Jeneč",
                "OfferingName": "Enablement of SAP Sales cloud",
                "OriginationDocNo": "63008270",
                "all_DeliveryStatus": null,
                "all_ProjectedDate": null,
                "all_LastCallOffDate": "20250821",
                "all_CallOffStatus": "Pending",
                "GTA_ContactPersonIT": "29706413",
                "all_RequestedDate": null,
                "GTA_ProvisioningPayload": [],
                "srv_ServiceReportLink": null
            },
            {
                "EntitlementNo": 35399,
                "ValidFrom": "20250812",
                "ValidTo": "20270811",
                "CustomerID": "1158246",
                "CustomerName": "CHANEL SAS / 92521 NEUILLY SUR SEINE CEDEX",
                "OfferingName": "Base Activation for EC with Integration",
                "OriginationDocNo": "63005767",
                "all_DeliveryStatus": "CallOffRequested",
                "all_ProjectedDate": null,
                "all_LastCallOffDate": "20260812",
                "all_CallOffStatus": "Pending",
                "GTA_ContactPersonIT": "34267395",
                "all_RequestedDate": null,
                "GTA_ProvisioningPayload": [],
                "srv_ServiceReportLink": null
            },
            {
                "EntitlementNo": 35476,
                "ValidFrom": "20240820",
                "ValidTo": "20250819",
                "CustomerID": "50302380",
                "CustomerName": "Zeus Energy S.A.C. / 27 Lima-San Isidro",
                "OfferingName": "Custom Field Builder for SAP Ariba [SSt]",
                "OriginationDocNo": "63008038",
                "all_DeliveryStatus": "DeliveryCompleted",
                "all_ProjectedDate": null,
                "all_LastCallOffDate": "20250820",
                "all_CallOffStatus": "Pending",
                "GTA_ContactPersonIT": "38377852",
                "all_RequestedDate": null,
                "GTA_ProvisioningPayload": [],
                "srv_ServiceReportLink": "https://documents.support.sap.com/servicereport/x9DeAp2s8aVazTlQIB532umXQhtJVawob3GxKBQ-xLU"
            },
            {
                "EntitlementNo": 35618,
                "ValidFrom": "20240819",
                "ValidTo": "20241015",
                "CustomerID": "31284",
                "CustomerName": "Hunter Douglas Europe B.V. / 3008 AB ROTTERDAM",
                "OfferingName": "Baseline activation SAP S/4HANA Cloud",
                "OriginationDocNo": "63008814",
                "all_DeliveryStatus": "DeliveryCompleted",
                "all_ProjectedDate": null,
                "all_LastCallOffDate": "20250819",
                "all_CallOffStatus": "Pending",
                "GTA_ContactPersonIT": "60426",
                "all_RequestedDate": null,
                "GTA_ProvisioningPayload": [],
                "srv_ServiceReportLink": "https://documents.support.sap.com/servicereport/bnyamnEIUZbonkndKAcJDLMPcPU-uiV-iGlMQ8mmnVE"
            },
            {
                "EntitlementNo": 35617,
                "ValidFrom": "20240819",
                "ValidTo": "20270818",
                "CustomerID": "31284",
                "CustomerName": "Hunter Douglas Europe B.V. / 3008 AB ROTTERDAM",
                "OfferingName": "Baseline activation SAP S/4HANA Cloud",
                "OriginationDocNo": "63008791",
                "all_DeliveryStatus": "DeliveryCompleted",
                "all_ProjectedDate": null,
                "all_LastCallOffDate": "20250819",
                "all_CallOffStatus": "Pending",
                "GTA_ContactPersonIT": "60426",
                "all_RequestedDate": null,
                "GTA_ProvisioningPayload": [],
                "srv_ServiceReportLink": "https://documents.support.sap.com/servicereport/pMUjQZW6rlgIa3poXH-ES3dv66tuYFr5pHJ3Mm5mBB4"
            },
            {
                "EntitlementNo": 35414,
                "ValidFrom": "20240812",
                "ValidTo": "20270811",
                "CustomerID": "163831",
                "CustomerName": "IBM del Peru S.A.C. / LIMA 12 Lima",
                "OfferingName": "Quick-start SAP Signavio P. Mgr,Coll Hub",
                "OriginationDocNo": "63007793",
                "all_DeliveryStatus": "DeliveryCompleted",
                "all_ProjectedDate": null,
                "all_LastCallOffDate": "20250812",
                "all_CallOffStatus": "Pending",
                "GTA_ContactPersonIT": "31968830",
                "all_RequestedDate": null,
                "GTA_ProvisioningPayload": [],
                "srv_ServiceReportLink": "https://documents.support.sap.com/servicereport/mZgx-u72Xfa5yy8hzRGJ6rjQIYVlfXk8s4hnmIRpmjY"
            },
            {
                "EntitlementNo": 35576,
                "ValidFrom": "20240816",
                "ValidTo": "20270815",
                "CustomerID": "31284",
                "CustomerName": "Hunter Douglas Europe B.V. / 3008 AB ROTTERDAM",
                "OfferingName": "Base Activation for EC with Integration",
                "OriginationDocNo": "63008538",
                "all_DeliveryStatus": "DeliveryInProgress",
                "all_ProjectedDate": null,
                "all_LastCallOffDate": "20250816",
                "all_CallOffStatus": "Pending",
                "GTA_ContactPersonIT": "60426",
                "all_RequestedDate": null,
                "GTA_ProvisioningPayload": [],
                "srv_ServiceReportLink": "https://documents.support.sap.com/servicereport/DXG-QmyuThveEGBf5u7dzK8acSL00mVUJ8W8YZeaae0"
            },
            {
                "EntitlementNo": 35575,
                "ValidFrom": "20240816",
                "ValidTo": "20270815",
                "CustomerID": "31284",
                "CustomerName": "Hunter Douglas Europe B.V. / 3008 AB ROTTERDAM",
                "OfferingName": "Baseline activation SAP S/4HANA Cloud",
                "OriginationDocNo": "63008517",
                "all_DeliveryStatus": "DeliveryInProgress",
                "all_ProjectedDate": null,
                "all_LastCallOffDate": "20250816",
                "all_CallOffStatus": "Pending",
                "GTA_ContactPersonIT": "60426",
                "all_RequestedDate": null,
                "GTA_ProvisioningPayload": [],
                "srv_ServiceReportLink": null
            },
            {
                "EntitlementNo": 35574,
                "ValidFrom": "20240816",
                "ValidTo": "20270815",
                "CustomerID": "31284",
                "CustomerName": "Hunter Douglas Europe B.V. / 3008 AB ROTTERDAM",
                "OfferingName": "Baseline activation SAP S/4HANA Cloud",
                "OriginationDocNo": "63008533",
                "all_DeliveryStatus": "DeliveryInProgress",
                "all_ProjectedDate": null,
                "all_LastCallOffDate": "20250816",
                "all_CallOffStatus": "Pending",
                "GTA_ContactPersonIT": "60426",
                "all_RequestedDate": null,
                "GTA_ProvisioningPayload": [],
                "srv_ServiceReportLink": null
            },
            {
                "EntitlementNo": 35549,
                "ValidFrom": "20240815",
                "ValidTo": "20270814",
                "CustomerID": "163831",
                "CustomerName": "IBM del Peru S.A.C. / LIMA 12 Lima",
                "OfferingName": "Quick-start service for SAP DMC",
                "OriginationDocNo": "63008458",
                "all_DeliveryStatus": "DeliveryCompleted",
                "all_ProjectedDate": null,
                "all_LastCallOffDate": "20250815",
                "all_CallOffStatus": "Pending",
                "GTA_ContactPersonIT": "31968830",
                "all_RequestedDate": null,
                "GTA_ProvisioningPayload": [],
                "srv_ServiceReportLink": "https://documents.support.sap.com/servicereport/NeILuYs93BwgsnAJ9bqgfdK7c9tmvP1JMG0it0-rNis"
            },
            {
                "EntitlementNo": 35180,
                "ValidFrom": "20240816",
                "ValidTo": "20270815",
                "CustomerID": "26365482",
                "CustomerName": "Daimler Truck AG / 70771 Leinfelden-Echterdingen",
                "OfferingName": "Quick-start SAP Signavio P. Mgr,Coll Hub",
                "OriginationDocNo": "63004543",
                "all_DeliveryStatus": null,
                "all_ProjectedDate": null,
                "all_LastCallOffDate": "20250816",
                "all_CallOffStatus": "Pending",
                "GTA_ContactPersonIT": "36096196",
                "all_RequestedDate": null,
                "GTA_ProvisioningPayload": [],
                "srv_ServiceReportLink": null
            },
            {
                "EntitlementNo": 35243,
                "ValidFrom": "20240816",
                "ValidTo": "20270714",
                "CustomerID": "171010",
                "CustomerName": "Logitech Inc / Fremont CA 94555-3614",
                "OfferingName": "Baseline Activation SAP Commerce Cloud",
                "OriginationDocNo": "63001587",
                "all_DeliveryStatus": "DeliveryCompleted",
                "all_ProjectedDate": null,
                "all_LastCallOffDate": "20250816",
                "all_CallOffStatus": "Pending",
                "GTA_ContactPersonIT": "19328572",
                "all_RequestedDate": null,
                "GTA_ProvisioningPayload": [],
                "srv_ServiceReportLink": "https://documents.support.sap.com/servicereport/bS15YnToZVs6pARvz3Pzcx1Yfc7EPIkUZ6b9yMd5tdc"
            },
            {
                "EntitlementNo": 35364,
                "ValidFrom": "20240816",
                "ValidTo": "20250815",
                "CustomerID": "14412976",
                "CustomerName": "CAIXABANK TECH S.L.U. / 08028 Barcelona",
                "OfferingName": "Custom Field Builder for SAP Ariba [SSt]",
                "OriginationDocNo": "63005217",
                "all_DeliveryStatus": "DeliveryCompleted",
                "all_ProjectedDate": null,
                "all_LastCallOffDate": "20250816",
                "all_CallOffStatus": "Pending",
                "GTA_ContactPersonIT": "38377624",
                "all_RequestedDate": null,
                "GTA_ProvisioningPayload": [],
                "srv_ServiceReportLink": "https://documents.support.sap.com/servicereport/snj0ZlS-5nfnnMH3X3BiVDtEdfX_yXA-mc-BcIxjDns"
            },
            {
                "EntitlementNo": 35201,
                "ValidFrom": "20240816",
                "ValidTo": "20270815",
                "CustomerID": "159980",
                "CustomerName": "Volkswagen AG / 38440 Wolfsburg",
                "OfferingName": "Baseline activation SAP S/4HANA Cloud",
                "OriginationDocNo": "63004607",
                "all_DeliveryStatus": null,
                "all_ProjectedDate": null,
                "all_LastCallOffDate": "20250816",
                "all_CallOffStatus": "Pending",
                "GTA_ContactPersonIT": "13949215",
                "all_RequestedDate": null,
                "GTA_ProvisioningPayload": [],
                "srv_ServiceReportLink": null
            },
            {
                "EntitlementNo": 35550,
                "ValidFrom": "20240815",
                "ValidTo": "20250214",
                "CustomerID": "38377868",
                "CustomerName": "SAP internal - Conversion WG 2024 10 / 69190 Walld",
                "OfferingName": "Baseline activation SAP S/4HANA Cloud",
                "OriginationDocNo": "63008467",
                "all_DeliveryStatus": null,
                "all_ProjectedDate": null,
                "all_LastCallOffDate": "20250815",
                "all_CallOffStatus": "Pending",
                "GTA_ContactPersonIT": "38382766",
                "all_RequestedDate": null,
                "GTA_ProvisioningPayload": [],
                "srv_ServiceReportLink": null
            },
            {
                "EntitlementNo": 35546,
                "ValidFrom": "20240815",
                "ValidTo": "20270814",
                "CustomerID": "31284",
                "CustomerName": "Hunter Douglas Europe B.V. / 3008 AB ROTTERDAM",
                "OfferingName": "Baseline activation SAP S/4HANA Cloud",
                "OriginationDocNo": "63008426",
                "all_DeliveryStatus": "DeliveryInProgress",
                "all_ProjectedDate": null,
                "all_LastCallOffDate": "20250815",
                "all_CallOffStatus": "Pending",
                "GTA_ContactPersonIT": "60426",
                "all_RequestedDate": null,
                "GTA_ProvisioningPayload": [],
                "srv_ServiceReportLink": null
            },
            {
                "EntitlementNo": 35542,
                "ValidFrom": "20240815",
                "ValidTo": "20270814",
                "CustomerID": "31284",
                "CustomerName": "Hunter Douglas Europe B.V. / 3008 AB ROTTERDAM",
                "OfferingName": "Baseline activation SAP S/4HANA Cloud",
                "OriginationDocNo": "63008431",
                "all_DeliveryStatus": "DeliveryCompleted",
                "all_ProjectedDate": null,
                "all_LastCallOffDate": "20250815",
                "all_CallOffStatus": "Pending",
                "GTA_ContactPersonIT": "60426",
                "all_RequestedDate": null,
                "GTA_ProvisioningPayload": [],
                "srv_ServiceReportLink": "https://documents.support.sap.com/servicereport/zQTvMjWLjn3MWu8_vqcFXvEXFtm8f_Henv8hXqR1tNM"
            },
            {
                "EntitlementNo": 35544,
                "ValidFrom": "20240801",
                "ValidTo": "20250731",
                "CustomerID": "171010",
                "CustomerName": "Logitech Inc / Fremont CA 94555-3614",
                "OfferingName": "Enablement of SAP Sales cloud",
                "OriginationDocNo": "63008433",
                "all_DeliveryStatus": null,
                "all_ProjectedDate": null,
                "all_LastCallOffDate": "20250801",
                "all_CallOffStatus": "Pending",
                "GTA_ContactPersonIT": "19328572",
                "all_RequestedDate": null,
                "GTA_ProvisioningPayload": [],
                "srv_ServiceReportLink": null
            },
            {
                "EntitlementNo": 35543,
                "ValidFrom": "20240801",
                "ValidTo": "20250731",
                "CustomerID": "171010",
                "CustomerName": "Logitech Inc / Fremont CA 94555-3614",
                "OfferingName": "Accel Impl Service for Sales Cloud",
                "OriginationDocNo": "63008433",
                "all_DeliveryStatus": null,
                "all_ProjectedDate": null,
                "all_LastCallOffDate": "20250801",
                "all_CallOffStatus": "Pending",
                "GTA_ContactPersonIT": "19328572",
                "all_RequestedDate": null,
                "GTA_ProvisioningPayload": [],
                "srv_ServiceReportLink": null
            },
            {
                "EntitlementNo": 35538,
                "ValidFrom": "20240621",
                "ValidTo": "20270620",
                "CustomerID": "1089455",
                "CustomerName": "Flughafen Berlin Brandenburg GmbH (FBB) / 12521 Be",
                "OfferingName": "Baseline Activation SAP Commerce Cloud",
                "OriginationDocNo": "63008415",
                "all_DeliveryStatus": null,
                "all_ProjectedDate": null,
                "all_LastCallOffDate": "20250621",
                "all_CallOffStatus": "Pending",
                "GTA_ContactPersonIT": "2950229",
                "all_RequestedDate": null,
                "GTA_ProvisioningPayload": [],
                "srv_ServiceReportLink": null
            },
            {
                "EntitlementNo": 35537,
                "ValidFrom": "20240815",
                "ValidTo": "20270814",
                "CustomerID": "1158246",
                "CustomerName": "CHANEL SAS / 92521 NEUILLY SUR SEINE CEDEX",
                "OfferingName": "Base Activation for EC with Integration",
                "OriginationDocNo": "63008407",
                "all_DeliveryStatus": null,
                "all_ProjectedDate": null,
                "all_LastCallOffDate": "20250815",
                "all_CallOffStatus": "Pending",
                "GTA_ContactPersonIT": "34267395",
                "all_RequestedDate": null,
                "GTA_ProvisioningPayload": [],
                "srv_ServiceReportLink": null
            },
            {
                "EntitlementNo": 35536,
                "ValidFrom": "20240815",
                "ValidTo": "20270814",
                "CustomerID": "31284",
                "CustomerName": "Hunter Douglas Europe B.V. / 3008 AB ROTTERDAM",
                "OfferingName": "Baseline activation SAP S/4HANA Cloud",
                "OriginationDocNo": "63008406",
                "all_DeliveryStatus": "DeliveryInProgress",
                "all_ProjectedDate": null,
                "all_LastCallOffDate": "20250815",
                "all_CallOffStatus": "Pending",
                "GTA_ContactPersonIT": "60426",
                "all_RequestedDate": null,
                "GTA_ProvisioningPayload": [],
                "srv_ServiceReportLink": null
            },
            {
                "EntitlementNo": 35518,
                "ValidFrom": "20240801",
                "ValidTo": "20250731",
                "CustomerID": "171010",
                "CustomerName": "Logitech Inc / Fremont CA 94555-3614",
                "OfferingName": "Enablement of SAP Sales cloud",
                "OriginationDocNo": "63008282",
                "all_DeliveryStatus": null,
                "all_ProjectedDate": null,
                "all_LastCallOffDate": "20250801",
                "all_CallOffStatus": "Pending",
                "GTA_ContactPersonIT": "19328572",
                "all_RequestedDate": null,
                "GTA_ProvisioningPayload": [],
                "srv_ServiceReportLink": null
            },
            {
                "EntitlementNo": 35517,
                "ValidFrom": "20240801",
                "ValidTo": "20250731",
                "CustomerID": "171010",
                "CustomerName": "Logitech Inc / Fremont CA 94555-3614",
                "OfferingName": "Accel Impl Service for Sales Cloud",
                "OriginationDocNo": "63008282",
                "all_DeliveryStatus": null,
                "all_ProjectedDate": null,
                "all_LastCallOffDate": "20250801",
                "all_CallOffStatus": "Pending",
                "GTA_ContactPersonIT": "19328572",
                "all_RequestedDate": null,
                "GTA_ProvisioningPayload": [],
                "srv_ServiceReportLink": null
            },
            {
                "EntitlementNo": 35513,
                "ValidFrom": "20240621",
                "ValidTo": "20240930",
                "CustomerID": "1089455",
                "CustomerName": "Flughafen Berlin Brandenburg GmbH (FBB) / 12521 Be",
                "OfferingName": "Baseline Activation SAP Commerce Cloud",
                "OriginationDocNo": "63008281",
                "all_DeliveryStatus": null,
                "all_ProjectedDate": null,
                "all_LastCallOffDate": "20250621",
                "all_CallOffStatus": "Pending",
                "GTA_ContactPersonIT": "2950229",
                "all_RequestedDate": null,
                "GTA_ProvisioningPayload": [],
                "srv_ServiceReportLink": null
            },
            {
                "EntitlementNo": 35491,
                "ValidFrom": "20240814",
                "ValidTo": "20270813",
                "CustomerID": "7885510",
                "CustomerName": "Beeline GmbH / 51063 Köln",
                "OfferingName": "Quick-start SAP Signavio P. Mgr,Coll Hub",
                "OriginationDocNo": "63008202",
                "all_DeliveryStatus": null,
                "all_ProjectedDate": null,
                "all_LastCallOffDate": "20250814",
                "all_CallOffStatus": "Pending",
                "GTA_ContactPersonIT": "34464572",
                "all_RequestedDate": null,
                "GTA_ProvisioningPayload": [],
                "srv_ServiceReportLink": null
            },
            {
                "EntitlementNo": 35490,
                "ValidFrom": "20240814",
                "ValidTo": "20270813",
                "CustomerID": "7885510",
                "CustomerName": "Beeline GmbH / 51063 Köln",
                "OfferingName": "Baseline activation SAP S/4HANA Cloud",
                "OriginationDocNo": "63008202",
                "all_DeliveryStatus": null,
                "all_ProjectedDate": null,
                "all_LastCallOffDate": "20250814",
                "all_CallOffStatus": "Pending",
                "GTA_ContactPersonIT": "34464572",
                "all_RequestedDate": null,
                "GTA_ProvisioningPayload": [],
                "srv_ServiceReportLink": null
            },
            {
                "EntitlementNo": 35445,
                "ValidFrom": "20240813",
                "ValidTo": "20270812",
                "CustomerID": "31284",
                "CustomerName": "Hunter Douglas Europe B.V. / 3008 AB ROTTERDAM",
                "OfferingName": "Quick-start service for SAP DMC",
                "OriginationDocNo": "63007960",
                "all_DeliveryStatus": "DeliveryInProgress",
                "all_ProjectedDate": null,
                "all_LastCallOffDate": "20250813",
                "all_CallOffStatus": "Pending",
                "GTA_ContactPersonIT": "60426",
                "all_RequestedDate": null,
                "GTA_ProvisioningPayload": [],
                "srv_ServiceReportLink": null
            },
            {
                "EntitlementNo": 35411,
                "ValidFrom": "20240415",
                "ValidTo": "20260414",
                "CustomerID": "4311047",
                "CustomerName": "CERVA GROUP a.s. / CZ-252 61 Jeneč",
                "OfferingName": "Enablement of SAP Sales cloud",
                "OriginationDocNo": "63007781",
                "all_DeliveryStatus": null,
                "all_ProjectedDate": null,
                "all_LastCallOffDate": "20250415",
                "all_CallOffStatus": "Pending",
                "GTA_ContactPersonIT": "29706413",
                "all_RequestedDate": null,
                "GTA_ProvisioningPayload": [],
                "srv_ServiceReportLink": null
            },
            {
                "EntitlementNo": 35409,
                "ValidFrom": "20240201",
                "ValidTo": "20260131",
                "CustomerID": "4311047",
                "CustomerName": "CERVA GROUP a.s. / CZ-252 61 Jeneč",
                "OfferingName": "Enablement of SAP Sales cloud",
                "OriginationDocNo": "63007759",
                "all_DeliveryStatus": null,
                "all_ProjectedDate": null,
                "all_LastCallOffDate": "20250201",
                "all_CallOffStatus": "Pending",
                "GTA_ContactPersonIT": "29706413",
                "all_RequestedDate": null,
                "GTA_ProvisioningPayload": [],
                "srv_ServiceReportLink": null
            },
            {
                "EntitlementNo": 35408,
                "ValidFrom": "20240809",
                "ValidTo": "20270808",
                "CustomerID": "31779",
                "CustomerName": "Heineken España, S.A. / 41007 SEVILLA",
                "OfferingName": "Quick-start SAP Signavio P. Mgr,Coll Hub",
                "OriginationDocNo": "63007760",
                "all_DeliveryStatus": "DeliveryCompleted",
                "all_ProjectedDate": null,
                "all_LastCallOffDate": "20250809",
                "all_CallOffStatus": "Pending",
                "GTA_ContactPersonIT": "33013531",
                "all_RequestedDate": null,
                "GTA_ProvisioningPayload": [],
                "srv_ServiceReportLink": "https://documents.support.sap.com/servicereport/we3nSaojUiQG3VXha7J7jD1QE8CyEUZktGpuVplZfv0"
            },
            {
                "EntitlementNo": 35404,
                "ValidFrom": "20240115",
                "ValidTo": "20260114",
                "CustomerID": "4311047",
                "CustomerName": "CERVA GROUP a.s. / CZ-252 61 Jeneč",
                "OfferingName": "Enablement of SAP Sales cloud",
                "OriginationDocNo": "63005805",
                "all_DeliveryStatus": null,
                "all_ProjectedDate": null,
                "all_LastCallOffDate": "20250115",
                "all_CallOffStatus": "Pending",
                "GTA_ContactPersonIT": "29706413",
                "all_RequestedDate": null,
                "GTA_ProvisioningPayload": [],
                "srv_ServiceReportLink": null
            },
            {
                "EntitlementNo": 35401,
                "ValidFrom": "20250812",
                "ValidTo": "20270811",
                "CustomerID": "1158246",
                "CustomerName": "CHANEL SAS / 92521 NEUILLY SUR SEINE CEDEX",
                "OfferingName": "Accel. impl. serv. for SAP Commerce",
                "OriginationDocNo": "63005767",
                "all_DeliveryStatus": null,
                "all_ProjectedDate": null,
                "all_LastCallOffDate": "20260812",
                "all_CallOffStatus": "Pending",
                "GTA_ContactPersonIT": "34267395",
                "all_RequestedDate": null,
                "GTA_ProvisioningPayload": [],
                "srv_ServiceReportLink": null
            },
            {
                "EntitlementNo": 35398,
                "ValidFrom": "20240812",
                "ValidTo": "20270811",
                "CustomerID": "31284",
                "CustomerName": "Hunter Douglas Europe B.V. / 3008 AB ROTTERDAM",
                "OfferingName": "Baseline activation SAP S/4HANA Cloud",
                "OriginationDocNo": "63005456",
                "all_DeliveryStatus": null,
                "all_ProjectedDate": null,
                "all_LastCallOffDate": "20250812",
                "all_CallOffStatus": "Pending",
                "GTA_ContactPersonIT": "60426",
                "all_RequestedDate": null,
                "GTA_ProvisioningPayload": [],
                "srv_ServiceReportLink": null
            },
            {
                "EntitlementNo": 35397,
                "ValidFrom": "20240812",
                "ValidTo": "20250812",
                "CustomerID": "12553508",
                "CustomerName": "BRAINS software / 69181 Leimen",
                "OfferingName": "Baseline activation SAP S/4HANA Cloud",
                "OriginationDocNo": "63005392",
                "all_DeliveryStatus": null,
                "all_ProjectedDate": null,
                "all_LastCallOffDate": "20250812",
                "all_CallOffStatus": "Pending",
                "GTA_ContactPersonIT": "38309952",
                "all_RequestedDate": null,
                "GTA_ProvisioningPayload": [],
                "srv_ServiceReportLink": null
            },
            {
                "EntitlementNo": 35396,
                "ValidFrom": "20240812",
                "ValidTo": "20250812",
                "CustomerID": "12553508",
                "CustomerName": "BRAINS software / 69181 Leimen",
                "OfferingName": "Baseline activation SAP S/4HANA Cloud",
                "OriginationDocNo": "63005400",
                "all_DeliveryStatus": null,
                "all_ProjectedDate": null,
                "all_LastCallOffDate": "20250812",
                "all_CallOffStatus": "Pending",
                "GTA_ContactPersonIT": "38309952",
                "all_RequestedDate": null,
                "GTA_ProvisioningPayload": [],
                "srv_ServiceReportLink": null
            },
            {
                "EntitlementNo": 35393,
                "ValidFrom": "20240812",
                "ValidTo": "20250812",
                "CustomerID": "12553508",
                "CustomerName": "BRAINS software / 69181 Leimen",
                "OfferingName": "Baseline activation SAP S/4HANA Cloud",
                "OriginationDocNo": "63005387",
                "all_DeliveryStatus": null,
                "all_ProjectedDate": null,
                "all_LastCallOffDate": "20250812",
                "all_CallOffStatus": "Pending",
                "GTA_ContactPersonIT": "38309952",
                "all_RequestedDate": null,
                "GTA_ProvisioningPayload": [],
                "srv_ServiceReportLink": null
            },
            {
                "EntitlementNo": 35094,
                "ValidFrom": "20240802",
                "ValidTo": "20270801",
                "CustomerID": "31284",
                "CustomerName": "Hunter Douglas Europe B.V. / 3008 AB ROTTERDAM",
                "OfferingName": "Baseline activation SAP S/4HANA Cloud",
                "OriginationDocNo": "63004109",
                "all_DeliveryStatus": "DeliveryCompleted",
                "all_ProjectedDate": null,
                "all_LastCallOffDate": "20250802",
                "all_CallOffStatus": "Pending",
                "GTA_ContactPersonIT": "60426",
                "all_RequestedDate": null,
                "GTA_ProvisioningPayload": [],
                "srv_ServiceReportLink": null
            },
            {
                "EntitlementNo": 35389,
                "ValidFrom": "20240621",
                "ValidTo": "20270620",
                "CustomerID": "1089455",
                "CustomerName": "Flughafen Berlin Brandenburg GmbH (FBB) / 12521 Be",
                "OfferingName": "Baseline Activation SAP Commerce Cloud",
                "OriginationDocNo": "63005371",
                "all_DeliveryStatus": null,
                "all_ProjectedDate": null,
                "all_LastCallOffDate": "20250621",
                "all_CallOffStatus": "Pending",
                "GTA_ContactPersonIT": "2950229",
                "all_RequestedDate": null,
                "GTA_ProvisioningPayload": [],
                "srv_ServiceReportLink": null
            },
            {
                "EntitlementNo": 35362,
                "ValidFrom": "20240801",
                "ValidTo": "20250731",
                "CustomerID": "171010",
                "CustomerName": "Logitech Inc / Fremont CA 94555-3614",
                "OfferingName": "Enablement of SAP Sales cloud",
                "OriginationDocNo": "63005215",
                "all_DeliveryStatus": null,
                "all_ProjectedDate": null,
                "all_LastCallOffDate": "20250801",
                "all_CallOffStatus": "Pending",
                "GTA_ContactPersonIT": "19328572",
                "all_RequestedDate": null,
                "GTA_ProvisioningPayload": [],
                "srv_ServiceReportLink": null
            },
            {
                "EntitlementNo": 35361,
                "ValidFrom": "20240801",
                "ValidTo": "20250731",
                "CustomerID": "171010",
                "CustomerName": "Logitech Inc / Fremont CA 94555-3614",
                "OfferingName": "Accel Impl Service for Sales Cloud",
                "OriginationDocNo": "63005215",
                "all_DeliveryStatus": null,
                "all_ProjectedDate": null,
                "all_LastCallOffDate": "20250801",
                "all_CallOffStatus": "Pending",
                "GTA_ContactPersonIT": "19328572",
                "all_RequestedDate": null,
                "GTA_ProvisioningPayload": [],
                "srv_ServiceReportLink": null
            },
            {
                "EntitlementNo": 34127,
                "ValidFrom": "20240801",
                "ValidTo": "20250801",
                "CustomerID": "171010",
                "CustomerName": "Logitech Inc / Fremont CA 94555-3614",
                "OfferingName": "Enablement of SAP Sales cloud",
                "OriginationDocNo": "63000629",
                "all_DeliveryStatus": null,
                "all_ProjectedDate": null,
                "all_LastCallOffDate": null,
                "all_CallOffStatus": "Pending",
                "GTA_ContactPersonIT": "19328572",
                "all_RequestedDate": null,
                "GTA_ProvisioningPayload": [
                    {
                        "Value": "1009656925",
                        "Key": "transID"
                    }
                ],
                "srv_ServiceReportLink": null
            },
            {
                "EntitlementNo": 35338,
                "ValidFrom": "20240621",
                "ValidTo": "20270620",
                "CustomerID": "1089455",
                "CustomerName": "Flughafen Berlin Brandenburg GmbH (FBB) / 12521 Be",
                "OfferingName": "Baseline Activation SAP Commerce Cloud",
                "OriginationDocNo": "63005125",
                "all_DeliveryStatus": null,
                "all_ProjectedDate": null,
                "all_LastCallOffDate": "20250621",
                "all_CallOffStatus": "Pending",
                "GTA_ContactPersonIT": "2950229",
                "all_RequestedDate": null,
                "GTA_ProvisioningPayload": [],
                "srv_ServiceReportLink": null
            },
            {
                "EntitlementNo": 35352,
                "ValidFrom": "20240809",
                "ValidTo": "20250808",
                "CustomerID": "15469044",
                "CustomerName": "Mercedes Benz USA / Sandy Springs GA 30328",
                "OfferingName": "Custom Field Builder for SAP Ariba [SSt]",
                "OriginationDocNo": "63005104",
                "all_DeliveryStatus": null,
                "all_ProjectedDate": null,
                "all_LastCallOffDate": "20250809",
                "all_CallOffStatus": "Pending",
                "GTA_ContactPersonIT": "38377628",
                "all_RequestedDate": null,
                "GTA_ProvisioningPayload": [],
                "srv_ServiceReportLink": null
            },
            {
                "EntitlementNo": 35224,
                "ValidFrom": "20240809",
                "ValidTo": "20250809",
                "CustomerID": "38299314",
                "CustomerName": "2408 2SL SB CLE Test Track / 69190 Walldorf",
                "OfferingName": "Baseline activation SAP S/4HANA Cloud",
                "OriginationDocNo": "63004715",
                "all_DeliveryStatus": null,
                "all_ProjectedDate": null,
                "all_LastCallOffDate": "20250809",
                "all_CallOffStatus": "Pending",
                "GTA_ContactPersonIT": "38299312",
                "all_RequestedDate": null,
                "GTA_ProvisioningPayload": [],
                "srv_ServiceReportLink": null
            },
            {
                "EntitlementNo": 35221,
                "ValidFrom": "20240809",
                "ValidTo": "20250809",
                "CustomerID": "38147355",
                "CustomerName": "Caddy Printing / Dallas TX 75244",
                "OfferingName": "Baseline activation SAP S/4HANA Cloud",
                "OriginationDocNo": "63004702",
                "all_DeliveryStatus": null,
                "all_ProjectedDate": null,
                "all_LastCallOffDate": "20250809",
                "all_CallOffStatus": "Pending",
                "GTA_ContactPersonIT": "38218417",
                "all_RequestedDate": null,
                "GTA_ProvisioningPayload": [],
                "srv_ServiceReportLink": null
            },
            {
                "EntitlementNo": 35173,
                "ValidFrom": "20240806",
                "ValidTo": "20270805",
                "CustomerID": "1158246",
                "CustomerName": "CHANEL SAS / 92521 NEUILLY SUR SEINE CEDEX",
                "OfferingName": "Baseline activation SAP S/4HANA Cloud",
                "OriginationDocNo": "63004494",
                "all_DeliveryStatus": "DeliveryInProgress",
                "all_ProjectedDate": null,
                "all_LastCallOffDate": "20250806",
                "all_CallOffStatus": "Pending",
                "GTA_ContactPersonIT": "29718594",
                "all_RequestedDate": null,
                "GTA_ProvisioningPayload": [],
                "srv_ServiceReportLink": null
            },
            {
                "EntitlementNo": 35285,
                "ValidFrom": "20240726",
                "ValidTo": "20250725",
                "CustomerID": "38360837",
                "CustomerName": "CBC Test WG 2024 07 / 69190 Walldorf",
                "OfferingName": "Baseline activation SAP S/4HANA Cloud",
                "OriginationDocNo": "63004859",
                "all_DeliveryStatus": null,
                "all_ProjectedDate": null,
                "all_LastCallOffDate": "20250726",
                "all_CallOffStatus": "Pending",
                "GTA_ContactPersonIT": "38269775",
                "all_RequestedDate": null,
                "GTA_ProvisioningPayload": [],
                "srv_ServiceReportLink": null
            },
            {
                "EntitlementNo": 35164,
                "ValidFrom": "20240808",
                "ValidTo": "20250808",
                "CustomerID": "38147355",
                "CustomerName": "Caddy Printing / Dallas TX 75244",
                "OfferingName": "Baseline activation SAP S/4HANA Cloud",
                "OriginationDocNo": "63004404",
                "all_DeliveryStatus": null,
                "all_ProjectedDate": null,
                "all_LastCallOffDate": "20250808",
                "all_CallOffStatus": "Pending",
                "GTA_ContactPersonIT": "38218417",
                "all_RequestedDate": null,
                "GTA_ProvisioningPayload": [],
                "srv_ServiceReportLink": null
            },
            {
                "EntitlementNo": 35194,
                "ValidFrom": "20240808",
                "ValidTo": "20250808",
                "CustomerID": "38147355",
                "CustomerName": "Caddy Printing / Dallas TX 75244",
                "OfferingName": "Baseline activation SAP S/4HANA Cloud",
                "OriginationDocNo": "63004594",
                "all_DeliveryStatus": null,
                "all_ProjectedDate": null,
                "all_LastCallOffDate": "20250808",
                "all_CallOffStatus": "Pending",
                "GTA_ContactPersonIT": "38218417",
                "all_RequestedDate": null,
                "GTA_ProvisioningPayload": [],
                "srv_ServiceReportLink": null
            },
            {
                "EntitlementNo": 35169,
                "ValidFrom": "20240808",
                "ValidTo": "20250808",
                "CustomerID": "50260742",
                "CustomerName": "Knowde / SAN JOSE CA 95110",
                "OfferingName": "Baseline activation SAP S/4HANA Cloud",
                "OriginationDocNo": "63004442",
                "all_DeliveryStatus": null,
                "all_ProjectedDate": null,
                "all_LastCallOffDate": "20250808",
                "all_CallOffStatus": "Pending",
                "GTA_ContactPersonIT": "50260741",
                "all_RequestedDate": null,
                "GTA_ProvisioningPayload": [],
                "srv_ServiceReportLink": null
            },
            {
                "EntitlementNo": 35266,
                "ValidFrom": "20240807",
                "ValidTo": "20270806",
                "CustomerID": "31284",
                "CustomerName": "Hunter Douglas Europe B.V. / 3008 AB ROTTERDAM",
                "OfferingName": "Baseline activation SAP S/4HANA Cloud",
                "OriginationDocNo": "63004831",
                "all_DeliveryStatus": null,
                "all_ProjectedDate": null,
                "all_LastCallOffDate": "20250807",
                "all_CallOffStatus": "Pending",
                "GTA_ContactPersonIT": "60426",
                "all_RequestedDate": null,
                "GTA_ProvisioningPayload": [],
                "srv_ServiceReportLink": null
            },
            {
                "EntitlementNo": 34752,
                "ValidFrom": "20240726",
                "ValidTo": "20250725",
                "CustomerID": "165133",
                "CustomerName": "Trek Bicycle Corporation / Waterloo WI 53594-1379",
                "OfferingName": "Custom Field Builder for SAP Ariba [SSt]",
                "OriginationDocNo": "63003074",
                "all_DeliveryStatus": "DeliveryCompleted",
                "all_ProjectedDate": null,
                "all_LastCallOffDate": "20250726",
                "all_CallOffStatus": "Pending",
                "GTA_ContactPersonIT": "38360846",
                "all_RequestedDate": null,
                "GTA_ProvisioningPayload": [],
                "srv_ServiceReportLink": null
            },
            {
                "EntitlementNo": 35202,
                "ValidFrom": "20240805",
                "ValidTo": "20270804",
                "CustomerID": "31779",
                "CustomerName": "Heineken España, S.A. / 41007 SEVILLA",
                "OfferingName": "Quick-start SAP Signavio P. Mgr,Coll Hub",
                "OriginationDocNo": "63004608",
                "all_DeliveryStatus": "DeliveryCompleted",
                "all_ProjectedDate": null,
                "all_LastCallOffDate": "20250805",
                "all_CallOffStatus": "Pending",
                "GTA_ContactPersonIT": "33013531",
                "all_RequestedDate": null,
                "GTA_ProvisioningPayload": [],
                "srv_ServiceReportLink": null
            },
            {
                "EntitlementNo": 35203,
                "ValidFrom": "20240804",
                "ValidTo": "20270803",
                "CustomerID": "31779",
                "CustomerName": "Heineken España, S.A. / 41007 SEVILLA",
                "OfferingName": "Baseline activation SAP S/4HANA Cloud",
                "OriginationDocNo": "63004609",
                "all_DeliveryStatus": "DeliveryCompleted",
                "all_ProjectedDate": null,
                "all_LastCallOffDate": "20250804",
                "all_CallOffStatus": "Pending",
                "GTA_ContactPersonIT": "118060",
                "all_RequestedDate": null,
                "GTA_ProvisioningPayload": [],
                "srv_ServiceReportLink": null
            },
            {
                "EntitlementNo": 34085,
                "ValidFrom": "20240718",
                "ValidTo": "20250718",
                "CustomerID": "163081",
                "CustomerName": "3M Company / SAINT PAUL MN 55144-1000",
                "OfferingName": "Baseline Activation SAP Commerce Cloud",
                "OriginationDocNo": "62996604",
                "all_DeliveryStatus": "DeliveryInProgress",
                "all_ProjectedDate": null,
                "all_LastCallOffDate": null,
                "all_CallOffStatus": "Pending",
                "GTA_ContactPersonIT": "15883737",
                "all_RequestedDate": null,
                "GTA_ProvisioningPayload": [
                    {
                        "Value": "504828227",
                        "Key": "transID"
                    }
                ],
                "srv_ServiceReportLink": null
            },
            {
                "EntitlementNo": 35244,
                "ValidFrom": "20240621",
                "ValidTo": "20270620",
                "CustomerID": "1089455",
                "CustomerName": "Flughafen Berlin Brandenburg GmbH (FBB) / 12521 Be",
                "OfferingName": "Baseline Activation SAP Commerce Cloud",
                "OriginationDocNo": "63004725",
                "all_DeliveryStatus": null,
                "all_ProjectedDate": null,
                "all_LastCallOffDate": "20250621",
                "all_CallOffStatus": "Pending",
                "GTA_ContactPersonIT": "2950229",
                "all_RequestedDate": null,
                "GTA_ProvisioningPayload": [],
                "srv_ServiceReportLink": null
            },
            {
                "EntitlementNo": 35239,
                "ValidFrom": "20240807",
                "ValidTo": "20270806",
                "CustomerID": "31284",
                "CustomerName": "Hunter Douglas Europe B.V. / 3008 AB ROTTERDAM",
                "OfferingName": "Baseline activation SAP S/4HANA Cloud",
                "OriginationDocNo": "63004766",
                "all_DeliveryStatus": "DeliveryCompleted",
                "all_ProjectedDate": null,
                "all_LastCallOffDate": "20250807",
                "all_CallOffStatus": "Pending",
                "GTA_ContactPersonIT": "60426",
                "all_RequestedDate": null,
                "GTA_ProvisioningPayload": [],
                "srv_ServiceReportLink": null
            },
            {
                "EntitlementNo": 35234,
                "ValidFrom": "20240807",
                "ValidTo": "20270806",
                "CustomerID": "31284",
                "CustomerName": "Hunter Douglas Europe B.V. / 3008 AB ROTTERDAM",
                "OfferingName": "Baseline activation SAP S/4HANA Cloud",
                "OriginationDocNo": "63004717",
                "all_DeliveryStatus": null,
                "all_ProjectedDate": null,
                "all_LastCallOffDate": "20250807",
                "all_CallOffStatus": "Pending",
                "GTA_ContactPersonIT": "60426",
                "all_RequestedDate": null,
                "GTA_ProvisioningPayload": [],
                "srv_ServiceReportLink": null
            },
            {
                "EntitlementNo": 35214,
                "ValidFrom": "20240621",
                "ValidTo": "20240930",
                "CustomerID": "1089455",
                "CustomerName": "Flughafen Berlin Brandenburg GmbH (FBB) / 12521 Be",
                "OfferingName": "Baseline Activation SAP Commerce Cloud",
                "OriginationDocNo": "63004671",
                "all_DeliveryStatus": null,
                "all_ProjectedDate": null,
                "all_LastCallOffDate": "20250621",
                "all_CallOffStatus": "Pending",
                "GTA_ContactPersonIT": "2950229",
                "all_RequestedDate": null,
                "GTA_ProvisioningPayload": [],
                "srv_ServiceReportLink": null
            },
            {
                "EntitlementNo": 35220,
                "ValidFrom": "20240807",
                "ValidTo": "20270806",
                "CustomerID": "31284",
                "CustomerName": "Hunter Douglas Europe B.V. / 3008 AB ROTTERDAM",
                "OfferingName": "Baseline activation SAP S/4HANA Cloud",
                "OriginationDocNo": "63004669",
                "all_DeliveryStatus": null,
                "all_ProjectedDate": null,
                "all_LastCallOffDate": "20250807",
                "all_CallOffStatus": "Pending",
                "GTA_ContactPersonIT": "60426",
                "all_RequestedDate": null,
                "GTA_ProvisioningPayload": [],
                "srv_ServiceReportLink": null
            },
            {
                "EntitlementNo": 35157,
                "ValidFrom": "20240802",
                "ValidTo": "20270801",
                "CustomerID": "163081",
                "CustomerName": "3M Company / SAINT PAUL MN 55144-1000",
                "OfferingName": "Enablement of SAP Sales cloud",
                "OriginationDocNo": "63004342",
                "all_DeliveryStatus": null,
                "all_ProjectedDate": null,
                "all_LastCallOffDate": "20250802",
                "all_CallOffStatus": "Pending",
                "GTA_ContactPersonIT": "35939557",
                "all_RequestedDate": null,
                "GTA_ProvisioningPayload": [],
                "srv_ServiceReportLink": null
            }
        ],
        "pageInfo": {
            "totalSize": 304,
            "pageSize": 100,
            "pageNum": 1
        }
    }
}