[
    {
        "UseCaseID": "S4MSupportCreate",
        "ModelNumber": "0000010459",
        "ComponentKey": "",
        "ComponentName": "CEC-SPA",
        "SystemNumber": "",
        "URL": "1",
        "Title": "SAP Commmerce Cloud hosting service Node 14/16 removal causing build failures",
        "Summary": "Due to security vulnerabilities in Node.js v14 and v16 that cannot be mitigated, both Node.js v14 and v16 will no longer be available for Commerce Cloud JavaScript storefront builds resulting in failed builds.For Node.js v14: As previously announced on Au",
        "Category": "KBA (Problem)",
        "KMNumber": "0003363029",
        "Domain": "SAP Knowledge Base Article",
        "SortOrder": "14",
        "Score": "0",
        "Type": "KBA",
        "Subtype": "Problem",
        "Tag": "[{\"tag_id\":\"F\",\"tag\":\"HOT\",\"tagalertdate\":20240426065923,\"tagexpirydate\":20240430232359}]",
        "ProductContext": ""
    },
    {
        "UseCaseID": "S4MSupportCreate",
        "ModelNumber": "0000010459",
        "ComponentKey": "",
        "ComponentName": "",
        "SystemNumber": "",
        "URL": "https://help.sap.com/docs/SAP_COMMERCE_CLOUD?version=latest",
        "Title": "Product Page for SAP Commerce Cloud",
        "Summary": "Get to know what’s new, and how to implement and use SAP Commerce Cloud.",
        "Category": "SAP Help Portal",
        "KMNumber": "0000000000",
        "Domain": "SAP Help Portal",
        "SortOrder": "9",
        "Score": "0",
        "Type": "Help Portal Product Page",
        "Subtype": "",
        "Tag": "[{\"tag_id\":\"T\",\"tag\":\"TRENDING\",\"tagalertdate\":20240426065923,\"tagexpirydate\":20240430232359}]",
        "ProductContext": ""
    },
    {
        "UseCaseID": "S4MSupportCreate",
        "ModelNumber": "0000010459",
        "ComponentKey": "",
        "ComponentName": "",
        "SystemNumber": "",
        "URL": "2",
        "Title": "Road Map for SAP Commerce Cloud",
        "Summary": "SAP Road Maps support the journey to SAP's future product portfolio and the Intelligent Enterprise.",
        "Category": "SAP Road Map Explorer",
        "KMNumber": "0000000000",
        "Domain": "SAP Road Map Explorer",
        "SortOrder": "8",
        "Score": "0",
        "Type": "Road Map",
        "Subtype": "",
        "Tag": "[{\"tag_id\":\"C\",\"tag\":\"CRITICAL\",\"tagalertdate\":20240426065923,\"tagexpirydate\":20240430232359}]",
        "ProductContext": ""
    },
    {
        "UseCaseID": "S4MSupportCreate",
        "ModelNumber": "0000010455",
        "ComponentKey": "",
        "ComponentName": "",
        "SystemNumber": "",
        "URL": "https://blogs.sap.com/tags/73555000100800001224/",
        "Title": "SAP Commerce Cloud",
        "Summary": "Get to know professional and personal experiences, views and insights of SAP Community members.",
        "Category": "SAP Community",
        "KMNumber": "0000000000",
        "Domain": "SAP Community",
        "SortOrder": "4",
        "Score": "0",
        "Type": "SAP Community Blogs",
        "Subtype": "",
        "Tag": "[{\"tag\":\"\",\"tagalertdate\":20200822000000,\"tagexpirydate\":99991231232359}]",
        "ProductContext": ""
    },
    {
        "UseCaseID": "S4MSupportCreate",
        "ModelNumber": "0000010459",
        "ComponentKey": "",
        "ComponentName": "",
        "SystemNumber": "",
        "URL": "3",
        "Title": "Questions around SAP Commerce Cloud",
        "Summary": "Find questions and answers from SAP Community members related to SAP Commerce Cloud",
        "Category": "SAP Community",
        "KMNumber": "0000000000",
        "Domain": "SAP Community",
        "SortOrder": "3",
        "Score": "0",
        "Type": "SAP Community Answers",
        "Subtype": "",
        "Tag": "[{\"tag\":\"Static\",\"tagalertdate\":20200822000000,\"tagexpirydate\":99991231232359}]",
        "ProductContext": ""
    }
]