[
    {
        "nr": "3048796",
        "score": 78.94798658159566,
        "type": "Note",
        "status": "Released for Customer",
        "summary": "In the tester worklist, you select a test case of type test step to create a test note for it. Among other options, the system proposes 'create from test document'. When you select that option, the system actually does not create any test note. Reaso",
        "component": "SV-SMG-TWB-PLN",
        "title": "System Proposes 'Test Note Creation from Test Document ' for Unsupported Test Case Types",
        "released_at": "2021-05-21T00:00:00",
        "trending": false,
        "hot": true,
        "category": "Program error",
        "age": "Released 1 year ago",
        "url": "1",
        "external_url": "https://launchpad.support.sap.com/#/notes/3048796",
        "componentLong": ""
    },
    {
        "nr": "2824924",
        "score": 78.39417544926454,
        "type": "Note",
        "status": "Released for Customer",
        "summary": "You are using Focused Build Test Steps Extension. When you unassign the first tester from the test package the remaining tester dont see the test steps in their test cases anymore. This happens specifialy for shared test cases where multiple tester s",
        "component": "SV-SMG-OST-FB",
        "title": "Focused Build: No Test Steps Texts after unassigning a Tester from Test Package",
        "released_at": "2021-06-15T00:00:00",
        "trending": true,
        "hot": false,
        "category": "Program error",
        "age": "Released 1 year ago",
        "url": "2",
        "external_url": "https://launchpad.support.sap.com/#/notes/2824924",
        "componentLong": ""
    },
    {
        "nr": "3004545",
        "score": 77.21465139561155,
        "type": "Note",
        "status": "Released for Customer",
        "summary": "You use Focused Build Test Steps to design and execute manual test cases with SAP Solution Manager. You assign test cases to Test Packages in Test Plan Management via the function \"Assign to\". Afterwards, you open a test case of type Test Steps in My",
        "component": "SV-SMG-TWB-PLN",
        "title": "'Bad Request' Error for Test Steps test case in My Test Executions when using Assign to Test Package in Test Plan Management",
        "released_at": "2020-12-15T00:00:00",
        "trending": false,
        "hot": false,
        "category": "Program error",
        "age": "Released 1 year ago",
        "url": "3",
        "external_url": "https://launchpad.support.sap.com/#/notes/3004545",
        "componentLong": ""
    },
    {
        "nr": "3036684",
        "score": 76.91333162419261,
        "type": "Note",
        "status": "Released for Customer",
        "summary": "You use Focused Build Test Steps to design and execute manual test cases with SAP Solution Manager. In Test Suite Test Plan Management you create a Test Plan including a Test Steps test case. During this creation the authorizations for folders in Tes",
        "component": "SV-SMG-OST-FB-TWB",
        "title": "Focused Build - Test Steps: Folder Authorizations checked during Test Plan Creation",
        "released_at": "2021-03-17T00:00:00",
        "trending": false,
        "hot": false,
        "category": "Program error",
        "age": "Released 1 year ago",
        "url": "4",
        "external_url": "https://launchpad.support.sap.com/#/notes/3036684",
        "componentLong": ""
    },
    {
        "nr": "2129147",
        "score": 76.33630479311572,
        "type": "Note",
        "status": "Released for Customer",
        "summary": "The Test Automation Tool of the SAP S/4HANA Cloud suite enables you to automate and accelerate all business process tests in S/4HANA. The business process tests can include tests during the implementation phase, user acceptance tests, or regression t",
        "component": "CA-CTT-S4C",
        "title": "Test Automation Tool for S/4HANA Cloud - Additional Info",
        "released_at": "2022-01-04T00:00:00",
        "trending": true,
        "hot": false,
        "category": "Consulting",
        "age": "Released 11 months ago",
        "url": "5",
        "external_url": "https://launchpad.support.sap.com/#/notes/2129147",
        "componentLong": ""
    },
    {
        "nr": "3012046",
        "score": 76.04646351935544,
        "type": "Note",
        "status": "Released for Customer",
        "summary": "You use Focused Build Test Steps together with Test Steps Parameters to design and execute manual test cases with SAP Solution Manager. In the application Test Steps Parameters you recognize that a certain Test Plan is not listed or you cannot add pa",
        "component": "SV-SMG-OST-FB-TWB",
        "title": "Focused Build - Test Steps Parameter: Cannot add Parameter Values for specific Test Plans",
        "released_at": "2021-01-14T00:00:00",
        "trending": false,
        "hot": false,
        "category": "Program error",
        "age": "Released 1 year ago",
        "url": "6",
        "external_url": "https://launchpad.support.sap.com/#/notes/3012046",
        "componentLong": ""
    },
    {
        "nr": "2885028",
        "score": 74.43911675387035,
        "type": "Note",
        "status": "Released for Customer",
        "summary": "In both analytics reports, \"Test Plan or Test Package - Test Case Analysis\", test note and test result related icons are not properly set; whenever the business user defines a test note or a test result for a test step, the reports do not provide the",
        "component": "SV-SMG-TWB-PLN",
        "title": "Analytics: Test Plan or Test Package - Test Case Analysis: Test result not set for Test Step",
        "released_at": "2020-08-26T00:00:00",
        "trending": false,
        "hot": false,
        "category": "Program error",
        "age": "Released 2 years ago",
        "url": "7",
        "external_url": "https://launchpad.support.sap.com/#/notes/2885028",
        "componentLong": ""
    },
    {
        "nr": "2933919",
        "score": 73.6920926038447,
        "type": "Note",
        "status": "Released for Customer",
        "summary": "You are dealing with a test package built as reference to a test sequence. You observe one of the following issues in the test package maintenance Web Dynpro application: In the tab \"Status\", a test case shows the flag \"ready to test\", which is not t",
        "component": "SV-SMG-TWB-PLN",
        "title": "Test Package inconsistency after Test Sequence update",
        "released_at": "2020-07-24T00:00:00",
        "trending": false,
        "hot": false,
        "category": "Program error",
        "age": "Released 2 years ago",
        "url": "8",
        "external_url": "https://launchpad.support.sap.com/#/notes/2933919",
        "componentLong": ""
    },
    {
        "nr": "2924884",
        "score": 72.17940462744436,
        "type": "Note",
        "status": "Released for Customer",
        "summary": "You have change the test sequence order and decide to reset the execution data from the first change. If the worklow is active for the test plan, the tester assigned to the test case which becomes ready to test due to the reset receives a notificatio",
        "component": "SV-SMG-TWB-PLN",
        "title": "Wrong Test Case Name in Ready to Test Nntification mail when reseting Test Sequence",
        "released_at": "2020-05-12T00:00:00",
        "trending": false,
        "hot": false,
        "category": "Program error",
        "age": "Released 2 years ago",
        "url": "9",
        "external_url": "https://launchpad.support.sap.com/#/notes/2924884",
        "componentLong": ""
    },
    {
        "nr": "2904066",
        "score": 71.38753698807005,
        "type": "Note",
        "status": "Released for Customer",
        "summary": "You edit the test case selection of a test plan using the test plan maintenance UI. There you press the toolbar button 'Remove Unassigned Test Cases'. This results in the removal of not only unassigned test cases but also of test cases with existing ",
        "component": "SV-SMG-TWB-PLN",
        "title": "Removal of Unassigned Test Cases Damaging Test Plan Test Case Selection",
        "released_at": "2020-04-03T00:00:00",
        "trending": false,
        "hot": false,
        "category": "Program error",
        "age": "Released 2 years ago",
        "url": "10",
        "external_url": "https://launchpad.support.sap.com/#/notes/2904066",
        "componentLong": ""
    }
]