[
    {
        "pointer": "002075129500000839432022",
        "noteType": "99",
        "noteText": "&lt;div&gt;&lt;p&gt;Product Area selected: Non-Product Related Topics &lt;br /&gt;Component selected (Manual Selection): LOD-CRM-SC-TMP&lt;br /&gt;&lt;br /&gt;--- Description ---&lt;br /&gt;BCP Test Linda please ignore - 0201&lt;br /&gt;BCP Test Linda please ignore - 0201&lt;/p&gt;&lt;/div&gt;",
        "updateDate": "02-01-2022"
    },
    {
        "pointer": "002075129500000839432022",
        "noteType": "01",
        "noteText": "&lt;div&gt; &lt;html xmlns=\"http://www.w3.org/1999/xhtml\"&gt;&lt;head&gt;&lt;/head&gt;&lt;body&gt;&lt;p style=\"font-size: 12; margin: 0px;\"&gt;ca&lt;/p&gt;&lt;/body&gt;&lt;/html&gt;&lt;/div&gt;",
        "updateDate": "02-01-2022"
    },
    {
        "pointer": "002075129500000839432022",
        "noteType": "06",
        "noteText": "&lt;div&gt; &lt;html xmlns=\"http://www.w3.org/1999/xhtml\"&gt;&lt;head&gt;&lt;/head&gt;&lt;body&gt;&lt;p style=\"font-size: 12; margin: 0px;\"&gt;manual&lt;/p&gt;&lt;/body&gt;&lt;/html&gt;&lt;/div&gt;",
        "updateDate": "02-01-2022"
    },
    {
        "pointer": "002075129500000839432022",
        "noteType": "CT",
        "noteText": "&lt;div&gt; &lt;html xmlns=\"http://www.w3.org/1999/xhtml\"&gt;&lt;head&gt;&lt;/head&gt;&lt;body&gt;&lt;p style=\"font-size: 12; margin: 0px;\"&gt;this is a call from customer&lt;/p&gt;&lt;/body&gt;&lt;/html&gt;&lt;/div&gt;",
        "updateDate": "02-01-2022"
    },
    {
        "pointer": "002075129500000839432022",
        "noteType": "ST",
        "noteText": "&lt;div&gt; &lt;html xmlns=\"http://www.w3.org/1999/xhtml\"&gt;&lt;head&gt;&lt;/head&gt;&lt;body&gt;&lt;p style=\"font-size: 12; margin: 0px;\"&gt;Contact Person: Ms. Alexandra Paul&lt;br/&gt;Call time: 2022.02.01 / 15:43:32 / CET&lt;br/&gt;Contact Number: adf&lt;br/&gt;Customer reached Y/N:&lt;br/&gt;Call back Y/N:&lt;br/&gt;Subject of Call:adfasdf&lt;/p&gt;&lt;/body&gt;&lt;/html&gt;&lt;/div&gt;",
        "updateDate": "02-01-2022"
    }
]
