{
    "nodeId": 52,
    "title": "FlowConnect_Buyer_API_Q7",
    "displayText": "<p class=\"GuidedAssistanceQuestion\">What is your issue with SOAP APIs (Webservices)?</p>",
    "responses": [
        {
            "label": "Web service configuration",
            "target": 53,
            "order": 1
        },
        {
            "label": "Business use case",
            "target": 21,
            "order": 1
        },
        {
            "label": "View status of a web service event",
            "target": 22,
            "order": 1
        },
        {
            "label": "Error",
            "target": 54,
            "order": 1
        },
        {
            "label": "Something else",
            "target": 23,
            "order": 1
        }
    ]
}