[
    {
        "serviceName": "Max Attention",
        "contractNumber": "000001",
        "contractType": "Premium Engagement",
        "contractTypeID": "PE",
        "startDate": "2020-10-03",
        "endDate": "2021-08-10",
        "isFavorite": true
    },
    {
        "serviceName": "Active Attention",
        "contractNumber": "000007",
        "contractType": "Premium Engagement",
        "contractTypeID": "PE",
        "startDate": "2019-02-10",
        "endDate": "2022-08-10",
        "isFavorite": false
    },
    {
        "serviceName": "Premium Engagement Service",
        "contractNumber": "000006",
        "contractType": "Premium Engagement",
        "contractTypeID": "PE",
        "startDate": "2019-05-26",
        "endDate": "2020-08-10",
        "isFavorite": true
    },
    {
        "serviceName": "Ariba",
        "contractNumber": "000004",
        "contractType": "Preferred Success",
        "contractTypeID": "PS",
        "startDate": "2019-05-26",
        "endDate": "2020-07-15",
        "isFavorite": true
    },
    {
        "serviceName": "Success Factors",
        "contractNumber": "000005",
        "contractType": "Preferred Success",
        "contractTypeID": "PS",
        "startDate": "2018-09-26",
        "endDate": "2020-03-10",
        "isFavorite": false
    },
    {
        "serviceName": "Preferred Success Service",
        "contractNumber": "000003",
        "contractType": "Preferred Success",
        "contractTypeID": "PS",
        "startDate": "2019-05-26",
        "endDate": "2024-11-10",
        "isFavorite": true
    },
    {
        "serviceName": "Enterprise Support Service",
        "contractNumber": "000002",
        "contractType": "Enterprise Support",
        "contractTypeID": "ES",
        "startDate": "2019-04-29",
        "endDate": "2027-05-29",
        "isFavorite": false
    }
]
