[
    {
        "SystemNumber": "000000000850641080",
        "ModelNumber": "0000010000",
        "ModelCategory": "Product",
        "RelationshipType": "Related Product",
        "DisplayName": "SAP S/4HANA",
        "FullName": "SAP S/4HANA",
        "Name": "SAP S/4HANA",
        "SoftwareProductNumber": "01200314690800001945",
        "SoftwareProduct": "SAP HANA, platform edition",
        "Level": "1 ",
        "DrillState": "Expanded",
        "ParentModelNumber": "",
        "DefaultCompKey": "",
        "DefaultCompName": "",
        "AddSearchTerms": " ",
        "SortOrder": "50000"
    },
    {
        "SystemNumber": "000000000850641080",
        "ModelNumber": "0000010012",
        "ModelCategory": "Product",
        "RelationshipType": "Related Product",
        "DisplayName": "SAP enhancement package for SAP CRM",
        "FullName": "SAP enhancement package for SAP CRM",
        "Name": "SAP enhancement package for SAP CRM",
        "SoftwareProductNumber": "01200314690800001945",
        "SoftwareProduct": "SAP HANA, platform edition",
        "Level": "1 ",
        "DrillState": "Expanded",
        "ParentModelNumber": "",
        "DefaultCompKey": "",
        "DefaultCompName": "",
        "AddSearchTerms": " ",
        "SortOrder": "40000"
    },
    {
        "SystemNumber": "000000000850641080",
        "ModelNumber": "0000010064",
        "ModelCategory": "Product",
        "RelationshipType": "Related Product",
        "DisplayName": "SAP BusinessObjects Business Intelligence platform",
        "FullName": "SAP BusinessObjects Business Intelligence platform",
        "Name": "SAP BusinessObjects Business Intelligence platform",
        "SoftwareProductNumber": "01200314690800001945",
        "SoftwareProduct": "SAP HANA, platform edition",
        "Level": "1 ",
        "DrillState": "Expanded",
        "ParentModelNumber": "",
        "DefaultCompKey": "",
        "DefaultCompName": "",
        "AddSearchTerms": " ",
        "SortOrder": "0"
    },
    {
        "SystemNumber": "000000000850641080",
        "ModelNumber": "0000010085",
        "ModelCategory": "Product",
        "RelationshipType": "Enabled by Software",
        "DisplayName": "SAP HANA dynamic tiering",
        "FullName": "SAP HANA dynamic tiering",
        "Name": "SAP HANA dynamic tiering",
        "SoftwareProductNumber": "01200314690800001945",
        "SoftwareProduct": "SAP HANA, platform edition",
        "Level": "1 ",
        "DrillState": "Expanded",
        "ParentModelNumber": "",
        "DefaultCompKey": "",
        "DefaultCompName": "",
        "AddSearchTerms": " ",
        "SortOrder": "0"
    },
    {
        "SystemNumber": "000000000850641080",
        "ModelNumber": "0000010085",
        "ModelCategory": "Product",
        "RelationshipType": "Enabled by Software",
        "DisplayName": "SAP HANA dynamic tiering",
        "FullName": "SAP HANA dynamic tiering",
        "Name": "SAP HANA dynamic tiering",
        "SoftwareProductNumber": "01200314690800001945",
        "SoftwareProduct": "SAP HANA, platform edition",
        "Level": "1 ",
        "DrillState": "Expanded",
        "ParentModelNumber": "",
        "DefaultCompKey": "",
        "DefaultCompName": "",
        "AddSearchTerms": " ",
        "SortOrder": "0"
    },
    {
        "SystemNumber": "000000000850641080",
        "ModelNumber": "0000010085",
        "ModelCategory": "Product",
        "RelationshipType": "Enabled by Software",
        "DisplayName": "SAP HANA dynamic tiering",
        "FullName": "SAP HANA dynamic tiering",
        "Name": "SAP HANA dynamic tiering",
        "SoftwareProductNumber": "01200314690800001945",
        "SoftwareProduct": "SAP HANA, platform edition",
        "Level": "1 ",
        "DrillState": "Expanded",
        "ParentModelNumber": "",
        "DefaultCompKey": "",
        "DefaultCompName": "",
        "AddSearchTerms": " ",
        "SortOrder": "0"
    },
    {
        "SystemNumber": "000000000850641080",
        "ModelNumber": "0000010090",
        "ModelCategory": "Product",
        "RelationshipType": "Related Product",
        "DisplayName": "SAP Data Intelligence",
        "FullName": "SAP Data Intelligence",
        "Name": "SAP Data Intelligence",
        "SoftwareProductNumber": "01200314690800001945",
        "SoftwareProduct": "SAP HANA, platform edition",
        "Level": "1 ",
        "DrillState": "Expanded",
        "ParentModelNumber": "",
        "DefaultCompKey": "",
        "DefaultCompName": "",
        "AddSearchTerms": " ",
        "SortOrder": "0"
    },
    {
        "SystemNumber": "000000000850641080",
        "ModelNumber": "0000010134",
        "ModelCategory": "Product",
        "RelationshipType": "Enabled by Software",
        "DisplayName": "SAP Landscape Transformation replication server",
        "FullName": "SAP Landscape Transformation replication server",
        "Name": "SAP Landscape Transformation replication server",
        "SoftwareProductNumber": "01200314690800001945",
        "SoftwareProduct": "SAP HANA, platform edition",
        "Level": "1 ",
        "DrillState": "Expanded",
        "ParentModelNumber": "",
        "DefaultCompKey": "",
        "DefaultCompName": "",
        "AddSearchTerms": " ",
        "SortOrder": "0"
    },
    {
        "SystemNumber": "000000000850641080",
        "ModelNumber": "0000010152",
        "ModelCategory": "Product",
        "RelationshipType": "Related Product",
        "DisplayName": "SAP Crystal Server",
        "FullName": "SAP Crystal Server",
        "Name": "SAP Crystal Server",
        "SoftwareProductNumber": "01200314690800001945",
        "SoftwareProduct": "SAP HANA, platform edition",
        "Level": "1 ",
        "DrillState": "Expanded",
        "ParentModelNumber": "",
        "DefaultCompKey": "",
        "DefaultCompName": "",
        "AddSearchTerms": " ",
        "SortOrder": "0"
    },
    {
        "SystemNumber": "000000000850641080",
        "ModelNumber": "0000010175",
        "ModelCategory": "Product",
        "RelationshipType": "Related Product",
        "DisplayName": "SAP Customer Activity Repository applications bundle",
        "FullName": "SAP Customer Activity Repository applications bundle",
        "Name": "SAP Customer Activity Repository applications bundle",
        "SoftwareProductNumber": "01200314690800001945",
        "SoftwareProduct": "SAP HANA, platform edition",
        "Level": "1 ",
        "DrillState": "Expanded",
        "ParentModelNumber": "",
        "DefaultCompKey": "",
        "DefaultCompName": "",
        "AddSearchTerms": " ",
        "SortOrder": "0"
    },
    {
        "SystemNumber": "000000000850641080",
        "ModelNumber": "0000010372",
        "ModelCategory": "Product",
        "RelationshipType": "Enabled by Software",
        "DisplayName": "SAP HANA smart data integration",
        "FullName": "SAP HANA smart data integration",
        "Name": "SAP HANA smart data integration",
        "SoftwareProductNumber": "01200314690800001945",
        "SoftwareProduct": "SAP HANA, platform edition",
        "Level": "1 ",
        "DrillState": "Expanded",
        "ParentModelNumber": "",
        "DefaultCompKey": "",
        "DefaultCompName": "",
        "AddSearchTerms": " ",
        "SortOrder": "60000"
    },
    {
        "SystemNumber": "000000000850641080",
        "ModelNumber": "0000010431",
        "ModelCategory": "Product",
        "RelationshipType": "Enabled by Software",
        "DisplayName": "SAP HANA, platform edition",
        "FullName": "SAP HANA, platform edition",
        "Name": "SAP HANA, platform edition",
        "SoftwareProductNumber": "01200314690800001945",
        "SoftwareProduct": "SAP HANA, platform edition",
        "Level": "1 ",
        "DrillState": "Expanded",
        "ParentModelNumber": "",
        "DefaultCompKey": "",
        "DefaultCompName": "",
        "AddSearchTerms": " ",
        "SortOrder": "-6000"
    }
]