[
    {
        "id": "RITM0133612",
        "sysId": "0",
        "number": "RITM0133612",
        "requestFor": "Maria M (S0017696812)",
        "entity": "YT3.500170712",
        "systemRole": "EC - HANA System",
        "type": "HEC - HANA System 12",
        "title": "ECS - Application Security Updates 12",
        "chargeableService": "CHARGEABLE",
        "topic": "ECS CAS",
        "createdOn": "2021-11-26 15:40:54",
        "createdByUserName": "Maria M ",
        "createdBy": "S002016655",
        "startsAt": "2022-08-30 00:00:00",
        "status": "Approved",
        "hasPassword": "true",
        "technicalSystem": "YT3.500170712",
        "systemNumber": "500170712",
        "userPasswordList": "test1,test2,test3",
        "isClassic": false,
        "isOpen": true
    },
    {
        "id": "RITM0133613",
        "sysId": "01",
        "number": "RITM0133613",
        "requestFor": "Maria M (S0017696813)",
        "entity": "YT3.500170713",
        "systemRole": "HEC - ABAP System",
        "type": "HEC - HANA System 13",
        "title": "ECS - Application Security Updates 13",
        "chargeableService": "CHARGEABLE",
        "topic": "ECS CAS 13",
        "createdOn": "2021-11-13 15:40:54",
        "createdByUserName": "Maria M ",
        "createdBy": "S0017696813",
        "startsAt": "2022-08-30 00:00:00",
        "status": "Pending",
        "hasPassword": "false",
        "technicalSystem": "YT3.500170793",
        "systemNumber": "500170713",
        "userPasswordList": "test1,test2,test3",
        "isClassic": true,
        "isOpen": false
    },
    {
        "id": "RITM0133614",
        "sysId": "33",
        "number": "RITM0133614",
        "requestFor": "Maria M (S0017696814)",
        "entity": "YT3.500170714",
        "systemRole": "HEC - ABAP System",
        "type": "HEC - HANA System 14",
        "title": "ECS - Application Security Updates 14",
        "chargeableService": "CHARGEABLE",
        "topic": "ECS CAS 14",
        "createdOn": "2021-11-14 15:40:54",
        "createdByUserName": "Maria M ",
        "createdBy": "S0017696847",
        "startsAt": "2022-08-30 00:00:00",
        "status": "Pending",
        "hasPassword": "true",
        "technicalSystem": "YT3.500170714",
        "systemNumber": "500170714",
        "userPasswordList": "test1,test2,test3",
        "isClassic": false,
        "isOpen": true
    },
    {
        "id": "RITM0133615",
        "sysId": "44",
        "number": "RITM0133615",
        "requestFor": "Maria M (S0017696815)",
        "entity": "YT3.500170715",
        "systemRole": "HEC - ABAP System",
        "type": "HEC - HANA System 15",
        "title": "ECS - Application Security Updates 15",
        "chargeableService": "CHARGEABLE",
        "topic": "ECS CAS 15",
        "createdOn": "2021-11-15 15:40:54",
        "createdByUserName": "Maria M ",
        "createdBy": "S0017696815",
        "startsAt": "2022-08-15 00:00:00",
        "status": "Scheduled",
        "hasPassword": "true",
        "technicalSystem": "YT3.500170715",
        "systemNumber": "500170715",
        "userPasswordList": "test1,test2,test3",
        "isClassic": false,
        "isOpen": true
    },{
        "id": "RITM0133616",
        "sysId": "12",
        "number": "RITM0133616",
        "requestFor": "Maria M (S0017696816)",
        "entity": "YT3.500170716",
        "systemRole": "HEC - ABAP System",
        "type": "HEC - HANA System",
        "title": "ECS - Application Security Updates",
        "chargeableService": "CHARGEABLE",
        "topic": "ECS CAS",
        "createdOn": "2021-11-16 15:40:54",
        "createdByUserName": "Maria M ",
        "createdBy": "S0017696847",
        "startsAt": "2022-08-30 00:00:00",
        "status": "Scheduled",
        "hasPassword": "false",
        "technicalSystem": "YT3.500170716",
        "systemNumber": "500170716",
        "userPasswordList": "test1,test2,test3",
        "isClassic": false,
        "isOpen": false
    },
    {
        "id": "RITM0133617",
        "sysId": "123",
        "number": "RITM0133617",
        "requestFor": "Maria M (S0017696817)",
        "entity": "YT3.500170793",
        "systemRole": "HEC - ABAP System",
        "type": "HEC - HANA System 17",
        "title": "ECS - Application Security Updates 17",
        "chargeableService": "CHARGEABLE",
        "topic": "ECS CAS 17",
        "createdOn": "2021-11-17 15:40:54",
        "createdByUserName": "Maria M ",
        "createdBy": "S0017696817",
        "startsAt": "2022-08-30 00:00:00",
        "status": "Scheduled",
        "hasPassword": "false",
        "technicalSystem": "YT3.500170717",
        "systemNumber": "500170717",
        "userPasswordList": "test1,test2,test3",
        "isClassic": false,
        "isOpen": false
    },
    {
        "id": "RITM0133618",
        "sysId": "21",
        "number": "RITM0133618",
        "requestFor": "Maria M (S0017696818)",
        "entity": "YT3.500170718",
        "systemRole": "HEC - ABAP System",
        "type": "HEC - HANA System 18",
        "title": "ECS - Application Security Updates 18",
        "chargeableService": "CHARGEABLE",
        "topic": "ECS CAS",
        "createdOn": "2021-11-18 15:40:54",
        "createdByUserName": "Maria M ",
        "createdBy": "S002016655",
        "startsAt": "2022-08-30 00:00:00",
        "status": "Scheduled",
        "hasPassword": "false",
        "technicalSystem": "YT3.500170718",
        "systemNumber": "500170718",
        "userPasswordList": "test1,test2,test3",
        "isClassic": false,
        "isOpen": false
    },
    {
        "id": "RITM0133619",
        "sysId": "43",
        "number": "RITM0133619",
        "requestFor": "Maria M (S0017696819)",
        "entity": "YT3.500170719",
        "systemRole": "HEC - ABAP System",
        "type": "HEC - HANA System 19",
        "title": "ECS - Application Security Updates 19",
        "chargeableService": "CHARGEABLE",
        "topic": "ECS CAS 19",
        "createdOn": "2021-11-19 15:40:54",
        "createdByUserName": "Maria M ",
        "createdBy": "S002016655",
        "startsAt": "2022-08-30 00:00:00",
        "status": "Scheduled",
        "hasPassword": "true",
        "technicalSystem": "YT3.500170719",
        "systemNumber": "500170719",
        "userPasswordList": "test1,test2",
        "isClassic": false,
        "isOpen": false
    },
    {
        "id": "RITM0133620",
        "sysId": "54",
        "number": "RITM0133620",
        "requestFor": "Maria M (S0017696820)",
        "entity": "YT3.500170720",
        "systemRole": "HEC - ABAP System",
        "type": "HEC - HANA System 20",
        "title": "ECS - Application Security Updates 20",
        "chargeableService": "CHARGEABLE",
        "topic": "ECS CAS",
        "createdOn": "2021-11-20 15:40:54",
        "createdByUserName": "Maria M ",
        "createdBy": "S002016655",
        "startsAt": "2022-08-30 00:00:00",
        "status": "Scheduled",
        "hasPassword": "false",
        "technicalSystem": "YT3.500170720",
        "systemNumber": "500170720",
        "userPasswordList": "test1,test2,test3",
        "isClassic": false,
        "isOpen": false
    },
    {
        "id": "RITM0133621",
        "sysId": "65",
        "number": "RITM0133621",
        "requestFor": "Maria M (S0017696821)",
        "entity": "YT3.52100170793",
        "systemRole": "HEC - ABAP System",
        "type": "HEC - HANA System 21",
        "title": "ECS - Application Security Updates 21",
        "chargeableService": "CHARGEABLE",
        "topic": "ECS CAS",
        "createdOn": "2021-11-21 15:40:54",
        "createdByUserName": "Maria M ",
        "createdBy": "S002016655",
        "startsAt": "2022-08-30 00:00:00",
        "status": "Scheduled",
        "hasPassword": "false",
        "technicalSystem": "YT3.500170721",
        "systemNumber": "500170721",
        "userPasswordList": "test1,test2,test3",
        "isClassic": false,
        "isOpen": false
    },{
        "id": "RITM0133622",
        "sysId": "76",
        "number": "RITM0133622",
        "requestFor": "Maria M (S0017696822)",
        "entity": "YT3.500170722",
        "systemRole": "HEC - ABAP System",
        "type": "HEC - HANA System 22",
        "title": "ECS - Application Security Updates 22",
        "chargeableService": "CHARGEABLE",
        "topic": "ECS CAS",
        "createdOn": "2021-11-22 15:40:54",
        "createdByUserName": "Maria M ",
        "createdBy": "S002016655",
        "startsAt": "2022-08-30 00:00:00",
        "status": "Scheduled",
        "hasPassword": "true",
        "technicalSystem": "YT3.500170722",
        "systemNumber": "500170722",
        "userPasswordList": "test1,test2,test3",
        "isClassic": true,
        "isOpen": true
    }
]
