[

    {
        "incidentID": "002075126000001668492022",
        "subject": "This is a test for XX component",
        "status": "Sent to SAP",
        "statusKey": "2",
        "reporter": "S002016655",
        "priorityKey": "4",
        "priorityText": "Low",
        "lastChanged": "20220902065553"
    },
    {
        "incidentID": "002075129200002146852022",
        "subject": "This is a test for EUDP BCP",
        "status": "In Processing by SAP",
        "statusKey": "2",
        "reporter": "S002016655",
        "priorityKey": "1",
        "priorityText": "Very High",
        "lastChanged": "20220901080132"
    },
    {
        "incidentID": "002075129200002276832022",
        "subject": "This is a test on overrule EUDP",
        "status": "In Processing by SAP",
        "statusKey": "2",
        "reporter": "S002016655",
        "priorityKey": "1",
        "priorityText": "Very High",
        "lastChanged": "20220901065525"
    },
    {
        "incidentID": "002075129200002019532022",
        "subject": "cjl test",
        "status": "Sent to SAP",
        "statusKey": "2",
        "reporter": "S002016655",
        "priorityKey": "1",
        "priorityText": "Very High",
        "lastChanged": "20220901062120"
    },
    {
        "incidentID": "002075129200002282422022",
        "subject": "This is a test for system SCP - SAP TEST ACCOUNT",
        "status": "Sent to SAP",
        "statusKey": "2",
        "reporter": "S002016655",
        "priorityKey": "3",
        "priorityText": "Medium",
        "lastChanged": "20220831231206"
    },
    {
        "incidentID": "002075126000001668502022",
        "subject": "This is a test on XX-SER-SAPSMP-USR",
        "status": "Sent to SAP",
        "statusKey": "2",
        "reporter": "S002016655",
        "priorityKey": "4",
        "priorityText": "Low",
        "lastChanged": "20220831230714"
    },
    {
        "incidentID": "002075126000001668482022",
        "subject": "This is a test on priority limit",
        "status": "Sent to SAP",
        "statusKey": "2",
        "reporter": "S002016655",
        "priorityKey": "3",
        "priorityText": "Medium",
        "lastChanged": "20220831071423"
    },
    {
        "incidentID": "002075126000001668472022",
        "subject": "This is a test for Priority Limit",
        "status": "Sent to SAP",
        "statusKey": "2",
        "reporter": "S002016655",
        "priorityKey": "3",
        "priorityText": "Medium",
        "lastChanged": "20220831065059"
    },
    {
        "incidentID": "002075129200002279082022",
        "subject": "test for qualtrics",
        "status": "Sent to SAP",
        "statusKey": "2",
        "reporter": "S002016655",
        "priorityKey": "3",
        "priorityText": "Medium",
        "lastChanged": "20220831032627"
    },
    {
        "incidentID": "002075129200002278972022",
        "subject": "asdasdsad",
        "status": "Not Sent to SAP",
        "statusKey": "2",
        "reporter": "S002016655",
        "priorityKey": "3",
        "priorityText": "Medium",
        "lastChanged": "20220831025335"
    }
]