 {
        "results": [
            {
                "LanguageSelDesc": "Select Language",
                "LanguageSel": "en-us",
                "LanguageDesc": "Select Language"
            },
            {
                "LanguageSelDesc": "French",
                "LanguageSel": "fr-fr",
                "LanguageDesc": "Select Language"
            },
            {
                "LanguageSelDesc": "German",
                "LanguageSel": "de-de",
                "LanguageDesc": "Select Language"
            },
            {
                "LanguageSelDesc": "Italian",
                "LanguageSel": "it-it",
                "LanguageDesc": "Select Language"
            },
            {
                "LanguageSelDesc": "Japanese",
                "LanguageSel": "ja-jp",
                "LanguageDesc": "Select Language"
            },
            {
                "LanguageSelDesc": "Korean",
                "LanguageSel": "ko-kr",
                "LanguageDesc": "Select Language"
            },
            {
                "LanguageSelDesc": "Portuguese",
                "LanguageSel": "pt-br",
                "LanguageDesc": "Select Language"
            },
            {
                "LanguageSelDesc": "Russian",
                "LanguageSel": "ru-ru",
                "LanguageDesc": "Select Language"
            },
            {
                "LanguageSelDesc": "Simplified Chinese",
                "LanguageSel": "zh-cn",
                "LanguageDesc": "Select Language"
            },
            {
                "LanguageSelDesc": "Spanish",
                "LanguageSel": "es-es",
                "LanguageDesc": "Select Language"
            }
        ]
    }
