[
    {
        "Type": "",
        "Uname": "S0018132425",
        "ShortText": "",
        "LongText": "",
        "SWType": "",
        "Category": "COMPADV",
        "CompKey": "0000034949",
        "CompName": "XX-SER-SAPSMP-USR",
        "CompDesc": "User Administration",
        "CompPath": "User Administration",
        "PrioLimit": "XX",
        "NotSelectable": "",
        "Installation": "",
        "ChatDepartmentId": "",
        "SystemNr": "",
        "NodePath": "",
        "NodeAdvice": ""
    },
    {
        "Type": "",
        "Uname": "S0018132425",
        "ShortText": "",
        "LongText": "",
        "SWType": "",
        "Category": "COMPADV",
        "CompKey": "0000069155",
        "CompName": "LOD-SF-PLT-NAV",
        "CompDesc": "Custom Navigation",
        "CompPath": "Platform Foundational Capabilities > Custom Navigation",
        "PrioLimit": "",
        "NotSelectable": "",
        "Installation": "",
        "ChatDepartmentId": "",
        "SystemNr": "",
        "NodePath": "",
        "NodeAdvice": ""
    },
    {
        "Type": "",
        "Uname": "S0018132425",
        "ShortText": "",
        "LongText": "",
        "SWType": "",
        "Category": "COMPADV",
        "CompKey": "103285",
        "CompName": "LOD-SF-EC-PER-EML",
        "CompDesc": "Email Info - Config, Rules, RBP, UI",
        "CompPath": "Employee Central > Person Data (All Person Data Types) > Email Info - Config, Rules, RBP, UI",
        "PrioLimit": "",
        "NotSelectable": "",
        "Installation": "",
        "ChatDepartmentId": "",
        "SystemNr": "",
        "NodePath": "",
        "NodeAdvice": ""
    },
    {
        "Type": "",
        "Uname": "S0018132425",
        "ShortText": "",
        "LongText": "",
        "SWType": "",
        "Category": "COMPADV",
        "CompKey": "0000071273",
        "CompName": "XX-SER-FORME",
        "CompDesc": "SAP for Me",
        "CompPath": "SAP for Me",
        "PrioLimit": "XX",
        "NotSelectable": "",
        "Installation": "",
        "ChatDepartmentId": "",
        "SystemNr": "",
        "NodePath": "",
        "NodeAdvice": ""
    },
    {
        "Type": "",
        "Uname": "S0018132425",
        "ShortText": "",
        "LongText": "",
        "SWType": "",
        "Category": "COMPADV",
        "CompKey": "0000069449",
        "CompName": "LOD-SF-JAM-INT",
        "CompDesc": "Integration with SF BizX",
        "CompPath": "SAP Jam > Integration with SF BizX",
        "PrioLimit": "",
        "NotSelectable": "",
        "Installation": "",
        "ChatDepartmentId": "",
        "SystemNr": "",
        "NodePath": "",
        "NodeAdvice": ""
    }
]