[
    {
       "allIncidents":99
    },
    {
       "myIncidents":1
    },
    {
       "incidents":[
          {
             "statusTxt":"SAP Proposed Solution",
             "reporter":"S0000315119",
             "pointer":"0",
             "subject":"ATF Test",
             "createdAt":null,
             "priorityTxt":"Low",
             "lastUpdate":"2021-01-18T09:17:19"
          },
          {
             "statusTxt":"SAP Proposed Solution",
             "reporter":"S0000315119",
             "pointer":"002075125200001295132020",
             "subject":"测试attachment display in AWS",
             "priorityTxt":"Medium",
             "lastUpdate":"2021-08-03T15:56:37"
          },
          {
             "statusTxt":"Customer Action",
             "reporter":"S0011820340",
             "pointer":"002075125200000989432021",
             "subject":"Test Case for development",
             "createdAt":null,
             "priorityTxt":"High",
             "lastUpdate":"2021-07-14T11:35:12"
          },
          {
             "statusTxt":"Customer Action",
             "reporter":"S0000315119",
             "pointer":"002075125200000839632021",
             "subject":"IGNORE: This is a test incident for attachment",
             "createdAt":null,
             "priorityTxt":"Very High",
             "lastUpdate":"2021-06-09T09:16:16"
          },
          {
             "statusTxt":"Customer Action",
             "reporter":"S0000315119",
             "pointer":"002075125200000443442021",
             "subject":"Test survey",
             "createdAt":null,
             "priorityTxt":"Medium",
             "lastUpdate":"2021-04-09T09:50:20"
          }
       ]
    }
 ]
