[
    {
        "columns": "{\"_persoSchemaVersion\":\"1.0\",\"aColumns\":[[\"tablecol_id\",0,true,\"sapNumber\"],[\"tablecol_status\",1,true,\"statusTxt\"],[\"tablecol_priorityId\",2,true,\"priorityId\"],[\"tablecol_installation\",3,true,\"installationTxt\"],[\"tablecol_system\",4,true,\"systemTxt\"],[\"tablecol_component\",5,true,\"componentTxt\"],[\"tablecol_reporter\",6,true,\"reporterTxt\"],[\"tablecol_creator\",7,true,\"createdBy\"],[\"tablecol_customer\",8,true,\"customerTxt\"],[\"tablecol_createdon\",9,true,\"createdAt\"],[\"tablecol_updatedon\",10,true,\"updatedAt\"],[\"tablecol_autoconfirmdate\",11,true,\"autoConfirmDateTxt\"],[\"tablecol_sessionstate\",null,false,\"aaEPSesstablecol_status\"],[\"tablecol_sessioncreated\",null,false,\"quesDateCreated\"],[\"tablecol_sessioncompleted\",null,false,\"quesExpirationDate\"]]}",
        "sort": "[{\"sPath\":\"autoConfirmDate\",\"bDescending\":true}]",
        "group": "[{\"sPath\":\"autoConfirmDateTxt\",\"bDescending\":true}]",
        "tab": "ALL_OPEN"
    }
]


