{
    "000000000740174513": [],
    "000000000740174299": [],
    "000000000312136267": [
        {
            "kmnumber": "3499622",
            "alert_date": "2024-07-25T02:49:41Z",
            "category": "Problem",
            "component": "BC-CCM-PRN",
            "favorite": {},
            "pred_type": [
                "Hot"
            ],
            "product_function": {
                "id": "0123456789",
                "name": "Dummy Product Function"
            },
            "software_product": {
                "id": "9876543210",
                "name": "Dummy Software Product"
            },
            "solution_score": 4,
            "solution_type": "KBA",
            "summary": "After applying MS patches on the the Window print server, the system print service LPD goes offline.&#x00A0;",
            "title": "Print server is not working after patch updated from  Microsoft update",
            "url": "https://me.sap.com/notes/3499622"
        },
        {
            "kmnumber": "2321971",
            "alert_date": "2024-08-13T06:23:02Z",
            "category": "Bug Filed",
            "component": "BC-UPG-OCS",
            "favorite": {},
            "pred_type": [
                "Preventative"
            ],
            "product_function": {
                "id": "0123456789",
                "name": "Dummy Product Function"
            },
            "software_product": {
                "id": "9876543210",
                "name": "Dummy Software Product"
            },
            "solution_score": 1,
            "solution_type": "KBA",
            "summary": "While Support Packages are updating with SPAM tool, the import gets stuck at phase CHECK_REQUIREMENTS, for example:Phase CHECK_REQUIREMENTS: Required Note Corrections\r\n\r\n Alternatively, while performing a SAP Upgrade, SUM halts in the phase PREP_GENCHECKS",
            "title": "Phase CHECK_REQUIREMENTS OR PREP_GENCHECKS/CHECK4NOTES_PACKAGES: Required Note Corrections",
            "url": "https://me.sap.com/notes/2321971"
        },
        {
            "kmnumber": "3198026",
            "alert_date": "2024-08-13T06:23:02Z",
            "category": "Problem",
            "component": "BW-WHM-MTD",
            "favorite": {},
            "pred_type": [
                "Preventative"
            ],
            "product_function": {
                "id": "0123456789",
                "name": "Dummy Product Function"
            },
            "software_product": {
                "id": "9876543210",
                "name": "Dummy Software Product"
            },
            "solution_score": 1,
            "solution_type": "KBA",
            "summary": "While executing SUM DMO in PREP_CONFIGURATION_DMO/DETBWMODE phase the following error happens:\r\nBW System is not completely configured\r\nYour system is identified as a BW system with active process chains or RDA daemons. Therefore, maintain now the destina",
            "title": "\"BW system is not completely configured\" appears in PREP_CONFIGURATION_DMO/DETBWMODE phase of SUM tool",
            "url": "https://me.sap.com/notes/3198026"
        },
        {
            "kmnumber": "2471883",
            "alert_date": "2024-08-13T06:22:56Z",
            "category": "Upgrade information",
            "component": "BC-UPG-DTM-TLA",
            "favorite": {},
            "pred_type": [
                "Preventative"
            ],
            "product_function": {
                "id": "0123456789",
                "name": "Dummy Product Function"
            },
            "software_product": {
                "id": "9876543210",
                "name": "Dummy Software Product"
            },
            "solution_score": 1,
            "solution_type": "Note",
            "summary": "You are using the Software Update Manager (SUM) 2.0 with the Zero Downtime Option (ZDO) and want to understand the restrictions on the bridge subsystem.\r\nAlternatively, SUM already stopped in phase RUN_IMPACT_ANALYSIS_ZDO of the ZDO procedure with the one",
            "title": "SUM Impact Analysis for ZDO",
            "url": "https://me.sap.com/notes/2471883"
        },
        {
            "kmnumber": "2700589",
            "alert_date": "2024-08-13T06:23:04Z",
            "category": "Advance development",
            "component": "BC-CCM-BTC",
            "favorite": {},
            "pred_type": [
                "Preventative"
            ],
            "product_function": {
                "id": "0123456789",
                "name": "Dummy Product Function"
            },
            "software_product": {
                "id": "9876543210",
                "name": "Dummy Software Product"
            },
            "solution_score": 1,
            "solution_type": "Note",
            "summary": "Due to data loss in the batch tables in a system \"A\", you want to transfer job definitions from a system \"B\" to system \"A\".",
            "title": "Copying background jobs to another system",
            "url": "https://me.sap.com/notes/2700589"
        },
        {
            "kmnumber": "3221230",
            "alert_date": "2024-08-13T06:23:00Z",
            "category": "Program error",
            "component": "HAN-DB",
            "favorite": {},
            "pred_type": [
                "Preventative"
            ],
            "product_function": {
                "id": "0123456789",
                "name": "Dummy Product Function"
            },
            "software_product": {
                "id": "9876543210",
                "name": "Dummy Software Product"
            },
            "solution_score": 1,
            "solution_type": "Note",
            "summary": "\r\nYou observe that Indexserver process is in defunct status and starting up HANA system fails with an error message similar to the following:\r\n﻿﻿[983005]{-1}[-1/-1] 0000-00-00 00:00:00.000000 e commlib          commlibImpl.cpp(01008) : ERROR/Exception: co",
            "title": "HANA Database Fails to Start up due to Daemon Service Waiting for indexserver in OS memory cleanup state (defunct status)",
            "url": "https://me.sap.com/notes/3221230"
        }
    ],
    "000000000740175781": [],
    "000000000500201723": [
        {
            "kmnumber": "3499622",
            "alert_date": "2024-07-25T02:49:41Z",
            "category": "Problem",
            "component": "BC-CCM-PRN",
            "favorite": {},
            "pred_type": [
                "Preventative"
            ],
            "product_function": {
                "id": "0123456789",
                "name": "Dummy Product Function"
            },
            "software_product": {
                "id": "9876543210",
                "name": "Dummy Software Product"
            },
            "solution_score": 4,
            "solution_type": "KBA",
            "summary": "After applying MS patches on the the Window print server, the system print service LPD goes offline.&#x00A0;",
            "title": "Print server is not working after patch updated from  Microsoft update",
            "url": "https://me.sap.com/notes/3499622"
        },
        {
            "kmnumber": "2321971",
            "alert_date": "2024-08-13T06:23:02Z",
            "category": "Bug Filed",
            "component": "BC-UPG-OCS",
            "favorite": {},
            "pred_type": [
                "Preventative"
            ],
            "product_function": {
                "id": "0123456789",
                "name": "Dummy Product Function"
            },
            "software_product": {
                "id": "9876543210",
                "name": "Dummy Software Product"
            },
            "solution_score": 1,
            "solution_type": "KBA",
            "summary": "While Support Packages are updating with SPAM tool, the import gets stuck at phase CHECK_REQUIREMENTS, for example:Phase CHECK_REQUIREMENTS: Required Note Corrections\r\n\r\n Alternatively, while performing a SAP Upgrade, SUM halts in the phase PREP_GENCHECKS",
            "title": "Phase CHECK_REQUIREMENTS OR PREP_GENCHECKS/CHECK4NOTES_PACKAGES: Required Note Corrections",
            "url": "https://me.sap.com/notes/2321971"
        },
        {
            "kmnumber": "3198026",
            "alert_date": "2024-08-13T06:23:02Z",
            "category": "Problem",
            "component": "BW-WHM-MTD",
            "favorite": {},
            "pred_type": [
                "Preventative"
            ],
            "product_function": {
                "id": "0123456789",
                "name": "Dummy Product Function"
            },
            "software_product": {
                "id": "9876543210",
                "name": "Dummy Software Product"
            },
            "solution_score": 1,
            "solution_type": "KBA",
            "summary": "While executing SUM DMO in PREP_CONFIGURATION_DMO/DETBWMODE phase the following error happens:\r\nBW System is not completely configured\r\nYour system is identified as a BW system with active process chains or RDA daemons. Therefore, maintain now the destina",
            "title": "\"BW system is not completely configured\" appears in PREP_CONFIGURATION_DMO/DETBWMODE phase of SUM tool",
            "url": "https://me.sap.com/notes/3198026"
        },
        {
            "kmnumber": "2471883",
            "alert_date": "2024-08-13T06:22:56Z",
            "category": "Upgrade information",
            "component": "BC-UPG-DTM-TLA",
            "favorite": {},
            "pred_type": [
                "Preventative"
            ],
            "product_function": {
                "id": "0123456789",
                "name": "Dummy Product Function"
            },
            "software_product": {
                "id": "9876543210",
                "name": "Dummy Software Product"
            },
            "solution_score": 1,
            "solution_type": "Note",
            "summary": "You are using the Software Update Manager (SUM) 2.0 with the Zero Downtime Option (ZDO) and want to understand the restrictions on the bridge subsystem.\r\nAlternatively, SUM already stopped in phase RUN_IMPACT_ANALYSIS_ZDO of the ZDO procedure with the one",
            "title": "SUM Impact Analysis for ZDO",
            "url": "https://me.sap.com/notes/2471883"
        },
        {
            "kmnumber": "2700589",
            "alert_date": "2024-08-13T06:23:04Z",
            "category": "Advance development",
            "component": "BC-CCM-BTC",
            "favorite": {},
            "pred_type": [
                "Preventative"
            ],
            "product_function": {
                "id": "0123456789",
                "name": "Dummy Product Function"
            },
            "software_product": {
                "id": "9876543210",
                "name": "Dummy Software Product"
            },
            "solution_score": 1,
            "solution_type": "Note",
            "summary": "Due to data loss in the batch tables in a system \"A\", you want to transfer job definitions from a system \"B\" to system \"A\".",
            "title": "Copying background jobs to another system",
            "url": "https://me.sap.com/notes/2700589"
        },
        {
            "kmnumber": "3221230",
            "alert_date": "2024-08-13T06:23:00Z",
            "category": "Program error",
            "component": "HAN-DB",
            "favorite": {},
            "pred_type": [
                "Preventative"
            ],
            "product_function": {
                "id": "0123456789",
                "name": "Dummy Product Function"
            },
            "software_product": {
                "id": "9876543210",
                "name": "Dummy Software Product"
            },
            "solution_score": 1,
            "solution_type": "Note",
            "summary": "\r\nYou observe that Indexserver process is in defunct status and starting up HANA system fails with an error message similar to the following:\r\n﻿﻿[983005]{-1}[-1/-1] 0000-00-00 00:00:00.000000 e commlib          commlibImpl.cpp(01008) : ERROR/Exception: co",
            "title": "HANA Database Fails to Start up due to Daemon Service Waiting for indexserver in OS memory cleanup state (defunct status)",
            "url": "https://me.sap.com/notes/3221230"
        }
    ],
    "000000000500249697": [
        {
            "kmnumber": "2533544",
            "alert_date": "2024-08-13T13:37:27Z",
            "category": "How To",
            "component": "FI-LOC-MM-IN",
            "favorite": {},
            "pred_type": [
                "Hot"
            ],
            "product_function": {
                "id": "0123456789",
                "name": "Dummy Product Function"
            },
            "software_product": {
                "id": "9876543210",
                "name": "Dummy Software Product"
            },
            "solution_score": 4,
            "solution_type": "KBA",
            "summary": "How to customize India GST error messages in to warning messages?Error \"Place of supply is not determined\" (J_1IG_MSGS 015) in import supplier invoices or API_SUPPLIERINVOICE_PROCESS_SRV after 2408 upgrade",
            "title": "GST IN: How to customize India GST error messages?",
            "url": "https://me.sap.com/notes/2533544"
        },
        {
            "kmnumber": "2927141",
            "alert_date": "2024-07-23T13:08:09Z",
            "category": "Problem",
            "component": "SCM-APO-INT",
            "favorite": {},
            "pred_type": [
                "Hot"
            ],
            "product_function": {
                "id": "0123456789",
                "name": "Dummy Product Function"
            },
            "software_product": {
                "id": "9876543210",
                "name": "Dummy Software Product"
            },
            "solution_score": 4,
            "solution_type": "KBA",
            "summary": "A S4 or ECC system with an Kernel given in SAP note 2418683 and sending master- or transaction data via the core interface (CIF) to your side by side SCM or DSC system.In the receiving system it get sysfailed with queues with the message: \"conversion cont",
            "title": "Problems with SCM Integration and the usage of Fast Serialization RFC setting",
            "url": "https://me.sap.com/notes/2927141"
        },
        {
            "kmnumber": "3487313",
            "alert_date": "2024-08-13T09:59:21Z",
            "category": "How To",
            "component": "CA-GTF-CSC-EDO-MY",
            "favorite": {},
            "pred_type": [
                "Hot"
            ],
            "product_function": {
                "id": "0123456789",
                "name": "Dummy Product Function"
            },
            "software_product": {
                "id": "9876543210",
                "name": "Dummy Software Product"
            },
            "solution_score": 4,
            "solution_type": "KBA",
            "summary": "This SAP Note aims to clarify questions about the Document and Reporting Compliance Malaysia solution. This documentation will be updated with the main SAP Notes, future changes, questions and common issues regarding the Malaysia electronic invoice functi",
            "title": "Electronic Document Processing Malaysia Troubleshooting Guide",
            "url": "https://me.sap.com/notes/3487313"
        },
        {
            "kmnumber": "3499622",
            "alert_date": "2024-07-25T02:49:41Z",
            "category": "Problem",
            "component": "BC-CCM-PRN",
            "favorite": {},
            "pred_type": [
                "Hot"
            ],
            "product_function": {
                "id": "0123456789",
                "name": "Dummy Product Function"
            },
            "software_product": {
                "id": "9876543210",
                "name": "Dummy Software Product"
            },
            "solution_score": 4,
            "solution_type": "KBA",
            "summary": "After applying MS patches on the the Window print server, the system print service LPD goes offline.&#x00A0;",
            "title": "Print server is not working after patch updated from  Microsoft update",
            "url": "https://me.sap.com/notes/3499622"
        },
        {
            "kmnumber": "3499865",
            "alert_date": "2024-07-30T02:08:16Z",
            "category": "How To",
            "component": "FI-LOC-FI-MY",
            "favorite": {},
            "pred_type": [
                "Hot"
            ],
            "product_function": {
                "id": "0123456789",
                "name": "Dummy Product Function"
            },
            "software_product": {
                "id": "9876543210",
                "name": "Dummy Software Product"
            },
            "solution_score": 4,
            "solution_type": "KBA",
            "summary": "Users want to create an incident for MY electronic Invoice issue, but are unsure which component to select in the incident.\r\nThis SAP Note aims to provide a guidance to company which implemented electronic invoices on how to create a customer incident for",
            "title": "How to select the correct support component for MY e-document issue",
            "url": "https://me.sap.com/notes/3499865"
        },
        {
            "kmnumber": "3490700",
            "alert_date": "2024-07-19T12:10:42Z",
            "category": "Consulting",
            "component": "CA-CL",
            "favorite": {},
            "pred_type": [
                "Hot"
            ],
            "product_function": {
                "id": "0123456789",
                "name": "Dummy Product Function"
            },
            "software_product": {
                "id": "9876543210",
                "name": "Dummy Software Product"
            },
            "solution_score": 4,
            "solution_type": "Note",
            "summary": "Silent Data Migration for one or more of the following classes shows up with status 'FINISHED' even though new entries found in the SDM Monitor Application or during SAP readiness check / Simplification Item Check (sub-check DO_SDMI_CHECK, return code = 4",
            "title": "New rows after migration in case of CL_NGC_CORE_SDM_*",
            "url": "https://me.sap.com/notes/3490700"
        },
        {
            "kmnumber": "3501258",
            "alert_date": "2024-08-02T12:59:10Z",
            "category": "Program error",
            "component": "CA-WUI-APF",
            "favorite": {},
            "pred_type": [
                "Hot"
            ],
            "product_function": {
                "id": "0123456789",
                "name": "Dummy Product Function"
            },
            "software_product": {
                "id": "9876543210",
                "name": "Dummy Software Product"
            },
            "solution_score": 4,
            "solution_type": "Note",
            "summary": "Web UI functionality not working after Chrome update the console shows javascript error \"[Deprecation] ... mutation event\"",
            "title": "Web UI functionality not working after Chrome update",
            "url": "https://me.sap.com/notes/3501258"
        },
        {
            "kmnumber": "2090051",
            "alert_date": "2024-08-13T06:22:54Z",
            "category": "How To",
            "component": "FI-GL-IS",
            "favorite": {},
            "pred_type": [
                "Trending"
            ],
            "product_function": {
                "id": "0123456789",
                "name": "Dummy Product Function"
            },
            "software_product": {
                "id": "9876543210",
                "name": "Dummy Software Product"
            },
            "solution_score": 1,
            "solution_type": "KBA",
            "summary": "You ran transaction code S_ALR_87012287 mistakenly in update mode. Now are incorrect values for balance carryforward, sequential document number or page number displayed in the report output.",
            "title": "How to reverse the run of the Document Journal?",
            "url": "https://me.sap.com/notes/2090051"
        },
        {
            "kmnumber": "2270969",
            "alert_date": "2024-08-13T06:22:59Z",
            "category": "How To",
            "component": "MM-IM-GF",
            "favorite": {},
            "pred_type": [
                "Trending"
            ],
            "product_function": {
                "id": "0123456789",
                "name": "Dummy Product Function"
            },
            "software_product": {
                "id": "9876543210",
                "name": "Dummy Software Product"
            },
            "solution_score": 1,
            "solution_type": "KBA",
            "summary": "You find duplicated postings in your system (two goods receipts with exactly the same data, or two goods issues, etc.)Goods receipt quantity greater than PO quantity, although no tolerances are allowed or unlimited ind. is not flaggedError M7022 \"PU Order",
            "title": "Duplicated postings - SAP ERP & SAP S/4 HANA",
            "url": "https://me.sap.com/notes/2270969"
        },
        {
            "kmnumber": "2473178",
            "alert_date": "2024-08-13T06:22:58Z",
            "category": "Problem",
            "component": "SD-BF-CM",
            "favorite": {},
            "pred_type": [
                "Trending"
            ],
            "product_function": {
                "id": "0123456789",
                "name": "Dummy Product Function"
            },
            "software_product": {
                "id": "9876543210",
                "name": "Dummy Software Product"
            },
            "solution_score": 1,
            "solution_type": "KBA",
            "summary": "After a failed credit check the system creates a documented credit decision (DCD), which contains the Checked Credit Value (UKM_DCD_ATTR-DCD_CHKDRISKAMT) and Open Credit Amount (UKM_DCD_ATTR-DCD_OPENCRDTAMT) information.\nIn certain scenarios it is not cle",
            "title": "Checked Credit Value and Open Credit Amount in DCD - FSCM",
            "url": "https://me.sap.com/notes/2473178"
        },
        {
            "kmnumber": "2471883",
            "alert_date": "2024-08-13T06:22:57Z",
            "category": "Upgrade information",
            "component": "BC-UPG-DTM-TLA",
            "favorite": {},
            "pred_type": [
                "Trending"
            ],
            "product_function": {
                "id": "0123456789",
                "name": "Dummy Product Function"
            },
            "software_product": {
                "id": "9876543210",
                "name": "Dummy Software Product"
            },
            "solution_score": 1,
            "solution_type": "Note",
            "summary": "You are using the Software Update Manager (SUM) 2.0 with the Zero Downtime Option (ZDO) and want to understand the restrictions on the bridge subsystem.\r\nAlternatively, SUM already stopped in phase RUN_IMPACT_ANALYSIS_ZDO of the ZDO procedure with the one",
            "title": "SUM Impact Analysis for ZDO",
            "url": "https://me.sap.com/notes/2471883"
        }
    ],
    "000000000740202444": [
        {
            "kmnumber": "2533544",
            "alert_date": "2024-08-13T13:37:28Z",
            "category": "How To",
            "component": "BW-WHM-MTD",
            "favorite": {},
            "pred_type": [
                "Hot"
            ],
            "product_function": {
                "id": "0123456789",
                "name": "Dummy Product Function"
            },
            "software_product": {
                "id": "9876543210",
                "name": "Dummy Software Product"
            },
            "solution_score": 4,
            "solution_type": "KBA",
            "summary": "How to customize India GST error messages in to warning messages?Error \"Place of supply is not determined\" (J_1IG_MSGS 015) in import supplier invoices or API_SUPPLIERINVOICE_PROCESS_SRV after 2408 upgrade",
            "title": "GST IN: How to customize India GST error messages?",
            "url": "https://me.sap.com/notes/2533544"
        },
        {
            "kmnumber": "3487313",
            "alert_date": "2024-08-13T09:59:21Z",
            "category": "How To",
            "component": "CA-GTF-CSC-EDO-MY",
            "favorite": {},
            "pred_type": [
                "Preventative"
            ],
            "product_function": {
                "id": "0123456789",
                "name": "Dummy Product Function"
            },
            "software_product": {
                "id": "9876543210",
                "name": "Dummy Software Product"
            },
            "solution_score": 4,
            "solution_type": "KBA",
            "summary": "This SAP Note aims to clarify questions about the Document and Reporting Compliance Malaysia solution. This documentation will be updated with the main SAP Notes, future changes, questions and common issues regarding the Malaysia electronic invoice functi",
            "title": "Electronic Document Processing Malaysia Troubleshooting Guide",
            "url": "https://me.sap.com/notes/3487313"
        },
        {
            "kmnumber": "3499622",
            "alert_date": "2024-07-25T02:49:41Z",
            "category": "Problem",
            "component": "BC-CCM-PRN",
            "favorite": {},
            "pred_type": [
                "Preventative"
            ],
            "product_function": {
                "id": "0123456789",
                "name": "Dummy Product Function"
            },
            "software_product": {
                "id": "9876543210",
                "name": "Dummy Software Product"
            },
            "solution_score": 4,
            "solution_type": "KBA",
            "summary": "After applying MS patches on the the Window print server, the system print service LPD goes offline.&#x00A0;",
            "title": "Print server is not working after patch updated from  Microsoft update",
            "url": "https://me.sap.com/notes/3499622"
        },
        {
            "kmnumber": "3499865",
            "alert_date": "2024-07-30T06:42:13Z",
            "category": "How To",
            "component": "FI-LOC-FI-MY",
            "favorite": {},
            "pred_type": [
                "Preventative"
            ],
            "product_function": {
                "id": "0123456789",
                "name": "Dummy Product Function"
            },
            "software_product": {
                "id": "9876543210",
                "name": "Dummy Software Product"
            },
            "solution_score": 4,
            "solution_type": "KBA",
            "summary": "Users want to create an incident for MY electronic Invoice issue, but are unsure which component to select in the incident.\r\nThis SAP Note aims to provide a guidance to company which implemented electronic invoices on how to create a customer incident for",
            "title": "How to select the correct support component for MY e-document issue",
            "url": "https://me.sap.com/notes/3499865"
        },
        {
            "kmnumber": "1674847",
            "alert_date": "2024-08-13T06:22:58Z",
            "category": "Problem",
            "component": "PT-RC-QT",
            "favorite": {},
            "pred_type": [
                "Preventative"
            ],
            "product_function": {
                "id": "0123456789",
                "name": "Dummy Product Function"
            },
            "software_product": {
                "id": "9876543210",
                "name": "Dummy Software Product"
            },
            "solution_score": 1,
            "solution_type": "KBA",
            "summary": "You have found inconsistencies in the quota deduction for one or more employees.",
            "title": "Correcting inconsistencies in leave deduction",
            "url": "https://me.sap.com/notes/1674847"
        },
        {
            "kmnumber": "2090051",
            "alert_date": "2024-08-13T06:22:54Z",
            "category": "How To",
            "component": "FI-GL-IS",
            "favorite": {},
            "pred_type": [
                "Preventative"
            ],
            "product_function": {
                "id": "0123456789",
                "name": "Dummy Product Function"
            },
            "software_product": {
                "id": "9876543210",
                "name": "Dummy Software Product"
            },
            "solution_score": 1,
            "solution_type": "KBA",
            "summary": "You ran transaction code S_ALR_87012287 mistakenly in update mode. Now are incorrect values for balance carryforward, sequential document number or page number displayed in the report output.",
            "title": "How to reverse the run of the Document Journal?",
            "url": "https://me.sap.com/notes/2090051"
        },
        {
            "kmnumber": "2270969",
            "alert_date": "2024-08-13T06:22:59Z",
            "category": "How To",
            "component": "MM-IM-GF",
            "favorite": {},
            "pred_type": [
                "Preventative"
            ],
            "product_function": {
                "id": "0123456789",
                "name": "Dummy Product Function"
            },
            "software_product": {
                "id": "9876543210",
                "name": "Dummy Software Product"
            },
            "solution_score": 1,
            "solution_type": "KBA",
            "summary": "You find duplicated postings in your system (two goods receipts with exactly the same data, or two goods issues, etc.)Goods receipt quantity greater than PO quantity, although no tolerances are allowed or unlimited ind. is not flaggedError M7022 \"PU Order",
            "title": "Duplicated postings - SAP ERP & SAP S/4 HANA",
            "url": "https://me.sap.com/notes/2270969"
        },
        {
            "kmnumber": "2321971",
            "alert_date": "2024-08-13T06:23:02Z",
            "category": "Bug Filed",
            "component": "BC-UPG-OCS",
            "favorite": {},
            "pred_type": [
                "Preventative"
            ],
            "product_function": {
                "id": "0123456789",
                "name": "Dummy Product Function"
            },
            "software_product": {
                "id": "9876543210",
                "name": "Dummy Software Product"
            },
            "solution_score": 1,
            "solution_type": "KBA",
            "summary": "While Support Packages are updating with SPAM tool, the import gets stuck at phase CHECK_REQUIREMENTS, for example:Phase CHECK_REQUIREMENTS: Required Note Corrections\r\n\r\n Alternatively, while performing a SAP Upgrade, SUM halts in the phase PREP_GENCHECKS",
            "title": "Phase CHECK_REQUIREMENTS OR PREP_GENCHECKS/CHECK4NOTES_PACKAGES: Required Note Corrections",
            "url": "https://me.sap.com/notes/2321971"
        },
        {
            "kmnumber": "2473178",
            "alert_date": "2024-08-13T06:22:58Z",
            "category": "Problem",
            "component": "SD-BF-CM",
            "favorite": {},
            "pred_type": [
                "Preventative"
            ],
            "product_function": {
                "id": "0123456789",
                "name": "Dummy Product Function"
            },
            "software_product": {
                "id": "9876543210",
                "name": "Dummy Software Product"
            },
            "solution_score": 1,
            "solution_type": "KBA",
            "summary": "After a failed credit check the system creates a documented credit decision (DCD), which contains the Checked Credit Value (UKM_DCD_ATTR-DCD_CHKDRISKAMT) and Open Credit Amount (UKM_DCD_ATTR-DCD_OPENCRDTAMT) information.\nIn certain scenarios it is not cle",
            "title": "Checked Credit Value and Open Credit Amount in DCD - FSCM",
            "url": "https://me.sap.com/notes/2473178"
        },
        {
            "kmnumber": "3198026",
            "alert_date": "2024-08-13T06:23:02Z",
            "category": "Problem",
            "component": "BW-WHM-MTD",
            "favorite": {},
            "pred_type": [
                "Preventative"
            ],
            "product_function": {
                "id": "0123456789",
                "name": "Dummy Product Function"
            },
            "software_product": {
                "id": "9876543210",
                "name": "Dummy Software Product"
            },
            "solution_score": 1,
            "solution_type": "KBA",
            "summary": "While executing SUM DMO in PREP_CONFIGURATION_DMO/DETBWMODE phase the following error happens:\r\nBW System is not completely configured\r\nYour system is identified as a BW system with active process chains or RDA daemons. Therefore, maintain now the destina",
            "title": "\"BW system is not completely configured\" appears in PREP_CONFIGURATION_DMO/DETBWMODE phase of SUM tool",
            "url": "https://me.sap.com/notes/3198026"
        },
        {
            "kmnumber": "3451898",
            "alert_date": "2024-08-13T06:22:57Z",
            "category": "Problem",
            "component": "PY-IN",
            "favorite": {},
            "pred_type": [
                "Preventative"
            ],
            "product_function": {
                "id": "0123456789",
                "name": "Dummy Product Function"
            },
            "software_product": {
                "id": "9876543210",
                "name": "Dummy Software Product"
            },
            "solution_score": 1,
            "solution_type": "KBA",
            "summary": "Need to implement the Tax configuration in system for Budget changes 2024-2025 for Country India Payroll.Update if any budget changes for financial year 2024 - 25 have been released.Financial Year 2024-2025 budget.",
            "title": "Union Budget Changes for 2024 - 25",
            "url": "https://me.sap.com/notes/3451898"
        },
        {
            "kmnumber": "1983758",
            "alert_date": "2024-08-13T06:22:58Z",
            "category": "Upgrade information",
            "component": "BW-WHM-MTD",
            "favorite": {},
            "pred_type": [
                "Preventative"
            ],
            "product_function": {
                "id": "0123456789",
                "name": "Dummy Product Function"
            },
            "software_product": {
                "id": "9876543210",
                "name": "Dummy Software Product"
            },
            "solution_score": 1,
            "solution_type": "Note",
            "summary": "You get BW-specific error messages in upgrade postprocessing. For example, this occurs in DMO processing, even though BW is not used actively.",
            "title": "BW client is incorrectly set in prepare phase of upgrade",
            "url": "https://me.sap.com/notes/1983758"
        },
        {
            "kmnumber": "2471883",
            "alert_date": "2024-08-13T06:22:57Z",
            "category": "Upgrade information",
            "component": "TT-TTT-TTT-TTT",
            "favorite": {},
            "pred_type": [
                "Preventative"
            ],
            "product_function": {
                "id": "0123456789",
                "name": "Dummy Product Function"
            },
            "software_product": {
                "id": "9876543210",
                "name": "Dummy Software Product"
            },
            "solution_score": 1,
            "solution_type": "Note",
            "summary": "You are using the Software Update Manager (SUM) 2.0 with the Zero Downtime Option (ZDO) and want to understand the restrictions on the bridge subsystem.\r\nAlternatively, SUM already stopped in phase RUN_IMPACT_ANALYSIS_ZDO of the ZDO procedure with the one",
            "title": "SUM Impact Analysis for ZDO",
            "url": "https://me.sap.com/notes/2471883"
        }
    ]
}