{
    "nodeId": 47,
    "title": "FlowConnect_Buyer_API_Q2",
    "displayText": "<p class=\"GuidedAssistanceQuestion\">What is your issue with APIs?</p>",
    "responses": [
        {
            "label": "API access/user administration",
            "target": 48,
            "order": 1
        },
        {
            "label": "Create/test/delete application",
            "target": 49,
            "order": 1
        },
        {
            "label": "Something else",
            "target": 11,
            "order": 1
        }
    ]
}