[{
    "ID": "000000000589272",
    "RequestFor": "SAP Cloud SystemRole",
    "Entity": "740164564 / Test",
    "Title": "Change Tenant Name and Short ID",
    "ChargeableService": "No",
    "Topic": "Public Cloud Standard Service",
    "CreatedOn": "1557385962000",
    "CreatedBy": "S0018132425",
    "Password": "Password123",
    "StartsAt": "1557386100000",
    "Status": "Service Request confirmed automatically"
}, {
    "ID": "000000000577091",
    "RequestFor": "SAP Cloud SystemRole",
    "Entity": "740172620 / Production",
    "Title": "Change Tenant Name and Short ID",
    "ChargeableService": "No",
    "Topic": "Public Cloud Standard Service",
    "CreatedOn": "1555031060000",
    "CreatedBy": "S0008363031",
    "Password": "Password123",
    "StartsAt": "1555031100000",
    "Status": "Service Request confirmed automatically"
}, {
    "ID": "000000000588222",
    "RequestFor": "SAP Cloud SystemRole",
    "Entity": "740164564 / Test",
    "Title": "Change Tenant Name and Short ID",
    "ChargeableService": "No",
    "Topic": "Public Cloud Standard Service",
    "CreatedOn": "1557323624000",
    "CreatedBy": "S0018132425",
    "Password": "Password123",
    "StartsAt": "1557323700000",
    "Status": "Service Request confirmed automatically"
}, {
    "ID": "000000000595872",
    "RequestFor": "SAP Cloud SystemRole",
    "Entity": "740164564 / Test",
    "Title": "Change Tenant Name and Short ID",
    "ChargeableService": "No",
    "Topic": "Public Cloud Standard Service",
    "CreatedOn": "1557917337000",
    "CreatedBy": "S0018132425",
    "Password": "Password123",
    "StartsAt": "1557917340000",
    "Status": "Service Request confirmed automatically"
}, {
    "ID": "000000000607762",
    "RequestFor": "SAP Cloud SystemRole",
    "Entity": "740164564 / Test",
    "Title": "Change Tenant Name and Short ID",
    "ChargeableService": "No",
    "Topic": "Public Cloud Standard Service",
    "CreatedOn": "1559040777000",
    "CreatedBy": "S0018132425",
    "Password": "Password123",
    "StartsAt": "1559040780000",
    "Status": "Service Request confirmed automatically"
}, {
    "ID": "000000000629491",
    "RequestFor": "SAP Cloud SystemRole",
    "Entity": "740164564 / Test",
    "Title": "Change Tenant Name and Short ID",
    "ChargeableService": "No",
    "Topic": "Public Cloud Standard Service",
    "CreatedOn": "1559126898000",
    "CreatedBy": "S002016655",
    "Password": "Password123",
    "StartsAt": "1559126940000",
    "Status": "Service Request confirmed automatically"
}, {
    "ID": "000000000625531",
    "RequestFor": "SAP Cloud SystemRole",
    "Entity": "740164664 / Production",
    "Title": "Change Tenant Name and Short ID",
    "ChargeableService": "No",
    "Topic": "Public Cloud Standard Service",
    "CreatedOn": "1558773661000",
    "CreatedBy": "S002016655",
    "Password": "Password123",
    "StartsAt": "1558773660000",
    "Status": "Service Request confirmed automatically"
}, {
    "ID": "000000000603261",
    "RequestFor": "SAP Cloud SystemRole",
    "Entity": "740164664 / Production",
    "Title": "Change Tenant Name and Short ID",
    "ChargeableService": "No",
    "Topic": "Public Cloud Standard Service",
    "CreatedOn": "1557328966000",
    "CreatedBy": "S002016655",
    "Password": "Password123",
    "StartsAt": "1557328980000",
    "Status": "Service Request confirmed automatically"
}]
