[
    {
        "fileName": "Picture1.jpeg",
        "description": "Description of Picture1",
        "type": "JPEG",
        "size": "48.1 KB",
        "createdBy": "cjl1(S1111315119)",
        "createdOn": "01.01.2020 at 10:00:00 CET",
        "url": "#Picture1",
        "dataProtection": "CN DATA",
        "cpocd": true,
        "status": "Sent to SAP",
        "uuid": ""
    },
    {
        "fileName": "Document1.docx",
        "description": "A1234567890 - 1/1/2022, 1:23:45 PM",
        "type": "DOCX",
        "size": "35.2 KB",
        "createdBy": "cjl3(S1111315119)",
        "createdOn": "11.01.2020 at 10:00:00 CET",
        "url": "#Document1",
        "dataProtection": "",
        "cpocd": false,
        "status": "Sent to SAP",
        "uuid": ""
    },
    {
        "fileName": "Sheet1.xlsx",
        "description": "A1234567890 - 1/1/2022, 1:23:45 PM",
        "type": "XLSX",
        "size": "11.4 KB",
        "createdBy": "cjl4(S1111315135)",
        "createdOn": "03.03.2020 at 22:01:00 CET",
        "url": "#Sheet1",
        "dataProtection": "",
        "cpocd": true,
        "status": "Sent to SAP",
        "uuid": ""
    },
    {
        "fileName": "Document2.docx",
        "description": "A1234567890 - 1/1/2022, 1:23:45 PM12",
        "type": "DOCX",
        "size": "35.0 KB",
        "createdBy": "cjl5(S1111315148)",
        "createdOn": "24.04.2020 at 21:01:00 CET",
        "url": "#Document2",
        "dataProtection": "CN DATA",
        "cpocd": true,
        "status": "Sent to SAP",
        "uuid": ""
    }
]
