{"product":[{"UseCaseID":"","SystemNumber":"000000000740812801","CompName":"","ModelNumber":"0000101477","ModelCategory":"Product","RelationshipType":"Delivered by Software","DisplayName":"SAP Ariba Sourcing, cloud edition","FullName":"SAP Ariba Sourcing, cloud edition","Name":"SAP Ariba Sourcing, cloud edition","SoftwareProductNumber":"67838200100800005703","SoftwareProduct":"SAP Ariba Sourcing, cloud edition","SoftwareRelationship":"Delivered by SAP Ariba Sourcing, cloud edition","Level":"1 ","DrillState":"Expanded","ParentModelNumber":"","DefaultCompKey":"","DefaultCompName":"","DefaultCompPrioLimit":"","AddSearchTerms":" ","SortOrder":"100","compList":"[\"  BNS-ARI-ANL-API BNS-ARI-PRI BNS-ARI-SV BNS-ARI-ANL BNS-ARI-OA\",\"  BNS-ARI-PAS-API-GWY BNS-ARI-PAS-API-OMG BNS-ARI-PAS-API-BOT BNS-ARI-PAS-CF-API BNS-ARI-PAS-API BNS-ARI-PAS-API-PTL\",\"  BNS-ARI-SC BNS-ARI-SC-RPT BNS-ARI-SC-API BNS-ARI-SC-XML BNS-ARI-SC-WBS BNS-ARI-SC-FG BNS-ARI-SC-FC BNS-ARI-SC-PERF BNS-ARI-SC-LID BNS-ARI-SC-SI BNS-ARI-SC-TEM BNS-ARI-SC-AUT BNS-ARI-SC-TSK BNS-ARI-SC-CW BNS-ARI-SC-SUI BNS-ARI-SC-API-OPR BNS-ARI-SC-AI BNS-ARI-SC-ICI BNS-ARI-SC-CUS\",\"  BNS-ARI-SS BNS-ARI-SS-ADS BNS-ARI-SS-ADE BNS-ARI-SS-ADU BNS-ARI-SS-DMS BNS-ARI-SS-EVT BNS-ARI-SS-EDM BNS-ARI-SS-FRM BNS-ARI-SS-GS BNS-ARI-SS-SRP BNS-ARI-SS-REQ BNS-ARI-SS-PRO BNS-ARI-SS-LIB BNS-ARI-SS-RS BNS-ARI-SS-SSD BNS-ARI-SS-RPT BNS-ARI-SS-API BNS-ARI-SS-ICM BNS-ARI-SS-XML BNS-ARI-SS-WBS BNS-ARI-SS-FG BNS-ARI-SS-FC BNS-ARI-SS-PERF BNS-ARI-SS-SI BNS-ARI-SS-AI BNS-ARI-SS-GS-WBS BNS-ARI-SS-GS-XML BNS-ARI-SS-GS-SI BNS-ARI-SS-REQ-RFQ BNS-ARI-SS-REQ-LAN BNS-ARI-SS-PRO-LAN BNS-ARI-SS-RS-ET BNS-ARI-SS-RS-INT BNS-ARI-SS-RS-EA BNS-ARI-SS-FRM-SAV BNS-ARI-SS-FRM-SOR BNS-ARI-SS-EVT-LGN BNS-ARI-SS-EVT-LAN BNS-ARI-SS-DMS-WBS BNS-ARI-SS-DMS-SPA BNS-ARI-SS-DMS-RFX BNS-ARI-SS-DMS-PIR BNS-ARI-SS-DMS-MDI BNS-ARI-SS-DMS-DI BNS-ARI-SS-DMS-EXL BNS-ARI-SS-DMS-DBD BNS-ARI-SS-DMS-CST BNS-ARI-SS-DMS-CNI BNS-ARI-SS-DMS-CON BNS-ARI-SS-DMS-BOM BNS-ARI-SS-TEM BNS-ARI-SS-SUP BNS-ARI-SS-API-ORP BNS-ARI-SS-FC-ITK BNS-ARI-SS-TEM-PRT BNS-ARI-SS-TEM-ET BNS-ARI-SS-TEM-GST BNS-ARI-SS-TEM-SRT BNS-ARI-SS-TEM-SPT BNS-ARI-SS-TEM-PRO BNS-ARI-SS-API-OPR BNS-ARI-SS-DF BNS-ARI-SS-TEM-SRTP BNS-ARI-SS-SQ BNS-ARI-SS-EVT-EDM BNS-ARI-SS-CUS\",\"  BNS-ARI-SLP BNS-ARI-SLP-API BNS-ARI-SLP-RPT BNS-ARI-SLP-XML BNS-ARI-SLP-ADM BNS-ARI-SLP-BNK BNS-ARI-SLP-CON BNS-ARI-SLP-FAC BNS-ARI-SLP-FMP BNS-ARI-SLP-IEX BNS-ARI-SLP-MQ BNS-ARI-SLP-PF BNS-ARI-SLP-QL BNS-ARI-SLP-REG BNS-ARI-SLP-SPM BNS-ARI-SLP-SRC BNS-ARI-SLP-SRP BNS-ARI-SLP-SMG BNS-ARI-SLP-UI BNS-ARI-SLP-TRA BNS-ARI-SLP-TEM BNS-ARI-SLP-REQ\",\"  BNS-ARI-SIPM BNS-ARI-SIPM-RPT BNS-ARI-SIPM-INT BNS-ARI-SIPM-FC BNS-ARI-SIPM-PERF BNS-ARI-SIPM-SI BNS-ARI-SIPM-AI BNS-ARI-SIPM-REG BNS-ARI-SIPM-TEM BNS-ARI-SIPM-TUP BNS-ARI-SIPM-SPR\",\"  BNS-ARI-RSK-TPP BNS-ARI-RSK-CSP BNS-ARI-RSK-PRO BNS-ARI-RSK-ENR BNS-ARI-RSK-ADV BNS-ARI-RSK-SCR BNS-ARI-RSK-SUP BNS-ARI-RSK-ICM BNS-ARI-RSK-ADM BNS-ARI-RSK-ER BNS-ARI-RSK-RPT BNS-ARI-RSK-RRP BNS-ARI-RSK-TEM BNS-ARI-RSK BNS-ARI-RSK-API BNS-ARI-RSK-IM BNS-ARI-RSK-TUP BNS-ARI-RSK-CTR BNS-ARI-RSK-AI BNS-ARI-RSK-ASM BNS-ARI-RSK-SI BNS-ARI-RSK-UI BNS-ARI-RSK-PERF BNS-ARI-RSK-DSB\"]"},{"UseCaseID":"","SystemNumber":"000000000740812801","CompName":"","ModelNumber":"0000010509","ModelCategory":"Product","RelationshipType":"Service","DisplayName":"SAP Universal ID","FullName":"SAP Universal ID","Name":"SAP Universal ID","SoftwareProductNumber":"00000000000000000000","SoftwareProduct":"","SoftwareRelationship":"Service","Level":"1 ","DrillState":"Expanded","ParentModelNumber":"","DefaultCompKey":"","DefaultCompName":"","DefaultCompPrioLimit":"","AddSearchTerms":" ","SortOrder":"-51","compList":"[\"  XX-SER-SAPSMP-USR\",\"  XX-SER-UID XX-SER-UID-ECD XX-SER-UID-ACS\",\"  XX-SER-SAPSMP-ACC\"]"},{"UseCaseID":"","SystemNumber":"000000000740812801","CompName":"","ModelNumber":"0000010506","ModelCategory":"Product","RelationshipType":"Service","DisplayName":"SAP for Me","FullName":"SAP for Me","Name":"SAP for Me","SoftwareProductNumber":"00000000000000000000","SoftwareProduct":"","SoftwareRelationship":"Service","Level":"1 ","DrillState":"Expanded","ParentModelNumber":"","DefaultCompKey":"","DefaultCompName":"","DefaultCompPrioLimit":"","AddSearchTerms":" ","SortOrder":"-51","compList":"[\"  XX-SER-FORME XX-SER-FORME-CC XX-SER-FORME-LUI XX-SER-FORME-SYPV XX-SER-FORME-FL XX-SER-FORME-AV XX-SER-FORME-SR XX-SER-FORME-CM XX-SER-FORME-PP XX-SER-FORME-SE XX-SER-FORME-MOBILE XX-SER-FORME-SEARCH XX-SER-FORME-LUI-BTP XX-SER-FORME-LUI-CLO XX-SER-FORME-ICEA XX-SER-FORME-APII\"]"},{"UseCaseID":"","SystemNumber":"000000000740812801","CompName":"","ModelNumber":"0000010512","ModelCategory":"Product","RelationshipType":"Service","DisplayName":"Continuous Quality Check & Improvement Services","FullName":"Continuous Quality Check & Improvement Services","Name":"Continuous Quality Check & Improvement Services","SoftwareProductNumber":"00000000000000000000","SoftwareProduct":"None","SoftwareRelationship":"Service","Level":"1 ","DrillState":"Expanded","ParentModelNumber":"","DefaultCompKey":"","DefaultCompName":"","DefaultCompPrioLimit":"","AddSearchTerms":" ","SortOrder":"-52","compList":"[\"  SV-BO-REQ\",\"  SV-ES-SAC\"]"},{"UseCaseID":"","SystemNumber":"000000000740812801","CompName":"","ModelNumber":"0000010508","ModelCategory":"Product","RelationshipType":"Service","DisplayName":"SAP Trust Center","FullName":"SAP Trust Center","Name":"SAP Trust Center","SoftwareProductNumber":"00000000000000000000","SoftwareProduct":"","SoftwareRelationship":"Service","Level":"1 ","DrillState":"Expanded","ParentModelNumber":"","DefaultCompKey":"","DefaultCompName":"","DefaultCompPrioLimit":"","AddSearchTerms":" ","SortOrder":"-100","compList":"[\"  XX-SER-TCS\"]"},{"UseCaseID":"","SystemNumber":"000000000740812801","CompName":"","ModelNumber":"0000010507","ModelCategory":"Product","RelationshipType":"Service","DisplayName":"SAP Support Portal","FullName":"SAP Support Portal","Name":"SAP Support Portal","SoftwareProductNumber":"00000000000000000000","SoftwareProduct":"","SoftwareRelationship":"Service","Level":"1 ","DrillState":"Expanded","ParentModelNumber":"","DefaultCompKey":"","DefaultCompName":"","DefaultCompPrioLimit":"","AddSearchTerms":" ","SortOrder":"-100","compList":"[\" \",\"  XX-SER-SAPSMP-SYS XX-SER-SAPSMP-TEN\",\"SNOTE  BC-UPG-NA BC-UPG-NV\",\"  BC-INS-SWPM\",\"  BC-UPG-TLS-TLA BC-UPG-DTM-TLA\",\"  BC-UPG-TLS-TLJ BC-UPG-DTM-TLJ\",\"  BC-UPG-OCS-SPA\",\"SAINT  BC-UPG-OCS BC-UPG-ADDON\",\"SAProuter  XX-SER-NET\",\"  XX-SER-NET-NEW\",\"  XX-SER-OC-RC\",\"  BC-UPG-MP\",\"  XX-SER-PAM\",\"  XX-SER-SAPSMP-SDM\",\"  XX-SER-SWFL-LICENSE\",\"  XX-SER-SAPSMP-SWC\",\"  XX-SER-LIKEY-BOJ XX-SER-LIKEY-SYB XX-SER-LIKEY\",\"  XX-SER-SAPSMP-SSCR\",\"  XX-SER-DNSP\",\"  XX-SER-SWFL-SHIP\",\"  SV-SMG-LIC\",\"  SV-ES-SAC\",\"  XX-MJC-PA XX-MJC-PM XX-MJC-PP XX-MJC-PS XX-MJC-PP-SFC XX-MJC-PS-COS XX-MJC-EC XX-MJC-FI XX-MJC-EC-CS XX-MJC-EC-PCA XX-MJC-FI-AA XX-MJC-FI-AP XX-MJC-FI-AR XX-MJC-FI-GL XX-MJC-CO XX-MJC-CRM XX-MJC-CO-OM XX-MJC-CO-PA XX-MJC-CO-PC XX-MJC-ADM XX-MJC-BC XX-MJC-BW XX-MJC-IM XX-MJC-IS XX-MJC-LE XX-MJC-LO XX-MJC-MM XX-MJC-PT XX-MJC-PY XX-MJC-QM XX-MJC-RE XX-MJC-SCM XX-MJC-SD XX-MJC-SRM XX-MJC-FIN-SEM XX-MJC-IS-A XX-MJC-IS-ADEC XX-MJC-IS-AFS XX-MJC-IS-M XX-MJC-IS-OIL XX-MJC-IS-PS XX-MJC-IS-R XX-MJC-IS-T XX-MJC-IS-U XX-MJC-LE-SHP XX-MJC-LE-WM XX-MJC-LO-HU XX-MJC-LO-MD XX-MJC-MM-IM XX-MJC-MM-IV XX-MJC-MM-PUR XX-MJC-SCM-APO XX-MJC-SD-BF XX-MJC-SD-BIL XX-MJC-SD-SLS XX-MJC-FIN-FSCM XX-MJC-FS XX-MJC-SCM-EWM XX-MJC-FIN XX-MJC-FI-SL XX-MJC-FI-TV\",\"  SV-SCS-EWA SV-SCS-EWA-GEN SV-SCS-EWA-DOC SV-SCS-EWA-ANA SV-SCS-EWA-SF\",\"  SV-SCS-ESR\",\"  SV-SCS-S4R\",\"  CA-TRS-PRCK\",\"  XX-SER-SAPSMP-USR\",\"  XX-SER-UID XX-SER-UID-ECD XX-SER-UID-ACS\",\"  XX-SER-SAPSMP-ACC\",\"  XX-SER-SAPSMP-CAC\",\"  XX-SER-LAS-PRIV XX-SER-LAS\"]"},{"UseCaseID":"","SystemNumber":"000000000740812801","CompName":"","ModelNumber":"PROJ0000010511","ModelCategory":"Product","RelationshipType":"Service","DisplayName":"Customer Project-Based Solutions","FullName":"Customer Project-Based Solutions","Name":"Customer Project-Based Solutions","SoftwareProductNumber":"","SoftwareProduct":"None","SoftwareRelationship":"Service","Level":"1 ","DrillState":"Leaf","ParentModelNumber":"","DefaultCompKey":"","DefaultCompName":"","DefaultCompPrioLimit":"","AddSearchTerms":"","SortOrder":"-1000","compList":"[]"},{"UseCaseID":"","SystemNumber":"000000000740812801","CompName":"","ModelNumber":"0000010510","ModelCategory":"Product","RelationshipType":"Service","DisplayName":"SAP Help Portal (Documentation)","FullName":"SAP Help Portal (Documentation)","Name":"SAP Help Portal (Documentation)","SoftwareProductNumber":"00000000000000000000","SoftwareProduct":"","SoftwareRelationship":"Service","Level":"1 ","DrillState":"Expanded","ParentModelNumber":"","DefaultCompKey":"","DefaultCompName":"","DefaultCompPrioLimit":"","AddSearchTerms":" ","SortOrder":"-1100","compList":"[\"  UA-CP UA UA-DOC\"]"}],"productFunction":[{"UseCaseID":"","SystemNumber":"000000000740812801","CompName":"","ModelNumber":"0000010507-0000003116","ModelCategory":"Product Function","RelationshipType":"Delivered by Software","DisplayName":"User Management","FullName":"SAP Support Portal > User Management","Name":"User Management","SoftwareProductNumber":"00000000000000000000","SoftwareProduct":"","SoftwareRelationship":"Delivered by SAP Support Portal","Level":"2 ","DrillState":"Expanded","ParentModelNumber":"0000010507","DefaultCompKey":"","DefaultCompName":"","DefaultCompPrioLimit":"","AddSearchTerms":" ","SortOrder":"300"},{"UseCaseID":"","SystemNumber":"000000000740812801","CompName":"","ModelNumber":"0000010507-0000101995","ModelCategory":"Product Function","RelationshipType":"Delivered by Software","DisplayName":"Systems and Installations","FullName":"SAP Support Portal > Systems and Installations","Name":"Systems and Installations","SoftwareProductNumber":"00000000000000000000","SoftwareProduct":"","SoftwareRelationship":"Delivered by SAP Support Portal","Level":"2 ","DrillState":"Expanded","ParentModelNumber":"0000010507","DefaultCompKey":"","DefaultCompName":"","DefaultCompPrioLimit":"","AddSearchTerms":" ","SortOrder":"200"},{"UseCaseID":"","SystemNumber":"000000000740812801","CompName":"","ModelNumber":"0000010507-0000101995-0000101996","ModelCategory":"Product Function","RelationshipType":"Delivered by Software","DisplayName":"Systems and Installations > System and Installation Data","FullName":"SAP Support Portal > Systems and Installations > System and Installation Data","Name":"System and Installation Data","SoftwareProductNumber":"00000000000000000000","SoftwareProduct":"","SoftwareRelationship":"Delivered by SAP Support Portal","Level":"3 ","DrillState":"Leaf","ParentModelNumber":"0000010507-0000101995","DefaultCompKey":"0000034948","DefaultCompName":"XX-SER-SAPSMP-SYS","DefaultCompPrioLimit":"XX","AddSearchTerms":"  XX-SER-SAPSMP-SYS XX-SER-SAPSMP-TEN","SortOrder":"100"},{"UseCaseID":"","SystemNumber":"000000000740812801","CompName":"","ModelNumber":"0000010506-0000003097","ModelCategory":"Product Function","RelationshipType":"Delivered by Software","DisplayName":"SAP for Me","FullName":"SAP for Me > SAP for Me","Name":"SAP for Me","SoftwareProductNumber":"00000000000000000000","SoftwareProduct":"","SoftwareRelationship":"Delivered by SAP for Me","Level":"2 ","DrillState":"Leaf","ParentModelNumber":"0000010506","DefaultCompKey":"0000071273","DefaultCompName":"XX-SER-FORME","DefaultCompPrioLimit":"XX","AddSearchTerms":"  XX-SER-FORME XX-SER-FORME-CC XX-SER-FORME-LUI XX-SER-FORME-SYPV XX-SER-FORME-FL XX-SER-FORME-AV XX-SER-FORME-SR XX-SER-FORME-CM XX-SER-FORME-PP XX-SER-FORME-SE XX-SER-FORME-MOBILE XX-SER-FORME-SEARCH XX-SER-FORME-LUI-BTP XX-SER-FORME-LUI-CLO XX-SER-FORME-ICEA XX-SER-FORME-APII","SortOrder":"80"},{"UseCaseID":"","SystemNumber":"000000000740812801","CompName":"","ModelNumber":"0000010507-0000101998-0000003089","ModelCategory":"Product Function","RelationshipType":"Delivered by Software","DisplayName":"Tools > Software Logistics Tools","FullName":"SAP Support Portal > Tools > Software Logistics Tools","Name":"Software Logistics Tools","SoftwareProductNumber":"00000000000000000000","SoftwareProduct":"","SoftwareRelationship":"Delivered by SAP Support Portal","Level":"3 ","DrillState":"Expanded","ParentModelNumber":"0000010507-0000101998","DefaultCompKey":"","DefaultCompName":"","DefaultCompPrioLimit":"","AddSearchTerms":" ","SortOrder":"0"},{"UseCaseID":"","SystemNumber":"000000000740812801","CompName":"","ModelNumber":"0000010507-0000101998-0000003089-0000000168","ModelCategory":"Product Function","RelationshipType":"Delivered by Software","DisplayName":"Tools > Software Logistics Tools > Note Assistant","FullName":"SAP Support Portal > Tools > Software Logistics Tools > Note Assistant","Name":"Note Assistant","SoftwareProductNumber":"00000000000000000000","SoftwareProduct":"","SoftwareRelationship":"Delivered by SAP Support Portal","Level":"4 ","DrillState":"Leaf","ParentModelNumber":"0000010507-0000101998-0000003089","DefaultCompKey":"0000033639","DefaultCompName":"BC-UPG-NA","DefaultCompPrioLimit":"","AddSearchTerms":"SNOTE  BC-UPG-NA BC-UPG-NV","SortOrder":"0"},{"UseCaseID":"","SystemNumber":"000000000740812801","CompName":"","ModelNumber":"0000010507-0000101998-0000003089-0000000169","ModelCategory":"Product Function","RelationshipType":"Delivered by Software","DisplayName":"Tools > Software Logistics Tools > System Provisioning Manager","FullName":"SAP Support Portal > Tools > Software Logistics Tools > System Provisioning Manager","Name":"System Provisioning Manager","SoftwareProductNumber":"00000000000000000000","SoftwareProduct":"","SoftwareRelationship":"Delivered by SAP Support Portal","Level":"4 ","DrillState":"Leaf","ParentModelNumber":"0000010507-0000101998-0000003089","DefaultCompKey":"0000068877","DefaultCompName":"BC-INS-SWPM","DefaultCompPrioLimit":"X","AddSearchTerms":"  BC-INS-SWPM","SortOrder":"0"},{"UseCaseID":"","SystemNumber":"000000000740812801","CompName":"","ModelNumber":"0000010507-0000101998-0000003089-0000000606","ModelCategory":"Product Function","RelationshipType":"Delivered by Software","DisplayName":"Tools > Software Logistics Tools > Software Update Manager","FullName":"SAP Support Portal > Tools > Software Logistics Tools > Software Update Manager","Name":"Software Update Manager","SoftwareProductNumber":"00000000000000000000","SoftwareProduct":"","SoftwareRelationship":"Delivered by SAP Support Portal","Level":"4 ","DrillState":"Expanded","ParentModelNumber":"0000010507-0000101998-0000003089","DefaultCompKey":"","DefaultCompName":"","DefaultCompPrioLimit":"","AddSearchTerms":" ","SortOrder":"0"},{"UseCaseID":"","SystemNumber":"000000000740812801","CompName":"","ModelNumber":"0000010507-0000101998-0000003089-0000000606-0000100488","ModelCategory":"Product Function","RelationshipType":"Delivered by Software","DisplayName":"Tools > Software Logistics Tools > Software Update Manager > Upgrade tools for ABAP","FullName":"SAP Support Portal > Tools > Software Logistics Tools > Software Update Manager > Upgrade tools for ABAP","Name":"Upgrade tools for ABAP","SoftwareProductNumber":"00000000000000000000","SoftwareProduct":"","SoftwareRelationship":"Delivered by SAP Support Portal","Level":"5 ","DrillState":"Leaf","ParentModelNumber":"0000010507-0000101998-0000003089-0000000606","DefaultCompKey":"0000040518","DefaultCompName":"BC-UPG-TLS-TLA","DefaultCompPrioLimit":"","AddSearchTerms":"  BC-UPG-TLS-TLA BC-UPG-DTM-TLA","SortOrder":"0"},{"UseCaseID":"","SystemNumber":"000000000740812801","CompName":"","ModelNumber":"0000010507-0000101998-0000003089-0000000606-0000100489","ModelCategory":"Product Function","RelationshipType":"Delivered by Software","DisplayName":"Tools > Software Logistics Tools > Software Update Manager > Upgrade Tools for Java","FullName":"SAP Support Portal > Tools > Software Logistics Tools > Software Update Manager > Upgrade Tools for Java","Name":"Upgrade Tools for Java","SoftwareProductNumber":"00000000000000000000","SoftwareProduct":"","SoftwareRelationship":"Delivered by SAP Support Portal","Level":"5 ","DrillState":"Leaf","ParentModelNumber":"0000010507-0000101998-0000003089-0000000606","DefaultCompKey":"0000040519","DefaultCompName":"BC-UPG-TLS-TLJ","DefaultCompPrioLimit":"","AddSearchTerms":"  BC-UPG-TLS-TLJ BC-UPG-DTM-TLJ","SortOrder":"0"},{"UseCaseID":"","SystemNumber":"000000000740812801","CompName":"","ModelNumber":"0000010507-0000101998-0000003089-0000001723","ModelCategory":"Product Function","RelationshipType":"Delivered by Software","DisplayName":"Tools > Software Logistics Tools > Support Package Manager","FullName":"SAP Support Portal > Tools > Software Logistics Tools > Support Package Manager","Name":"Support Package Manager","SoftwareProductNumber":"00000000000000000000","SoftwareProduct":"","SoftwareRelationship":"Delivered by SAP Support Portal","Level":"4 ","DrillState":"Leaf","ParentModelNumber":"0000010507-0000101998-0000003089","DefaultCompKey":"0000040516","DefaultCompName":"BC-UPG-OCS-SPA","DefaultCompPrioLimit":"","AddSearchTerms":"  BC-UPG-OCS-SPA","SortOrder":"0"},{"UseCaseID":"","SystemNumber":"000000000740812801","CompName":"","ModelNumber":"0000010507-0000101998-0000003089-0000001724","ModelCategory":"Product Function","RelationshipType":"Delivered by Software","DisplayName":"Tools > Software Logistics Tools > SAP Add-On Installation Tool","FullName":"SAP Support Portal > Tools > Software Logistics Tools > SAP Add-On Installation Tool","Name":"SAP Add-On Installation Tool","SoftwareProductNumber":"00000000000000000000","SoftwareProduct":"","SoftwareRelationship":"Delivered by SAP Support Portal","Level":"4 ","DrillState":"Leaf","ParentModelNumber":"0000010507-0000101998-0000003089","DefaultCompKey":"BC-ADM-OCS","DefaultCompName":"BC-UPG-OCS","DefaultCompPrioLimit":"","AddSearchTerms":"SAINT  BC-UPG-OCS BC-UPG-ADDON","SortOrder":"0"},{"UseCaseID":"","SystemNumber":"000000000740812801","CompName":"","ModelNumber":"0000010507-0000101998-0000003102","ModelCategory":"Product Function","RelationshipType":"Delivered by Software","DisplayName":"Tools > Connectivity Tools","FullName":"SAP Support Portal > Tools > Connectivity Tools","Name":"Connectivity Tools","SoftwareProductNumber":"00000000000000000000","SoftwareProduct":"","SoftwareRelationship":"Delivered by SAP Support Portal","Level":"3 ","DrillState":"Expanded","ParentModelNumber":"0000010507-0000101998","DefaultCompKey":"","DefaultCompName":"","DefaultCompPrioLimit":"","AddSearchTerms":" ","SortOrder":"0"},{"UseCaseID":"","SystemNumber":"000000000740812801","CompName":"","ModelNumber":"0000010507-0000101998-0000003102-0000003103","ModelCategory":"Product Function","RelationshipType":"Delivered by Software","DisplayName":"Tools > Connectivity Tools > Remote Support","FullName":"SAP Support Portal > Tools > Connectivity Tools > Remote Support","Name":"Remote Support","SoftwareProductNumber":"00000000000000000000","SoftwareProduct":"","SoftwareRelationship":"Delivered by SAP Support Portal","Level":"4 ","DrillState":"Leaf","ParentModelNumber":"0000010507-0000101998-0000003102","DefaultCompKey":"XX-SER-NET","DefaultCompName":"XX-SER-NET","DefaultCompPrioLimit":"","AddSearchTerms":"SAProuter  XX-SER-NET","SortOrder":"0"},{"UseCaseID":"","SystemNumber":"000000000740812801","CompName":"","ModelNumber":"0000010507-0000101998-0000003102-0000003104","ModelCategory":"Product Function","RelationshipType":"Delivered by Software","DisplayName":"Tools > Connectivity Tools > Service Connector","FullName":"SAP Support Portal > Tools > Connectivity Tools > Service Connector","Name":"Service Connector","SoftwareProductNumber":"00000000000000000000","SoftwareProduct":"","SoftwareRelationship":"Delivered by SAP Support Portal","Level":"4 ","DrillState":"Leaf","ParentModelNumber":"0000010507-0000101998-0000003102","DefaultCompKey":"XX-SER-NETNEW","DefaultCompName":"XX-SER-NET-NEW","DefaultCompPrioLimit":"","AddSearchTerms":"  XX-SER-NET-NEW","SortOrder":"0"},{"UseCaseID":"","SystemNumber":"000000000740812801","CompName":"","ModelNumber":"0000010507-0000101998-0000003102-0000101993","ModelCategory":"Product Function","RelationshipType":"Delivered by Software","DisplayName":"Tools > Connectivity Tools > Remote Access for Consulting Services","FullName":"SAP Support Portal > Tools > Connectivity Tools > Remote Access for Consulting Services","Name":"Remote Access for Consulting Services","SoftwareProductNumber":"00000000000000000000","SoftwareProduct":"","SoftwareRelationship":"Delivered by SAP Support Portal","Level":"4 ","DrillState":"Leaf","ParentModelNumber":"0000010507-0000101998-0000003102","DefaultCompKey":"0000061408","DefaultCompName":"XX-SER-OC-RC","DefaultCompPrioLimit":"XX","AddSearchTerms":"  XX-SER-OC-RC","SortOrder":"0"},{"UseCaseID":"","SystemNumber":"000000000740812801","CompName":"","ModelNumber":"0000010508-0000001169","ModelCategory":"Product Function","RelationshipType":"Delivered by Software","DisplayName":"SAP Trust Center","FullName":"SAP Trust Center > SAP Trust Center","Name":"SAP Trust Center","SoftwareProductNumber":"00000000000000000000","SoftwareProduct":"","SoftwareRelationship":"Delivered by SAP Trust Center","Level":"2 ","DrillState":"Leaf","ParentModelNumber":"0000010508","DefaultCompKey":"0000036023","DefaultCompName":"XX-SER-TCS","DefaultCompPrioLimit":"XX","AddSearchTerms":"  XX-SER-TCS","SortOrder":"0"},{"UseCaseID":"","SystemNumber":"000000000740812801","CompName":"","ModelNumber":"0000010509-0000001162","ModelCategory":"Product Function","RelationshipType":"Delivered by Software","DisplayName":"Support User Management","FullName":"SAP Universal ID > Support User Management","Name":"Support User Management","SoftwareProductNumber":"00000000000000000000","SoftwareProduct":"","SoftwareRelationship":"Delivered by SAP Universal ID","Level":"2 ","DrillState":"Leaf","ParentModelNumber":"0000010509","DefaultCompKey":"0000034949","DefaultCompName":"XX-SER-SAPSMP-USR","DefaultCompPrioLimit":"XX","AddSearchTerms":"  XX-SER-SAPSMP-USR","SortOrder":"0"},{"UseCaseID":"","SystemNumber":"000000000740812801","CompName":"","ModelNumber":"0000010509-0000003098","ModelCategory":"Product Function","RelationshipType":"Delivered by Software","DisplayName":"SAP Universal ID","FullName":"SAP Universal ID > SAP Universal ID","Name":"SAP Universal ID","SoftwareProductNumber":"00000000000000000000","SoftwareProduct":"","SoftwareRelationship":"Delivered by SAP Universal ID","Level":"2 ","DrillState":"Leaf","ParentModelNumber":"0000010509","DefaultCompKey":"100142","DefaultCompName":"XX-SER-UID","DefaultCompPrioLimit":"XX","AddSearchTerms":"  XX-SER-UID XX-SER-UID-ECD XX-SER-UID-ACS","SortOrder":"0"},{"UseCaseID":"","SystemNumber":"000000000740812801","CompName":"","ModelNumber":"0000010509-0000003108","ModelCategory":"Product Function","RelationshipType":"Delivered by Software","DisplayName":"Single Sign on with SAP Passport","FullName":"SAP Universal ID > Single Sign on with SAP Passport","Name":"Single Sign on with SAP Passport","SoftwareProductNumber":"00000000000000000000","SoftwareProduct":"","SoftwareRelationship":"Delivered by SAP Universal ID","Level":"2 ","DrillState":"Leaf","ParentModelNumber":"0000010509","DefaultCompKey":"0000032851","DefaultCompName":"XX-SER-SAPSMP-ACC","DefaultCompPrioLimit":"XX","AddSearchTerms":"  XX-SER-SAPSMP-ACC","SortOrder":"0"},{"UseCaseID":"","SystemNumber":"000000000740812801","CompName":"","ModelNumber":"0000010510-0000101147","ModelCategory":"Product Function","RelationshipType":"Delivered by Software","DisplayName":"SAP Help Portal (Documentation)","FullName":"SAP Help Portal (Documentation) > SAP Help Portal (Documentation)","Name":"SAP Help Portal (Documentation)","SoftwareProductNumber":"00000000000000000000","SoftwareProduct":"","SoftwareRelationship":"Delivered by SAP Help Portal (Documentation)","Level":"2 ","DrillState":"Leaf","ParentModelNumber":"0000010510","DefaultCompKey":"0000064695","DefaultCompName":"UA-CP","DefaultCompPrioLimit":"X","AddSearchTerms":"  UA-CP UA UA-DOC","SortOrder":"0"},{"UseCaseID":"","SystemNumber":"000000000740812801","CompName":"","ModelNumber":"0000010512-0000102180","ModelCategory":"Product Function","RelationshipType":"Delivered by Software","DisplayName":"Service Request for an On-Premise Solution","FullName":"Continuous Quality Check & Improvement Services > Service Request for an On-Premise Solution","Name":"Service Request for an On-Premise Solution","SoftwareProductNumber":"00000000000000000000","SoftwareProduct":"None","SoftwareRelationship":"Delivered by Continuous Quality Check & Improvement Services","Level":"2 ","DrillState":"Leaf","ParentModelNumber":"0000010512","DefaultCompKey":"XX-SER-TCC-GL","DefaultCompName":"SV-BO-REQ","DefaultCompPrioLimit":"XX","AddSearchTerms":"  SV-BO-REQ","SortOrder":"0"},{"UseCaseID":"","SystemNumber":"000000000740812801","CompName":"","ModelNumber":"0000010512-0000102181","ModelCategory":"Product Function","RelationshipType":"Delivered by Software","DisplayName":"Service Request for a Cloud Solution","FullName":"Continuous Quality Check & Improvement Services > Service Request for a Cloud Solution","Name":"Service Request for a Cloud Solution","SoftwareProductNumber":"00000000000000000000","SoftwareProduct":"None","SoftwareRelationship":"Delivered by Continuous Quality Check & Improvement Services","Level":"2 ","DrillState":"Leaf","ParentModelNumber":"0000010512","DefaultCompKey":"0000049372","DefaultCompName":"SV-ES-SAC","DefaultCompPrioLimit":"XX","AddSearchTerms":"  SV-ES-SAC","SortOrder":"0"},{"UseCaseID":"","SystemNumber":"000000000740812801","CompName":"","ModelNumber":"0000101477-0000102314","ModelCategory":"Product Function","RelationshipType":"Delivered by Software","DisplayName":"Analysis","FullName":"SAP Ariba Sourcing, cloud edition > Analysis","Name":"Analysis","SoftwareProductNumber":"67838200100800005703","SoftwareProduct":"SAP Ariba Sourcing, cloud edition","SoftwareRelationship":"Delivered by SAP Ariba Sourcing, cloud edition","Level":"2 ","DrillState":"Leaf","ParentModelNumber":"0000101477","DefaultCompKey":"105921","DefaultCompName":"BNS-ARI-ANL","DefaultCompPrioLimit":"","AddSearchTerms":"  BNS-ARI-ANL-API BNS-ARI-PRI BNS-ARI-SV BNS-ARI-ANL BNS-ARI-OA","SortOrder":"0"},{"UseCaseID":"","SystemNumber":"000000000740812801","CompName":"","ModelNumber":"0000101477-0000102315","ModelCategory":"Product Function","RelationshipType":"Delivered by Software","DisplayName":"API","FullName":"SAP Ariba Sourcing, cloud edition > API","Name":"API","SoftwareProductNumber":"67838200100800005703","SoftwareProduct":"SAP Ariba Sourcing, cloud edition","SoftwareRelationship":"Delivered by SAP Ariba Sourcing, cloud edition","Level":"2 ","DrillState":"Leaf","ParentModelNumber":"0000101477","DefaultCompKey":"105983","DefaultCompName":"BNS-ARI-PAS-API","DefaultCompPrioLimit":"","AddSearchTerms":"  BNS-ARI-PAS-API-GWY BNS-ARI-PAS-API-OMG BNS-ARI-PAS-API-BOT BNS-ARI-PAS-CF-API BNS-ARI-PAS-API BNS-ARI-PAS-API-PTL","SortOrder":"0"},{"UseCaseID":"","SystemNumber":"000000000740812801","CompName":"","ModelNumber":"0000101477-0000102331","ModelCategory":"Product Function","RelationshipType":"Delivered by Software","DisplayName":"Strategic Contracts","FullName":"SAP Ariba Sourcing, cloud edition > Strategic Contracts","Name":"Strategic Contracts","SoftwareProductNumber":"67838200100800005703","SoftwareProduct":"SAP Ariba Sourcing, cloud edition","SoftwareRelationship":"Delivered by SAP Ariba Sourcing, cloud edition","Level":"2 ","DrillState":"Leaf","ParentModelNumber":"0000101477","DefaultCompKey":"105937","DefaultCompName":"BNS-ARI-SC","DefaultCompPrioLimit":"","AddSearchTerms":"  BNS-ARI-SC BNS-ARI-SC-RPT BNS-ARI-SC-API BNS-ARI-SC-XML BNS-ARI-SC-WBS BNS-ARI-SC-FG BNS-ARI-SC-FC BNS-ARI-SC-PERF BNS-ARI-SC-LID BNS-ARI-SC-SI BNS-ARI-SC-TEM BNS-ARI-SC-AUT BNS-ARI-SC-TSK BNS-ARI-SC-CW BNS-ARI-SC-SUI BNS-ARI-SC-API-OPR BNS-ARI-SC-AI BNS-ARI-SC-ICI BNS-ARI-SC-CUS","SortOrder":"0"},{"UseCaseID":"","SystemNumber":"000000000740812801","CompName":"","ModelNumber":"0000101477-0000102332","ModelCategory":"Product Function","RelationshipType":"Delivered by Software","DisplayName":"Strategic Sourcing","FullName":"SAP Ariba Sourcing, cloud edition > Strategic Sourcing","Name":"Strategic Sourcing","SoftwareProductNumber":"67838200100800005703","SoftwareProduct":"SAP Ariba Sourcing, cloud edition","SoftwareRelationship":"Delivered by SAP Ariba Sourcing, cloud edition","Level":"2 ","DrillState":"Leaf","ParentModelNumber":"0000101477","DefaultCompKey":"106256","DefaultCompName":"BNS-ARI-SS","DefaultCompPrioLimit":"","AddSearchTerms":"  BNS-ARI-SS BNS-ARI-SS-ADS BNS-ARI-SS-ADE BNS-ARI-SS-ADU BNS-ARI-SS-DMS BNS-ARI-SS-EVT BNS-ARI-SS-EDM BNS-ARI-SS-FRM BNS-ARI-SS-GS BNS-ARI-SS-SRP BNS-ARI-SS-REQ BNS-ARI-SS-PRO BNS-ARI-SS-LIB BNS-ARI-SS-RS BNS-ARI-SS-SSD BNS-ARI-SS-RPT BNS-ARI-SS-API BNS-ARI-SS-ICM BNS-ARI-SS-XML BNS-ARI-SS-WBS BNS-ARI-SS-FG BNS-ARI-SS-FC BNS-ARI-SS-PERF BNS-ARI-SS-SI BNS-ARI-SS-AI BNS-ARI-SS-GS-WBS BNS-ARI-SS-GS-XML BNS-ARI-SS-GS-SI BNS-ARI-SS-REQ-RFQ BNS-ARI-SS-REQ-LAN BNS-ARI-SS-PRO-LAN BNS-ARI-SS-RS-ET BNS-ARI-SS-RS-INT BNS-ARI-SS-RS-EA BNS-ARI-SS-FRM-SAV BNS-ARI-SS-FRM-SOR BNS-ARI-SS-EVT-LGN BNS-ARI-SS-EVT-LAN BNS-ARI-SS-DMS-WBS BNS-ARI-SS-DMS-SPA BNS-ARI-SS-DMS-RFX BNS-ARI-SS-DMS-PIR BNS-ARI-SS-DMS-MDI BNS-ARI-SS-DMS-DI BNS-ARI-SS-DMS-EXL BNS-ARI-SS-DMS-DBD BNS-ARI-SS-DMS-CST BNS-ARI-SS-DMS-CNI BNS-ARI-SS-DMS-CON BNS-ARI-SS-DMS-BOM BNS-ARI-SS-TEM BNS-ARI-SS-SUP BNS-ARI-SS-API-ORP BNS-ARI-SS-FC-ITK BNS-ARI-SS-TEM-PRT BNS-ARI-SS-TEM-ET BNS-ARI-SS-TEM-GST BNS-ARI-SS-TEM-SRT BNS-ARI-SS-TEM-SPT BNS-ARI-SS-TEM-PRO BNS-ARI-SS-API-OPR BNS-ARI-SS-DF BNS-ARI-SS-TEM-SRTP BNS-ARI-SS-SQ BNS-ARI-SS-EVT-EDM BNS-ARI-SS-CUS","SortOrder":"0"},{"UseCaseID":"","SystemNumber":"000000000740812801","CompName":"","ModelNumber":"0000101477-0000102333","ModelCategory":"Product Function","RelationshipType":"Delivered by Software","DisplayName":"Supplier Lifecycle Performance","FullName":"SAP Ariba Sourcing, cloud edition > Supplier Lifecycle Performance","Name":"Supplier Lifecycle Performance","SoftwareProductNumber":"67838200100800005703","SoftwareProduct":"SAP Ariba Sourcing, cloud edition","SoftwareRelationship":"Delivered by SAP Ariba Sourcing, cloud edition","Level":"2 ","DrillState":"Leaf","ParentModelNumber":"0000101477","DefaultCompKey":"106070","DefaultCompName":"BNS-ARI-SLP-UI","DefaultCompPrioLimit":"","AddSearchTerms":"  BNS-ARI-SLP BNS-ARI-SLP-API BNS-ARI-SLP-RPT BNS-ARI-SLP-XML BNS-ARI-SLP-ADM BNS-ARI-SLP-BNK BNS-ARI-SLP-CON BNS-ARI-SLP-FAC BNS-ARI-SLP-FMP BNS-ARI-SLP-IEX BNS-ARI-SLP-MQ BNS-ARI-SLP-PF BNS-ARI-SLP-QL BNS-ARI-SLP-REG BNS-ARI-SLP-SPM BNS-ARI-SLP-SRC BNS-ARI-SLP-SRP BNS-ARI-SLP-SMG BNS-ARI-SLP-UI BNS-ARI-SLP-TRA BNS-ARI-SLP-TEM BNS-ARI-SLP-REQ","SortOrder":"0"},{"UseCaseID":"","SystemNumber":"000000000740812801","CompName":"","ModelNumber":"0000101477-0000102334","ModelCategory":"Product Function","RelationshipType":"Delivered by Software","DisplayName":"Supplier Management","FullName":"SAP Ariba Sourcing, cloud edition > Supplier Management","Name":"Supplier Management","SoftwareProductNumber":"67838200100800005703","SoftwareProduct":"SAP Ariba Sourcing, cloud edition","SoftwareRelationship":"Delivered by SAP Ariba Sourcing, cloud edition","Level":"2 ","DrillState":"Leaf","ParentModelNumber":"0000101477","DefaultCompKey":"106055","DefaultCompName":"BNS-ARI-SIPM-SPR","DefaultCompPrioLimit":"","AddSearchTerms":"  BNS-ARI-SIPM BNS-ARI-SIPM-RPT BNS-ARI-SIPM-INT BNS-ARI-SIPM-FC BNS-ARI-SIPM-PERF BNS-ARI-SIPM-SI BNS-ARI-SIPM-AI BNS-ARI-SIPM-REG BNS-ARI-SIPM-TEM BNS-ARI-SIPM-TUP BNS-ARI-SIPM-SPR","SortOrder":"0"},{"UseCaseID":"","SystemNumber":"000000000740812801","CompName":"","ModelNumber":"0000101477-0000102335","ModelCategory":"Product Function","RelationshipType":"Delivered by Software","DisplayName":"Supplier Risks","FullName":"SAP Ariba Sourcing, cloud edition > Supplier Risks","Name":"Supplier Risks","SoftwareProductNumber":"67838200100800005703","SoftwareProduct":"SAP Ariba Sourcing, cloud edition","SoftwareRelationship":"Delivered by SAP Ariba Sourcing, cloud edition","Level":"2 ","DrillState":"Leaf","ParentModelNumber":"0000101477","DefaultCompKey":"110092","DefaultCompName":"BNS-ARI-RSK","DefaultCompPrioLimit":"","AddSearchTerms":"  BNS-ARI-RSK-TPP BNS-ARI-RSK-CSP BNS-ARI-RSK-PRO BNS-ARI-RSK-ENR BNS-ARI-RSK-ADV BNS-ARI-RSK-SCR BNS-ARI-RSK-SUP BNS-ARI-RSK-ICM BNS-ARI-RSK-ADM BNS-ARI-RSK-ER BNS-ARI-RSK-RPT BNS-ARI-RSK-RRP BNS-ARI-RSK-TEM BNS-ARI-RSK BNS-ARI-RSK-API BNS-ARI-RSK-IM BNS-ARI-RSK-TUP BNS-ARI-RSK-CTR BNS-ARI-RSK-AI BNS-ARI-RSK-ASM BNS-ARI-RSK-SI BNS-ARI-RSK-UI BNS-ARI-RSK-PERF BNS-ARI-RSK-DSB","SortOrder":"0"},{"UseCaseID":"","SystemNumber":"000000000740812801","CompName":"","ModelNumber":"0000010507-0000101998","ModelCategory":"Product Function","RelationshipType":"Delivered by Software","DisplayName":"Tools","FullName":"SAP Support Portal > Tools","Name":"Tools","SoftwareProductNumber":"00000000000000000000","SoftwareProduct":"","SoftwareRelationship":"Delivered by SAP Support Portal","Level":"2 ","DrillState":"Expanded","ParentModelNumber":"0000010507","DefaultCompKey":"","DefaultCompName":"","DefaultCompPrioLimit":"","AddSearchTerms":" ","SortOrder":"0"},{"UseCaseID":"","SystemNumber":"000000000740812801","CompName":"","ModelNumber":"0000010507-0000003078","ModelCategory":"Product Function","RelationshipType":"Delivered by Software","DisplayName":"Maintenance","FullName":"SAP Support Portal > Maintenance","Name":"Maintenance","SoftwareProductNumber":"00000000000000000000","SoftwareProduct":"","SoftwareRelationship":"Delivered by SAP Support Portal","Level":"2 ","DrillState":"Expanded","ParentModelNumber":"0000010507","DefaultCompKey":"","DefaultCompName":"","DefaultCompPrioLimit":"","AddSearchTerms":" ","SortOrder":"0"},{"UseCaseID":"","SystemNumber":"000000000740812801","CompName":"","ModelNumber":"0000010507-0000003078-0000000602","ModelCategory":"Product Function","RelationshipType":"Delivered by Software","DisplayName":"Maintenance > Maintenance Planner","FullName":"SAP Support Portal > Maintenance > Maintenance Planner","Name":"Maintenance Planner","SoftwareProductNumber":"00000000000000000000","SoftwareProduct":"","SoftwareRelationship":"Delivered by SAP Support Portal","Level":"3 ","DrillState":"Leaf","ParentModelNumber":"0000010507-0000003078","DefaultCompKey":"0000066404","DefaultCompName":"BC-UPG-MP","DefaultCompPrioLimit":"","AddSearchTerms":"  BC-UPG-MP","SortOrder":"0"},{"UseCaseID":"","SystemNumber":"000000000740812801","CompName":"","ModelNumber":"0000010507-0000003078-0000000604","ModelCategory":"Product Function","RelationshipType":"Delivered by Software","DisplayName":"Maintenance > Product Availibility Matrix","FullName":"SAP Support Portal > Maintenance > Product Availibility Matrix","Name":"Product Availibility Matrix","SoftwareProductNumber":"00000000000000000000","SoftwareProduct":"","SoftwareRelationship":"Delivered by SAP Support Portal","Level":"3 ","DrillState":"Leaf","ParentModelNumber":"0000010507-0000003078","DefaultCompKey":"0000041884","DefaultCompName":"XX-SER-PAM","DefaultCompPrioLimit":"XX","AddSearchTerms":"  XX-SER-PAM","SortOrder":"0"},{"UseCaseID":"","SystemNumber":"000000000740812801","CompName":"","ModelNumber":"0000010507-0000003078-0000003077","ModelCategory":"Product Function","RelationshipType":"Delivered by Software","DisplayName":"Maintenance > Software Downloads","FullName":"SAP Support Portal > Maintenance > Software Downloads","Name":"Software Downloads","SoftwareProductNumber":"00000000000000000000","SoftwareProduct":"","SoftwareRelationship":"Delivered by SAP Support Portal","Level":"3 ","DrillState":"Expanded","ParentModelNumber":"0000010507-0000003078","DefaultCompKey":"","DefaultCompName":"","DefaultCompPrioLimit":"","AddSearchTerms":" ","SortOrder":"0"},{"UseCaseID":"","SystemNumber":"000000000740812801","CompName":"","ModelNumber":"0000010507-0000003078-0000003077-0000003084","ModelCategory":"Product Function","RelationshipType":"Delivered by Software","DisplayName":"Maintenance > Software Downloads > SAP Download Manager","FullName":"SAP Support Portal > Maintenance > Software Downloads > SAP Download Manager","Name":"SAP Download Manager","SoftwareProductNumber":"00000000000000000000","SoftwareProduct":"","SoftwareRelationship":"Delivered by SAP Support Portal","Level":"4 ","DrillState":"Leaf","ParentModelNumber":"0000010507-0000003078-0000003077","DefaultCompKey":"0000036782","DefaultCompName":"XX-SER-SAPSMP-SDM","DefaultCompPrioLimit":"XX","AddSearchTerms":"  XX-SER-SAPSMP-SDM","SortOrder":"0"},{"UseCaseID":"","SystemNumber":"000000000740812801","CompName":"","ModelNumber":"0000010507-0000003078-0000003077-0000003085","ModelCategory":"Product Function","RelationshipType":"Delivered by Software","DisplayName":"Maintenance > Software Downloads > License Issues","FullName":"SAP Support Portal > Maintenance > Software Downloads > License Issues","Name":"License Issues","SoftwareProductNumber":"00000000000000000000","SoftwareProduct":"","SoftwareRelationship":"Delivered by SAP Support Portal","Level":"4 ","DrillState":"Leaf","ParentModelNumber":"0000010507-0000003078-0000003077","DefaultCompKey":"0000048356","DefaultCompName":"XX-SER-SWFL-LICENSE","DefaultCompPrioLimit":"XX","AddSearchTerms":"  XX-SER-SWFL-LICENSE","SortOrder":"0"},{"UseCaseID":"","SystemNumber":"000000000740812801","CompName":"","ModelNumber":"0000010507-0000003078-0000003077-0000003086","ModelCategory":"Product Function","RelationshipType":"Delivered by Software","DisplayName":"Maintenance > Software Downloads > Software Download Center","FullName":"SAP Support Portal > Maintenance > Software Downloads > Software Download Center","Name":"Software Download Center","SoftwareProductNumber":"00000000000000000000","SoftwareProduct":"","SoftwareRelationship":"Delivered by SAP Support Portal","Level":"4 ","DrillState":"Leaf","ParentModelNumber":"0000010507-0000003078-0000003077","DefaultCompKey":"0000034854","DefaultCompName":"XX-SER-SAPSMP-SWC","DefaultCompPrioLimit":"XX","AddSearchTerms":"  XX-SER-SAPSMP-SWC","SortOrder":"0"},{"UseCaseID":"","SystemNumber":"000000000740812801","CompName":"","ModelNumber":"0000010507-0000003078-0000003079","ModelCategory":"Product Function","RelationshipType":"Delivered by Software","DisplayName":"Maintenance > Keys","FullName":"SAP Support Portal > Maintenance > Keys","Name":"Keys","SoftwareProductNumber":"00000000000000000000","SoftwareProduct":"","SoftwareRelationship":"Delivered by SAP Support Portal","Level":"3 ","DrillState":"Expanded","ParentModelNumber":"0000010507-0000003078","DefaultCompKey":"","DefaultCompName":"","DefaultCompPrioLimit":"","AddSearchTerms":" ","SortOrder":"0"},{"UseCaseID":"","SystemNumber":"000000000740812801","CompName":"","ModelNumber":"0000010507-0000003078-0000003079-0000003080","ModelCategory":"Product Function","RelationshipType":"Delivered by Software","DisplayName":"Maintenance > Keys > License Keys","FullName":"SAP Support Portal > Maintenance > Keys > License Keys","Name":"License Keys","SoftwareProductNumber":"00000000000000000000","SoftwareProduct":"","SoftwareRelationship":"Delivered by SAP Support Portal","Level":"4 ","DrillState":"Leaf","ParentModelNumber":"0000010507-0000003078-0000003079","DefaultCompKey":"XX-SER-SWFL-LIC","DefaultCompName":"XX-SER-LIKEY","DefaultCompPrioLimit":"","AddSearchTerms":"  XX-SER-LIKEY-BOJ XX-SER-LIKEY-SYB XX-SER-LIKEY","SortOrder":"0"},{"UseCaseID":"","SystemNumber":"000000000740812801","CompName":"","ModelNumber":"0000010507-0000003078-0000003079-0000003081","ModelCategory":"Product Function","RelationshipType":"Delivered by Software","DisplayName":"Maintenance > Keys > Developer & Object Keys (SSCR)","FullName":"SAP Support Portal > Maintenance > Keys > Developer & Object Keys (SSCR)","Name":"Developer & Object Keys (SSCR)","SoftwareProductNumber":"00000000000000000000","SoftwareProduct":"","SoftwareRelationship":"Delivered by SAP Support Portal","Level":"4 ","DrillState":"Leaf","ParentModelNumber":"0000010507-0000003078-0000003079","DefaultCompKey":"0000032374","DefaultCompName":"XX-SER-SAPSMP-SSCR","DefaultCompPrioLimit":"XX","AddSearchTerms":"  XX-SER-SAPSMP-SSCR","SortOrder":"0"},{"UseCaseID":"","SystemNumber":"000000000740812801","CompName":"","ModelNumber":"0000010507-0000003078-0000003079-0000003082","ModelCategory":"Product Function","RelationshipType":"Delivered by Software","DisplayName":"Maintenance > Keys > Development Namespaces","FullName":"SAP Support Portal > Maintenance > Keys > Development Namespaces","Name":"Development Namespaces","SoftwareProductNumber":"00000000000000000000","SoftwareProduct":"","SoftwareRelationship":"Delivered by SAP Support Portal","Level":"4 ","DrillState":"Leaf","ParentModelNumber":"0000010507-0000003078-0000003079","DefaultCompKey":"XX-SER-DNSP","DefaultCompName":"XX-SER-DNSP","DefaultCompPrioLimit":"XX","AddSearchTerms":"  XX-SER-DNSP","SortOrder":"0"},{"UseCaseID":"","SystemNumber":"000000000740812801","CompName":"","ModelNumber":"0000010507-0000003078-0000003090","ModelCategory":"Product Function","RelationshipType":"Delivered by Software","DisplayName":"Maintenance > Electronic Software Delivery","FullName":"SAP Support Portal > Maintenance > Electronic Software Delivery","Name":"Electronic Software Delivery","SoftwareProductNumber":"00000000000000000000","SoftwareProduct":"","SoftwareRelationship":"Delivered by SAP Support Portal","Level":"3 ","DrillState":"Leaf","ParentModelNumber":"0000010507-0000003078","DefaultCompKey":"XX-SER-SWFL-SHIP","DefaultCompName":"XX-SER-SWFL-SHIP","DefaultCompPrioLimit":"XX","AddSearchTerms":"  XX-SER-SWFL-SHIP","SortOrder":"0"},{"UseCaseID":"","SystemNumber":"000000000740812801","CompName":"","ModelNumber":"0000010507-0000003078-0000003105","ModelCategory":"Product Function","RelationshipType":"Delivered by Software","DisplayName":"Maintenance > Maintenance Certificates","FullName":"SAP Support Portal > Maintenance > Maintenance Certificates","Name":"Maintenance Certificates","SoftwareProductNumber":"00000000000000000000","SoftwareProduct":"","SoftwareRelationship":"Delivered by SAP Support Portal","Level":"3 ","DrillState":"Leaf","ParentModelNumber":"0000010507-0000003078","DefaultCompKey":"0000049426","DefaultCompName":"SV-SMG-LIC","DefaultCompPrioLimit":"","AddSearchTerms":"  SV-SMG-LIC","SortOrder":"0"},{"UseCaseID":"","SystemNumber":"000000000740812801","CompName":"","ModelNumber":"0000010507-0000003099-0000001189","ModelCategory":"Product Function","RelationshipType":"Delivered by Software","DisplayName":"Services Offerings and Programs > Enterprise Support Advisory Center","FullName":"SAP Support Portal > Services Offerings and Programs > Enterprise Support Advisory Center","Name":"Enterprise Support Advisory Center","SoftwareProductNumber":"00000000000000000000","SoftwareProduct":"","SoftwareRelationship":"Delivered by SAP Support Portal","Level":"3 ","DrillState":"Leaf","ParentModelNumber":"0000010507-0000003099","DefaultCompKey":"0000049372","DefaultCompName":"SV-ES-SAC","DefaultCompPrioLimit":"XX","AddSearchTerms":"  SV-ES-SAC","SortOrder":"0"},{"UseCaseID":"","SystemNumber":"000000000740812801","CompName":"","ModelNumber":"0000010507-0000003099-0000001793","ModelCategory":"Product Function","RelationshipType":"Delivered by Software","DisplayName":"Services Offerings and Programs > SAP Modification Justification Check","FullName":"SAP Support Portal > Services Offerings and Programs > SAP Modification Justification Check","Name":"SAP Modification Justification Check","SoftwareProductNumber":"00000000000000000000","SoftwareProduct":"","SoftwareRelationship":"Delivered by SAP Support Portal","Level":"3 ","DrillState":"Leaf","ParentModelNumber":"0000010507-0000003099","DefaultCompKey":"0000050478","DefaultCompName":"XX-MJC-ADM","DefaultCompPrioLimit":"XX","AddSearchTerms":"  XX-MJC-PA XX-MJC-PM XX-MJC-PP XX-MJC-PS XX-MJC-PP-SFC XX-MJC-PS-COS XX-MJC-EC XX-MJC-FI XX-MJC-EC-CS XX-MJC-EC-PCA XX-MJC-FI-AA XX-MJC-FI-AP XX-MJC-FI-AR XX-MJC-FI-GL XX-MJC-CO XX-MJC-CRM XX-MJC-CO-OM XX-MJC-CO-PA XX-MJC-CO-PC XX-MJC-ADM XX-MJC-BC XX-MJC-BW XX-MJC-IM XX-MJC-IS XX-MJC-LE XX-MJC-LO XX-MJC-MM XX-MJC-PT XX-MJC-PY XX-MJC-QM XX-MJC-RE XX-MJC-SCM XX-MJC-SD XX-MJC-SRM XX-MJC-FIN-SEM XX-MJC-IS-A XX-MJC-IS-ADEC XX-MJC-IS-AFS XX-MJC-IS-M XX-MJC-IS-OIL XX-MJC-IS-PS XX-MJC-IS-R XX-MJC-IS-T XX-MJC-IS-U XX-MJC-LE-SHP XX-MJC-LE-WM XX-MJC-LO-HU XX-MJC-LO-MD XX-MJC-MM-IM XX-MJC-MM-IV XX-MJC-MM-PUR XX-MJC-SCM-APO XX-MJC-SD-BF XX-MJC-SD-BIL XX-MJC-SD-SLS XX-MJC-FIN-FSCM XX-MJC-FS XX-MJC-SCM-EWM XX-MJC-FIN XX-MJC-FI-SL XX-MJC-FI-TV","SortOrder":"0"},{"UseCaseID":"","SystemNumber":"000000000740812801","CompName":"","ModelNumber":"0000010507-0000003099-0000003879","ModelCategory":"Product Function","RelationshipType":"Delivered by Software","DisplayName":"Services Offerings and Programs > EarlyWatch Alert","FullName":"SAP Support Portal > Services Offerings and Programs > EarlyWatch Alert","Name":"EarlyWatch Alert","SoftwareProductNumber":"00000000000000000000","SoftwareProduct":"","SoftwareRelationship":"Delivered by SAP Support Portal","Level":"3 ","DrillState":"Leaf","ParentModelNumber":"0000010507-0000003099","DefaultCompKey":"0000069553","DefaultCompName":"SV-SCS-EWA","DefaultCompPrioLimit":"","AddSearchTerms":"  SV-SCS-EWA SV-SCS-EWA-GEN SV-SCS-EWA-DOC SV-SCS-EWA-ANA SV-SCS-EWA-SF","SortOrder":"0"},{"UseCaseID":"","SystemNumber":"000000000740812801","CompName":"","ModelNumber":"0000010507-0000003099-0000003880","ModelCategory":"Product Function","RelationshipType":"Delivered by Software","DisplayName":"Services Offerings and Programs > Enterprise Support Reporting Cockpit","FullName":"SAP Support Portal > Services Offerings and Programs > Enterprise Support Reporting Cockpit","Name":"Enterprise Support Reporting Cockpit","SoftwareProductNumber":"00000000000000000000","SoftwareProduct":"","SoftwareRelationship":"Delivered by SAP Support Portal","Level":"3 ","DrillState":"Leaf","ParentModelNumber":"0000010507-0000003099","DefaultCompKey":"0000070823","DefaultCompName":"SV-SCS-ESR","DefaultCompPrioLimit":"","AddSearchTerms":"  SV-SCS-ESR","SortOrder":"0"},{"UseCaseID":"","SystemNumber":"000000000740812801","CompName":"","ModelNumber":"0000010507-0000003099-0000003881","ModelCategory":"Product Function","RelationshipType":"Delivered by Software","DisplayName":"Services Offerings and Programs > SAP Readiness Check","FullName":"SAP Support Portal > Services Offerings and Programs > SAP Readiness Check","Name":"SAP Readiness Check","SoftwareProductNumber":"00000000000000000000","SoftwareProduct":"","SoftwareRelationship":"Delivered by SAP Support Portal","Level":"3 ","DrillState":"Leaf","ParentModelNumber":"0000010507-0000003099","DefaultCompKey":"0000067865","DefaultCompName":"SV-SCS-S4R","DefaultCompPrioLimit":"","AddSearchTerms":"  SV-SCS-S4R","SortOrder":"0"},{"UseCaseID":"","SystemNumber":"000000000740812801","CompName":"","ModelNumber":"0000010507-0000003099-0000003882","ModelCategory":"Product Function","RelationshipType":"Delivered by Software","DisplayName":"Services Offerings and Programs > SAP S/4HANA Conversion Pre-Checks","FullName":"SAP Support Portal > Services Offerings and Programs > SAP S/4HANA Conversion Pre-Checks","Name":"SAP S/4HANA Conversion Pre-Checks","SoftwareProductNumber":"00000000000000000000","SoftwareProduct":"","SoftwareRelationship":"Delivered by SAP Support Portal","Level":"3 ","DrillState":"Leaf","ParentModelNumber":"0000010507-0000003099","DefaultCompKey":"0000067392","DefaultCompName":"CA-TRS-PRCK","DefaultCompPrioLimit":"","AddSearchTerms":"  CA-TRS-PRCK","SortOrder":"0"},{"UseCaseID":"","SystemNumber":"000000000740812801","CompName":"","ModelNumber":"0000010507-0000003116-0000001162","ModelCategory":"Product Function","RelationshipType":"Delivered by Software","DisplayName":"User Management > Support User Management","FullName":"SAP Support Portal > User Management > Support User Management","Name":"Support User Management","SoftwareProductNumber":"00000000000000000000","SoftwareProduct":"","SoftwareRelationship":"Delivered by SAP Support Portal","Level":"3 ","DrillState":"Leaf","ParentModelNumber":"0000010507-0000003116","DefaultCompKey":"0000034949","DefaultCompName":"XX-SER-SAPSMP-USR","DefaultCompPrioLimit":"XX","AddSearchTerms":"  XX-SER-SAPSMP-USR","SortOrder":"0"},{"UseCaseID":"","SystemNumber":"000000000740812801","CompName":"","ModelNumber":"0000010507-0000003116-0000003098","ModelCategory":"Product Function","RelationshipType":"Delivered by Software","DisplayName":"User Management > SAP Universal ID","FullName":"SAP Support Portal > User Management > SAP Universal ID","Name":"SAP Universal ID","SoftwareProductNumber":"00000000000000000000","SoftwareProduct":"","SoftwareRelationship":"Delivered by SAP Support Portal","Level":"3 ","DrillState":"Leaf","ParentModelNumber":"0000010507-0000003116","DefaultCompKey":"100142","DefaultCompName":"XX-SER-UID","DefaultCompPrioLimit":"XX","AddSearchTerms":"  XX-SER-UID XX-SER-UID-ECD XX-SER-UID-ACS","SortOrder":"0"},{"UseCaseID":"","SystemNumber":"000000000740812801","CompName":"","ModelNumber":"0000010507-0000003116-0000003108","ModelCategory":"Product Function","RelationshipType":"Delivered by Software","DisplayName":"User Management > Single Sign on with SAP Passport","FullName":"SAP Support Portal > User Management > Single Sign on with SAP Passport","Name":"Single Sign on with SAP Passport","SoftwareProductNumber":"00000000000000000000","SoftwareProduct":"","SoftwareRelationship":"Delivered by SAP Support Portal","Level":"3 ","DrillState":"Leaf","ParentModelNumber":"0000010507-0000003116","DefaultCompKey":"0000032851","DefaultCompName":"XX-SER-SAPSMP-ACC","DefaultCompPrioLimit":"XX","AddSearchTerms":"  XX-SER-SAPSMP-ACC","SortOrder":"0"},{"UseCaseID":"","SystemNumber":"000000000740812801","CompName":"","ModelNumber":"0000010507-0000101995-0000001167","ModelCategory":"Product Function","RelationshipType":"Delivered by Software","DisplayName":"Systems and Installations > Cloud Availability Center","FullName":"SAP Support Portal > Systems and Installations > Cloud Availability Center","Name":"Cloud Availability Center","SoftwareProductNumber":"00000000000000000000","SoftwareProduct":"","SoftwareRelationship":"Delivered by SAP Support Portal","Level":"3 ","DrillState":"Leaf","ParentModelNumber":"0000010507-0000101995","DefaultCompKey":"0000070923","DefaultCompName":"XX-SER-SAPSMP-CAC","DefaultCompPrioLimit":"XX","AddSearchTerms":"  XX-SER-SAPSMP-CAC","SortOrder":"0"},{"UseCaseID":"","SystemNumber":"000000000740812801","CompName":"","ModelNumber":"0000010507-0000101995-0000100371","ModelCategory":"Product Function","RelationshipType":"Delivered by Software","DisplayName":"Systems and Installations > Global License Auditing & Compliance Services","FullName":"SAP Support Portal > Systems and Installations > Global License Auditing & Compliance Services","Name":"Global License Auditing & Compliance Services","SoftwareProductNumber":"00000000000000000000","SoftwareProduct":"","SoftwareRelationship":"Delivered by SAP Support Portal","Level":"3 ","DrillState":"Leaf","ParentModelNumber":"0000010507-0000101995","DefaultCompKey":"XX-SER-LAS","DefaultCompName":"XX-SER-LAS","DefaultCompPrioLimit":"XX","AddSearchTerms":"  XX-SER-LAS-PRIV XX-SER-LAS","SortOrder":"0"},{"UseCaseID":"","SystemNumber":"000000000740812801","CompName":"","ModelNumber":"0000010507-0000003099","ModelCategory":"Product Function","RelationshipType":"Delivered by Software","DisplayName":"Services Offerings and Programs","FullName":"SAP Support Portal > Services Offerings and Programs","Name":"Services Offerings and Programs","SoftwareProductNumber":"00000000000000000000","SoftwareProduct":"","SoftwareRelationship":"Delivered by SAP Support Portal","Level":"2 ","DrillState":"Expanded","ParentModelNumber":"0000010507","DefaultCompKey":"","DefaultCompName":"","DefaultCompPrioLimit":"","AddSearchTerms":" ","SortOrder":"-10"}]}