[
    {
        "ContractType": [
            "MA"
        ],
        "ContractDesc": "Premium Engagements",
        "ContractTypeLink": "https://support.sap.com/en/offerings-programs/more-offerings.html",
        "CustomerId": [
            "10039"
        ],
        "Active": true,
        "Visible": true
    },
    {
        "ContractType": [
            "ES",
            "CES"
        ],
        "ContractDesc": "Enterprise Support",
        "ContractTypeLink": "https://support.sap.com/en/offerings-programs/enterprise-support.html",
        "CustomerId": [
            "10039"
        ],
        "Active": true,
        "Visible": true
    },
    {
        "ContractType": [
            "CPS"
        ],
        "ContractDesc": "Preferred Success",
        "ContractTypeLink": "https://support.sap.com/en/offerings-programs/preferred-care.html",
        "CustomerId": [],
        "Active": false,
        "Visible": true
    },
    {
        "ContractType": [
            "PSLE"
        ],
        "ContractDesc": "Product Support for Large Enterprises",
        "ContractTypeLink": "https://support.sap.com/en/offerings-programs/more-offerings/product-support-large-enterprises.html",
        "CustomerId": [],
        "Active": false,
        "Visible": true
    },
    {
        "ContractType": [
            "STD"
        ],
        "ContractDesc": "Standard Support",
        "ContractTypeLink": "https://support.sap.com/en/offerings-programs/more-offerings/standard-support.html",
        "CustomerId": [
            "10039"
        ],
        "Active": false,
        "Visible": false
    }
]
