{
    "nodeId": 49,
    "title": "FlowConnect_Buyer_API_Q4",
    "displayText": "<p class=\"GuidedAssistanceQuestion\">What do you need to do?</p>",
    "responses": [
        {
            "label": "Create application",
            "target": 40,
            "order": 1
        },
        {
            "label": "Test application",
            "target": 41,
            "order": 1
        },
        {
            "label": "Delete application",
            "target": 13,
            "order": 1
        },
        {
            "label": "Apply an IP allowlist to an application",
            "target": 17,
            "order": 1
        }
    ]
}