[
    {
        "systemType": [
            {
                "keyValue": "all",
                "textValue": "All"
            },
            {
                "keyValue": "Administration",
                "textValue": "Administration"
            },
            {
                "keyValue": "Staging",
                "textValue": "Staging"
            },
            {
                "keyValue": "Customer Demo",
                "textValue": "Customer Demo"
            },
            {
                "keyValue": "TRAIN",
                "textValue": "TRAIN"
            },
            {
                "keyValue": "BACKUP",
                "textValue": "BACKUP"
            },
            {
                "keyValue": "PROD",
                "textValue": "PROD"
            },
            {
                "keyValue": "Test",
                "textValue": "Test"
            },
            {
                "keyValue": "TEST",
                "textValue": "TEST"
            },
            {
                "keyValue": "ARCHIVE",
                "textValue": "ARCHIVE"
            },
            {
                "keyValue": "Production",
                "textValue": "Production"
            },
            {
                "keyValue": "Development",
                "textValue": "Development"
            },
            {
                "keyValue": "DEMO",
                "textValue": "DEMO"
            },
            {
                "keyValue": "DEVELOP",
                "textValue": "DEVELOP"
            }
        ]
    },
    {
        "leadingProduct": [
            {
                "keyValue": "all",
                "textValue": "All"
            },
            {
                "keyValue": "SAP S/4HANA CLOUD 1506",
                "textValue": "SAP S/4HANA CLOUD 1506"
            },
            {
                "keyValue": "SAP R/3 3.0B",
                "textValue": "SAP R/3 3.0B"
            },
            {
                "keyValue": "SAP CRYSTAL SERVER 2013",
                "textValue": "SAP CRYSTAL SERVER 2013"
            },
            {
                "keyValue": "SBOP LUMIRA 2.0",
                "textValue": "SBOP LUMIRA 2.0"
            },
            {
                "keyValue": "SAP S/4HANA 1909",
                "textValue": "SAP S/4HANA 1909"
            },
            {
                "keyValue": "SAP CRYSTAL REPORTS 2020",
                "textValue": "SAP CRYSTAL REPORTS 2020"
            },
            {
                "keyValue": "SAP NETWEAVER 7.3",
                "textValue": "SAP NETWEAVER 7.3"
            },
            {
                "keyValue": "ABAP FND 1709 ON HANA",
                "textValue": "ABAP FND 1709 ON HANA"
            },
            {
                "keyValue": "SBOP BI PLATFORM 4.3",
                "textValue": "SBOP BI PLATFORM 4.3"
            },
            {
                "keyValue": "SAP NETWEAVER MDM 7.1",
                "textValue": "SAP NETWEAVER MDM 7.1"
            },
            {
                "keyValue": "SBOP BI PLATFORM 4.2",
                "textValue": "SBOP BI PLATFORM 4.2"
            },
            {
                "keyValue": "SYBASE ASE 12.5",
                "textValue": "SYBASE ASE 12.5"
            },
            {
                "keyValue": "SBOP BI PLATFORM 4.0",
                "textValue": "SBOP BI PLATFORM 4.0"
            },
            {
                "keyValue": "SUCCESSFACTORS BIZX CORE 1602",
                "textValue": "SUCCESSFACTORS BIZX CORE 1602"
            },
            {
                "keyValue": "SAP NETWEAVER 7.5",
                "textValue": "SAP NETWEAVER 7.5"
            },
            {
                "keyValue": "SAP NETWEAVER 7.4",
                "textValue": "SAP NETWEAVER 7.4"
            },
            {
                "keyValue": "HYBRIS COMMERCE SUITE 4.5",
                "textValue": "HYBRIS COMMERCE SUITE 4.5"
            },
            {
                "keyValue": "SAP HANA PLATFORM EDIT. 1.0",
                "textValue": "SAP HANA PLATFORM EDIT. 1.0"
            },
            {
                "keyValue": "SAP S/4HANA 2021",
                "textValue": "SAP S/4HANA 2021"
            },
            {
                "keyValue": "SAP CRYSTAL REPORTS 2013",
                "textValue": "SAP CRYSTAL REPORTS 2013"
            },
            {
                "keyValue": "SBOP DASHBOARDS 4.2",
                "textValue": "SBOP DASHBOARDS 4.2"
            },
            {
                "keyValue": "SAP ERP 2004",
                "textValue": "SAP ERP 2004"
            },
            {
                "keyValue": "SAP ASE 16.1",
                "textValue": "SAP ASE 16.1"
            },
            {
                "keyValue": "SAP ASE 16.0",
                "textValue": "SAP ASE 16.0"
            },
            {
                "keyValue": "SAP CRYSTAL REPORTS 2016",
                "textValue": "SAP CRYSTAL REPORTS 2016"
            },
            {
                "keyValue": "SAP NW IDENTITY MANAGEMENT 7.2",
                "textValue": "SAP NW IDENTITY MANAGEMENT 7.2"
            },
            {
                "keyValue": "SAP HANA PLATFORM EDITION 2.0",
                "textValue": "SAP HANA PLATFORM EDITION 2.0"
            },
            {
                "keyValue": "SAP R/3 2.2G",
                "textValue": "SAP R/3 2.2G"
            },
            {
                "keyValue": "DATA WAREHOUSE CLOUD 1.0",
                "textValue": "DATA WAREHOUSE CLOUD 1.0"
            },
            {
                "keyValue": "SAP EHP3 FOR SAP NETWEAVER 7.0",
                "textValue": "SAP EHP3 FOR SAP NETWEAVER 7.0"
            },
            {
                "keyValue": "SAP SRM 5.0",
                "textValue": "SAP SRM 5.0"
            },
            {
                "keyValue": "VISUAL ENTERPRISE GEN. 9.0",
                "textValue": "VISUAL ENTERPRISE GEN. 9.0"
            },
            {
                "keyValue": "SAP SOLUTION MANAGER 7.2",
                "textValue": "SAP SOLUTION MANAGER 7.2"
            },
            {
                "keyValue": "SAP ERP 6.0",
                "textValue": "SAP ERP 6.0"
            },
            {
                "keyValue": "SAP R/3 4.6C",
                "textValue": "SAP R/3 4.6C"
            },
            {
                "keyValue": "SAP BUSINESS BYDESIGN 1905",
                "textValue": "SAP BUSINESS BYDESIGN 1905"
            },
            {
                "keyValue": "SAP EVENT TICKETING OD 6.0",
                "textValue": "SAP EVENT TICKETING OD 6.0"
            }
        ]
    },
    {
        "dataCenterText": [
            {
                "keyValue": "all",
                "textValue": "All"
            },
            {
                "keyValue": "Germany: Walldorf",
                "textValue": "Germany: Walldorf"
            },
            {
                "keyValue": "Germany: Frankfurt",
                "textValue": "Germany: Frankfurt"
            },
            {
                "keyValue": "Germany: St. Leon-Rot",
                "textValue": "Germany: St. Leon-Rot"
            },
            {
                "keyValue": "Austria: Vienna",
                "textValue": "Austria: Vienna"
            },
            {
                "keyValue": "Global",
                "textValue": "Global"
            },
            {
                "keyValue": "Netherlands: Amsterdam",
                "textValue": "Netherlands: Amsterdam"
            }
        ]
    },
    {
        "dataProcessRestriction": [
            {
                "keyValue": "all",
                "textValue": "All"
            },
            {
                "keyValue": "CNDP",
                "textValue": "CNDP"
            },
            {
                "keyValue": "EUDP",
                "textValue": "EUDP"
            }
        ]
    }
]