[
    {
        "status": "In Progress"
        , "plannedNextStep": "case created Waiting for your reply "
        , "nextStatusUpdate": "2021-09-18T12:12:12"
        , "responsible": "SAP IMS/Development"
        , "createdOn": "2020-08-18T11:17:19"
    }
    , {
        "status": "Pending"
        , "plannedNextStep": "Check the Printer setting\n1.\n2.Please Check the Settings once\n"
        , "nextStatusUpdate": "2021-03-18T13:13:13"
        , "responsible": "SAP IMS/Production"
        , "createdOn": "2020-04-18T14:14:14"
    }
    , {
        "status": "Approved"
        , "plannedNextStep": "Complete"
        , "nextStatusUpdate": "2021-05-15T15:15:15"
        , "responsible": "SAP IMS/Development"
        , "createdOn": "2020-06-16T16:16:16"
    }
    , {
        "status": "In Progress"
        , "plannedNextStep": "Analysis"
        , "nextStatusUpdate": "2021-07-17T17:17:17"
        , "responsible": "SAP IMS/Development"
        , "createdOn": "2020-08-15T16:17:18"
    }
    , {
        "status": "In Progress"
        , "plannedNextStep": "Analysis"
        , "nextStatusUpdate": "2021-08-18T11:17:19"
        , "responsible": "SAP IMS/Development"
        , "createdOn": "2020-08-12T13:14:15"
    }
    , {
        "status": "In Progress"
        , "plannedNextStep": "Analysis"
        , "nextStatusUpdate": "2021-08-18T11:17:19"
        , "responsible": "SAP IMS/Development"
        , "createdOn": "2020-08-11T12:13:14"
    }
]
