[
    {
        "ID": "0",
        "type": "sam",
        "reporter": "INT_LP_SN",
        "startTime": "2023-11-07 08:00:00",
        "endTime": "2023-11-07 08:30:00",
        "title": "Appointment for Case CS20220002406285",
        "status": "not completed",
        "teamsUrl": "5",
        "additionalInfo": "{\"phone\":\"\",\"name\":\"\",\"email\":\"\",\"reason_5_text\":\"\",\"add_details\":\"\"}"
    },
    {
        "ID": "1",
        "type": "sam",
        "reporter": "INT_LP_SN",
        "startTime": "2022-01-07 08:00:00",
        "endTime": "2022-01-07 08:30:00",
        "title": "Appointment for Case CS20220002406285",
        "status": "completed",
        "teamsUrl": "4",
        "additionalInfo": "{\"phone\":\"\",\"name\":\"\",\"email\":\"\",\"reason_5_text\":\"\",\"add_details\":\"\"}"
    },
    {
        "ID": "2",
        "type": "sam",
        "reporter": "INT_LP_SN",
        "startTime": "2022-01-07 09:00:00",
        "endTime": "2022-01-07 09:30:00",
        "title": "Appointment for Case CS20220002406285",
        "status": "cancelled",
        "teamsUrl": "3",
        "additionalInfo": "{\"phone\":\"\",\"name\":\"\",\"email\":\"\",\"reason_5_text\":\"\",\"add_details\":\"\"}"
    },
    {
        "ID": "3",
        "type": "SAM",
        "reporter": "INT_LP_SN",
        "startTime": "2022-01-07 08:00:00",
        "endTime": "2022-01-07 08:30:00",
        "title": "Appointment for Case CS20220002406284",
        "status": "completed",
        "teamsUrl": "2",
        "additionalInfo": "{\"phone\":\"+49 093 09392251\",\"name\":\"Janos Trott\",\"email\":\"J.Trott@acme.com\",\"reason_5_text\":\"\",\"add_details\":\"\"}"
    },
    {
        "ID": "4",
        "type": "SAM",
        "reporter": "INT_LP_SN",
        "startTime": "2022-01-08 08:00:00",
        "endTime": "2022-01-08 08:30:00",
        "title": "Appointment for Case CS20220002406286",
        "status": "completed",
        "teamsUrl": "1",
        "additionalInfo": "{\"phone\":\"+49 093 09392555\",\"name\":\"Adam Kavanagh\",\"email\":\"A.Kavanagh@acme.com\",\"reason_5_text\":\"\",\"add_details\":\"\"}"
    }
]
