[
    {
        "statusId": "1",
        "statusTxt": "Not Sent to SAP"
    },
    {
        "statusId": "C",
        "statusTxt": "Sent to SAP"
    },
    {
        "statusId": "S",
        "statusTxt": "In Processing by SAP"
    },
    {
        "statusId": "5",
        "statusTxt": "Customer Action"
    },
    {
        "statusId": "M",
        "statusTxt": "Sent to SAP Partner"
    },
    {
        "statusId": "N",
        "statusTxt": "Partner-Customer Action"
    },
    {
        "statusId": "8",
        "statusTxt": "Confirmed"
    },
    {
        "statusId": "3",
        "statusTxt": "SAP Proposed Solution"
    },
    {
        "statusId": "R",
        "statusTxt": "Pending Release"
    },
    {
        "statusId": "Z",
        "statusTxt": "Confirmed Automatically"
    }
]

