{
    "flowId": 2,
    "nodeId": 45,
    "title": "FlowConnect_Buyer_API_Q1",
    "displayText": "<p class=\"GuidedAssistanceQuestion\">Are you having an issue with REST APIs (API Developer Portal) or SOAP APIs (Webservices)? Choose from the options below for support.</p>",
    "responses": [
        {
            "label": "REST APIs",
            "target": 47,
            "order": 1
        },
        {
            "label": "SOAP web service APIs",
            "target": 52,
            "order": 1
        },
        {
            "label": "What is the difference?",
            "target": 1437,
            "order": 1
        }
    ]
}