[
    {
        "ID": "7",
        "incidentNumber": "5569090",
        "incidentYear": "2023",
        "subject": "sync act plan resolve",
        "lastCommunication": "",
        "lastCommunicationBy": "",
        "component": "SAP Quality Center by Micro Focus (XX-PART-MFS-QUC)",
        "componentName": "XX-PART-MFS-QUC",
        "classifiedContent": "",
        "customer": "SAP Test Account - aPaul Pharma (0001208936)",
        "customerNumber": "0001208936",
        "lastChanged": "1705567082000",
        "createdAt": "1690277240000",
        "reporter": "Tester A HCSM",
        "reporterId": "S0025151530",
        "priority": "Low",
        "businessImpact": "",
        "isFavorite": true,
        "affectedURL": "",
        "relevantId": "",
        "apiKey": "",
        "swClass": "",
        "swType": "ONPREM",
        "systemNumber": "000000000850613477",
        "installationTxt": "ERP",
        "systemTxt": "sfs",
        "dataProtection": "",
        "lastCommunicationByIsSapAgent": false,
        "statusTxt": "Sent to SAP Partner",
        "status": "M",
        "incidentSource": "001",
        "overruleAuth": false,
        "installationNum": "0090534436",
        "aaEPDraftFlag": "",
        "aaEPFlag": "",
        "aaEPQuesEmail": "",
        "aaEPQuesStatus": "",
        "aaEPQuesUUID": "",
        "aaEPSessStatus": "",
        "creator": "SAP"
    },
    {
        "ID": "6",
        "incidentNumber": "5662395",
        "incidentYear": "2024",
        "subject": "CSM portal access testing",
        "lastCommunication": "20240129060409",
        "lastCommunicationBy": "Sissi Elisabeth Prokesch (S0008363031)",
        "component": "ITSM internal testing component for active system is Now (XX-SER-ITSM-TEST)",
        "componentName": "XX-SER-ITSM-TEST",
        "classifiedContent": "",
        "customer": "1208936 - SAP Test Account - aPaul Pharma",
        "customerNumber": "0001208936",
        "lastChanged": "1706470454000",
        "createdAt": "1706470449000",
        "reporter": "Sissi Elisabeth Prokesch",
        "reporterId": "S0008363031",
        "priority": "Low",
        "businessImpact": "",
        "isFavorite": false,
        "affectedURL": "",
        "relevantId": "",
        "apiKey": "",
        "swClass": "ERP",
        "swType": "ONPREM",
        "systemNumber": "000000000312340313",
        "installationTxt": "0020659001 - Installation AH1",
        "systemTxt": "ZZZ - R322",
        "dataProtection": "NONE",
        "lastCommunicationByIsSapAgent": false,
        "statusTxt": "Customer Action",
        "status": "5",
        "incidentSource": "004",
        "overruleAuth": false,
        "installationNum": "0020659001",
        "aaEPDraftFlag": "",
        "aaEPFlag": "",
        "aaEPQuesEmail": "",
        "aaEPQuesStatus": "",
        "aaEPQuesUUID": "",
        "aaEPSessStatus": "",
        "creator": "Sissi Elisabeth Prokesch (S0008363031)"
    },
    {
        "ID": "5",
        "incidentNumber": "7682",
        "incidentYear": "2024",
        "subject": "testwrewr",
        "lastCommunication": "",
        "lastCommunicationBy": "",
        "component": "Print and Output Management (BC-CCM-PRN)",
        "componentName": "BC-CCM-PRN",
        "classifiedContent": "",
        "customer": "SAP Test Account - aPaul Pharma (0001208936)",
        "customerNumber": "0001208936",
        "lastChanged": "1706682975000",
        "createdAt": "1706682591000",
        "reporter": "Test Hybrid",
        "reporterId": "S0018132425",
        "priority": "Medium",
        "businessImpact": "",
        "isFavorite": false,
        "affectedURL": "",
        "relevantId": "",
        "apiKey": "",
        "swClass": "",
        "swType": "ONPREM",
        "systemNumber": "000000000850641080",
        "installationTxt": "ERP Standard Support",
        "systemTxt": "850641080",
        "dataProtection": "",
        "lastCommunicationByIsSapAgent": false,
        "statusTxt": "Confirmed",
        "status": "8",
        "incidentSource": "003",
        "overruleAuth": false,
        "installationNum": "0020659687",
        "aaEPDraftFlag": "",
        "aaEPFlag": "",
        "aaEPQuesEmail": "",
        "aaEPQuesStatus": "",
        "aaEPQuesUUID": "",
        "aaEPSessStatus": "",
        "creator": "Test Hybrid (S0018132425)"
    },
    {
        "ID": "4",
        "incidentNumber": "5621644",
        "incidentYear": "2023",
        "subject": "test short descipriton",
        "lastCommunication": "",
        "lastCommunicationBy": "",
        "component": "Posting/Clearing (FI-GL-GL-A)",
        "componentName": "FI-GL-GL-A",
        "classifiedContent": "",
        "customer": "SAP Test Account - aPaul Pharma (0001208936)",
        "customerNumber": "0001208936",
        "lastChanged": "1699970867000",
        "createdAt": "1699402837000",
        "reporter": "Syed Azimuddin",
        "reporterId": "S0025377598",
        "priority": "Very High",
        "businessImpact": "<p>test</p>",
        "isFavorite": false,
        "affectedURL": "",
        "relevantId": "",
        "apiKey": "",
        "swClass": "",
        "swType": "ONPREM",
        "systemNumber": "000000000850641080",
        "installationTxt": "ERP Standard Support",
        "systemTxt": "850641080",
        "dataProtection": "",
        "lastCommunicationByIsSapAgent": false,
        "statusTxt": "In Processing by SAP",
        "status": "S",
        "incidentSource": "002",
        "overruleAuth": false,
        "installationNum": "0020659687",
        "aaEPDraftFlag": "",
        "aaEPFlag": "",
        "aaEPQuesEmail": "",
        "aaEPQuesStatus": "",
        "aaEPQuesUUID": "",
        "aaEPSessStatus": "",
        "creator": "SAP"
    },
    {
        "ID": "3",
        "incidentNumber": "5661862",
        "incidentYear": "2024",
        "subject": "Case with deployed item cloud system role=S4_PC",
        "lastCommunication": "20240127084611",
        "lastCommunicationBy": "atf_53ddbcec",
        "component": "Pipeline Engine - vFlow Content (CA-DI-CP-PE-CNT)",
        "componentName": "CA-DI-CP-PE-CNT",
        "classifiedContent": "",
        "customer": "1208936 - SAP Test Account - aPaul Pharma",
        "customerNumber": "0001208936",
        "lastChanged": "1706307378000",
        "createdAt": "1706307301000",
        "reporter": "Tester A HCSM",
        "reporterId": "S0025151530",
        "priority": "Low",
        "businessImpact": "",
        "isFavorite": false,
        "affectedURL": "",
        "relevantId": "",
        "apiKey": "",
        "swClass": "HMC",
        "swType": "ONPREM",
        "systemNumber": "000000000740385547",
        "installationTxt": "0090384229 - SAP HYBRIS MARKETING CLOUD",
        "systemTxt": "S4_Sapp - my4096255.s4hana !&! Changed by<D043759>",
        "dataProtection": "NONE",
        "lastCommunicationByIsSapAgent": true,
        "statusTxt": "SAP Proposed Solution",
        "status": "3",
        "incidentSource": "004",
        "overruleAuth": true,
        "installationNum": "0090384229",
        "aaEPDraftFlag": "",
        "aaEPFlag": "",
        "aaEPQuesEmail": "",
        "aaEPQuesStatus": "",
        "aaEPQuesUUID": "",
        "aaEPSessStatus": "",
        "creator": "Tester A HCSM (S0025151530)"
      },
      {
        "ID": "2",
        "incidentNumber": "5661628",
        "incidentYear": "2024",
        "subject": "Case with contract types ES,MA,PSLA",
        "lastCommunication": "20240127021757",
        "lastCommunicationBy": "atf_90e46f98",
        "component": "ITSM internal testing component for active system is Now (XX-SER-ITSM-TEST)",
        "componentName": "XX-SER-ITSM-TEST",
        "classifiedContent": "",
        "customer": "1208936 - SAP Test Account - aPaul Pharma",
        "customerNumber": "0001208936",
        "lastChanged": "1706284096000",
        "createdAt": "1706283974000",
        "reporter": "Tester A HCSM",
        "reporterId": "S0025151530",
        "priority": "Very High",
        "businessImpact": "case with priority 1",
        "isFavorite": false,
        "affectedURL": "",
        "relevantId": "",
        "apiKey": "",
        "swClass": "ERP",
        "swType": "ONPREM",
        "systemNumber": "000000000850042348",
        "installationTxt": "0020727367 - ERP ESupport",
        "systemTxt": "DDD - ",
        "dataProtection": "NONE",
        "lastCommunicationByIsSapAgent": true,
        "statusTxt": "Pending Release",
        "status": "R",
        "incidentSource": "004",
        "overruleAuth": false,
        "installationNum": "0020727367",
        "aaEPDraftFlag": "",
        "aaEPFlag": "",
        "aaEPQuesEmail": "",
        "aaEPQuesStatus": "",
        "aaEPQuesUUID": "",
        "aaEPSessStatus": "",
        "creator": "Tester A HCSM (S0025151530)"
    },
    {
        "ID": "1",
        "incidentNumber": "5661871",
        "incidentYear": "2024",
        "subject": "ATF_Test",
        "lastCommunication": "20240127085109",
        "lastCommunicationBy": "Tester A HCSM (S0025151530)",
        "component": "iBS Test Automation Center (XX-PART-IBS-TAC)",
        "componentName": "XX-PART-IBS-TAC",
        "classifiedContent": "",
        "customer": "1208936 - SAP Test Account - aPaul Pharma",
        "customerNumber": "0001208936",
        "lastChanged": "1706307707000",
        "createdAt": "1706307669000",
        "reporter": "Tester A HCSM",
        "reporterId": "S0025151530",
        "priority": "Medium",
        "businessImpact": "&lt;p>SAP_ATF_Case: SFSF-ES/CES,1208936,P3&lt;/p>",
        "isFavorite": false,
        "affectedURL": "",
        "relevantId": "",
        "apiKey": "",
        "swClass": "SFSF",
        "swType": "CLOUD",
        "systemNumber": "000000000740172620",
        "installationTxt": "0090119095 - SFSF - Edit",
        "systemTxt": "SAP SuccessFactors Learning 2211 / MyProduction",
        "dataProtection": "NONE",
        "lastCommunicationByIsSapAgent": false,
        "statusTxt": "Sent to SAP Partner",
        "status": "M",
        "incidentSource": "004",
        "overruleAuth": false,
        "installationNum": "0090119095",
        "aaEPDraftFlag": "",
        "aaEPFlag": "",
        "aaEPQuesEmail": "",
        "aaEPQuesStatus": "",
        "aaEPQuesUUID": "",
        "aaEPSessStatus": "",
        "creator": "Tester A HCSM (S0025151530)"
    }

]