{
    "nodeId": 48,
    "title": "FlowConnect_Buyer_API_Q3",
    "displayText": "<p class=\"GuidedAssistanceQuestion\">What do you need to do?</p>",
    "responses": [
        {
            "label": "Access API Developer Portal",
            "target": 15,
            "order": 1
        },
        {
            "label": "Add users to my organization",
            "target": 26,
            "order": 1
        },
        {
            "label": "Change user role",
            "target": 37,
            "order": 1
        },
        {
            "label": "Edit/delete user",
            "target": 12,
            "order": 1
        }
    ]
}