[
    {
        "internalId": "1",
        "dateTime": "2020-12-15T06:24:39.Z",
        "userName": "Ellie Smart",
        "isCurrentUser": false,
        "isSAPAgent": true,
        "type": "u_problem_description",
        "originalText": "Product Area selected:  Service and Support Infrastructure <br>Product Function selected: SAP Support Portal  &gt; SAP ONE Support Launchpad  &gt; Other Support Applications <br>Component selected (Manual Selection): XX-SER-SAPSMP-LAUNCH<br><br>--- Description ---<br>test",
        "translatedText": "",
        "sourceLanguage": null,
        "targetLanguage": "",
        "selectedLanguage": null
    },
    {
        "internalId": "2",
        "dateTime": "2020-12-18T12:24:00.Z",
        "userName": "Ellie Smart",
        "isCurrentUser": true,
        "isSAPAgent": false,
        "type": "u_customer_comments",
        "originalText": "&lt;p style=\"color: red\"&gt;this is a html paragraph tag written by the user&lt;/p&gt;",
        "translatedText": "",
        "sourceLanguage": null,
        "targetLanguage": "",
        "selectedLanguage": null
    },
    {
        "internalId": "3",
        "dateTime": "2020-12-15T07:38:09.Z",
        "userName": "SAP",
        "isCurrentUser": false,
        "isSAPAgent": true,
        "type": "comments",
        "originalText": "Dear Mrs Kunterbunt,<br/><br/>thank you for your feedback!<br/><br/><ol><li>Performance of the incident display:<br/>Today I opened this current message in the period 11:15 - 11:20 and started to write a feedback to you. Since I wanted to check if I could reproduce the problem with text marking in other incidents, I left the message with the back button in the support launchpad (here a popup was displayed asking me if I wanted to save the changes as a draft. NO).<br/>In the next step I opened this incident again. Here I noticed that the answer text field was not displayed, instead I only saw the three pulsating dots over minutes.<br/>Exit message and reopen<br/>Pulsating dots were displayed again and text field is not shown<br/>Exit message and reopen. Now the text field appears again and I can describe the experience to you.<br/></li><li>It is also noticeable that e.g. when trying to copy a partial text from the history to a message, the cursor jumps back to the most recent entry, which is very annoying.<br/>The problem occurred when using Internet Explorer 11, under Microsoft Edge I could not recreate it.<br/></li><li>Display of the whole message when selected in the message list<br/>By whole row I would mean that you can click on any message column in the message list to display the message in full. But I have noticed that clicking on the message number opens the full display of the message, whereas clicking on the message short text only opens the short display. <br/>I can live with this behavior.</li></ol><br/><br/>With kind regards<br/>Mr. Langstrumpf<br/>",
        "translatedText": "",
        "sourceLanguage": null,
        "targetLanguage": "",
        "selectedLanguage": null
    },
    {
        "internalId": "4",
        "dateTime": "2020-12-20T23:39:59.Z",
        "userName": "SAP",
        "isCurrentUser": false,
        "isSAPAgent": true,
        "type": "u_partner_info_to_customer",
        "originalText": "If that doesn't work try this: ...",
        "translatedText": "<p>if targetLanguage</p>",
        "sourceLanguage": null,
        "targetLanguage": "de-DE",
        "selectedLanguage": null
    },
    {
        "internalId": "5",
        "dateTime": "2020-12-24T21:39:19.Z",
        "userName": "SAP",
        "isCurrentUser": false,
        "isSAPAgent": true,
        "type": "comments",
        "originalText": "<strong>strong</strong> and <u>underlined</u> text coming from the text editor",
        "translatedText": "",
        "sourceLanguage": null,
        "targetLanguage": "",
        "selectedLanguage": null
    },
    {
        "internalId": "7",
        "dateTime": "2020-12-25T05:01:03.Z",
        "userName": "Ellie Smart",
        "isCurrentUser": true,
        "isSAPAgent": false,
        "type": "u_customer_comments",
        "originalText": "&lt;script&gt;alert(\"hahaha!\");&lt;/script&gt;",
        "translatedText": "",
        "sourceLanguage": null,
        "targetLanguage": "",
        "selectedLanguage": null
    },
    {
        "internalId": "8",
        "dateTime": "2020-12-25T05:00:09.Z",
        "userName": "SAP",
        "isCurrentUser": false,
        "isSAPAgent": true,
        "type": "comments",
        "originalText": "[code]<p>Reply inside paragraph tag coming from the text editor</p>[/code]",
        "translatedText": "",
        "sourceLanguage": null,
        "targetLanguage": "",
        "selectedLanguage": null
    },
    {
        "internalId": "9",
        "dateTime": "2021-01-25T05:00:09.Z",
        "userName": "SAP",
        "isCurrentUser": false,
        "isSAPAgent": true,
        "type": "comments",
        "originalText": "<img src='dummy' onerror='alert(/xss/)'>",
        "translatedText": "",
        "sourceLanguage": null,
        "targetLanguage": "",
        "selectedLanguage": null
    },
    {
        "internalId": "10",
        "dateTime": "2021-01-27T05:00:09.Z",
        "userName": "SAP",
        "isCurrentUser": false,
        "isSAPAgent": true,
        "type": "comments",
        "originalText": "[code]<p>This [/code]is a <br/><code>console.log('boo');<br/>alert('boo');</code><br/>[/code]code test</p>[code]",
        "translatedText": "",
        "sourceLanguage": null,
        "targetLanguage": "",
        "selectedLanguage": null
    },
    {
        "internalId": "11",
        "dateTime": "2021-01-28T08:00:10.Z",
        "userName": "Ellie Smart",
        "isCurrentUser": true,
        "isSAPAgent": false,
        "type": "u_business_impact",
        "originalText": "[code]<p><i>Changed Business Impact to:</i></p><p>VERY IMPORTANT TO ME</p>[code]",
        "translatedText": "",
        "sourceLanguage": null,
        "targetLanguage": "",
        "selectedLanguage": null
    },
    {
        "internalId": "12",
        "dateTime": "2021-01-29T08:00:10.Z",
        "userName": "Alexandra Paul (S0009460456)",
        "isCurrentUser": false,
        "isSAPAgent": false,
        "type": "c_confirmation_request",
        "originalText": "&lt;div&gt;&lt;p&gt;i&amp;#39;m &quot;part&quot; of CIC &amp;amp; PS&lt;/p&gt;&lt;/div&gt;",
        "translatedText": "",
        "sourceLanguage": null,
        "targetLanguage": "",
        "selectedLanguage": null
    },
    {
        "internalId": "13",
        "dateTime": "2021-01-30T05:00:11.Z",
        "userName": "Ellie Smart",
        "isCurrentUser": true,
        "isSAPAgent": false,
        "type": "u_business_impact",
        "originalText": "[code]<p>Hi Naveen,&nbsp;</p> <p>Thank you for the update.</p> <p>From HAR file provided I got the following error:&nbsp;</p> <pre>[String]&lt;html&gt;&lt;meta &gt;&lt;body onload=\"JavaScript:alert(111);\"&gt;&lt;H1&gt;Your browser is not configured for using SPNego&lt;/H1&gt;Press F5 (Page Refresh) to continue.&lt;/body&gt;&lt;/html&gt;<br />[String]&lt;html&gt;&lt;meta &gt;&lt;body onload=\"JavaScript:alert(111);\"&gt;&lt;H1&gt;Your browser is not configured for using SPNego&lt;/H1&gt;Press F5 (Page Refresh) to continue.&lt;/body&gt;&lt;/html&gt;<br /><br />For further investigation I am forwarding this case to LOD-ANA-LDC-BW team<br /><br />Regards,<br />Navaneeth<br />External | On Behalf of SAP Support </pre>[/code]",
        "translatedText": "",
        "sourceLanguage": null,
        "targetLanguage": "",
        "selectedLanguage": null
    }
]
