[
    {
        "reporterId": "S0001795291",
        "reporterTxt": "Admin TestuserPL"
    },
    {
        "reporterId": "S0000311719",
        "reporterTxt": "Albers Hans"
    },
    {
        "reporterId": "S0016114194",
        "reporterTxt": "Alejandra Alonso"
    },
    {
        "reporterId": "S0015525462",
        "reporterTxt": "Alexander ---TECH-USER---"
    },
    {
        "reporterId": "S0009460456",
        "reporterTxt": "Alexandra Paul"
    },
    {
        "reporterId": "S0016082775",
        "reporterTxt": "Ali Mehedi"
    },
    {
        "reporterId": "S0009192455",
        "reporterTxt": "Alois Apfelsaft"
    },
    {
        "reporterId": "S0021965229",
        "reporterTxt": "Armando Zaro"
    },
    {
        "reporterId": "S0020455045",
        "reporterTxt": "Aylin Firat"
    },
    {
        "reporterId": "S0005114148",
        "reporterTxt": "BO SAP"
    },
    {
        "reporterId": "S0005234793",
        "reporterTxt": "BOSAP AMERICAS"
    },
    {
        "reporterId": "S0005234791",
        "reporterTxt": "BOSAP APA"
    },
    {
        "reporterId": "S0005234789",
        "reporterTxt": "BOSAP EMEA"
    },
    {
        "reporterId": "S0012113713",
        "reporterTxt": "Barbara Lapp"
    },
    {
        "reporterId": "S0021843138",
        "reporterTxt": "CSPIO Test4"
    },
    {
        "reporterId": "S0016382725",
        "reporterTxt": "Christian Rosa"
    },
    {
        "reporterId": "S0003476336",
        "reporterTxt": "Cindy Strunze"
    },
    {
        "reporterId": "S0008442107",
        "reporterTxt": "Claudia Pfeil-Biehl"
    },
    {
        "reporterId": "S0010873278",
        "reporterTxt": "Cleide Lucas"
    },
    {
        "reporterId": "S0006324053",
        "reporterTxt": "Customer Test"
    },
    {
        "reporterId": "S0005731954",
        "reporterTxt": "David Birkenbach - Test value Contr"
    },
    {
        "reporterId": "S0004947065",
        "reporterTxt": "David Brikenbach"
    },
    {
        "reporterId": "S0022934826",
        "reporterTxt": "David Eder"
    },
    {
        "reporterId": "S0007581477",
        "reporterTxt": "Derek LePage"
    },
    {
        "reporterId": "S0018687059",
        "reporterTxt": "Development DSX"
    },
    {
        "reporterId": "S0000662991",
        "reporterTxt": "Dow Corning"
    },
    {
        "reporterId": "S0021203150",
        "reporterTxt": "Eda Yang"
    },
    {
        "reporterId": "S0019360972",
        "reporterTxt": "Elienai Nascimento"
    },
    {
        "reporterId": "S0003497273",
        "reporterTxt": "Elisabeth Prokesch"
    },
    {
        "reporterId": "S0021989190",
        "reporterTxt": "Eric Booyse"
    },
    {
        "reporterId": "S0002876145",
        "reporterTxt": "Eric Customer Stegmueller"
    },
    {
        "reporterId": "S0005061487",
        "reporterTxt": "Eric Stegmüller - Customer"
    },
    {
        "reporterId": "S0019499307",
        "reporterTxt": "Eric To"
    },
    {
        "reporterId": "S0014198490",
        "reporterTxt": "Estefane Zanella"
    },
    {
        "reporterId": "S0007582775",
        "reporterTxt": "First Today Last Today"
    },
    {
        "reporterId": "S0000312260",
        "reporterTxt": "Ginger Humm"
    },
    {
        "reporterId": "S0006463382",
        "reporterTxt": "Ginny Zhou"
    },
    {
        "reporterId": "S0013001806",
        "reporterTxt": "Giuliano Cunha"
    },
    {
        "reporterId": "S0019754239",
        "reporterTxt": "Gopal Tamrkar"
    },
    {
        "reporterId": "S0003644726",
        "reporterTxt": "Gordon Muckle"
    },
    {
        "reporterId": "S0017354329",
        "reporterTxt": "Graham Farr"
    },
    {
        "reporterId": "S0017434432",
        "reporterTxt": "Guilherme Rocho"
    },
    {
        "reporterId": "S0020255391",
        "reporterTxt": "HANA Service Operations"
    },
    {
        "reporterId": "S0000315119",
        "reporterTxt": "Hans Ammer"
    },
    {
        "reporterId": "S0007804013",
        "reporterTxt": "Hans Bammer"
    },
    {
        "reporterId": "S0007450467",
        "reporterTxt": "Harry Bodenhofer"
    },
    {
        "reporterId": "S0009574509",
        "reporterTxt": "Honeal Reid"
    },
    {
        "reporterId": "S0000311728",
        "reporterTxt": "Hugo Hammel"
    },
    {
        "reporterId": "S0023053303",
        "reporterTxt": "Janet OnPremise"
    },
    {
        "reporterId": "S0020023499",
        "reporterTxt": "Janos Nagy"
    },
    {
        "reporterId": "S0015785474",
        "reporterTxt": "Joao Trindade"
    },
    {
        "reporterId": "S0004921701",
        "reporterTxt": "John Customer"
    },
    {
        "reporterId": "S0016219766",
        "reporterTxt": "Julia Reiser"
    },
    {
        "reporterId": "S0000312271",
        "reporterTxt": "Jörg Jaguar"
    },
    {
        "reporterId": "S0009454536",
        "reporterTxt": "Karola Hirsch"
    },
    {
        "reporterId": "S0004462804",
        "reporterTxt": "Key-Pauline VAR-KundeOzwei"
    },
    {
        "reporterId": "S0001349377",
        "reporterTxt": "Klaus Dickgiesser"
    },
    {
        "reporterId": "S0022927270",
        "reporterTxt": "Laura Liardo"
    },
    {
        "reporterId": "S0021804403",
        "reporterTxt": "Leshanti Rajh Gopaul"
    },
    {
        "reporterId": "S0003312949",
        "reporterTxt": "License Key Test"
    },
    {
        "reporterId": "S0020689786",
        "reporterTxt": "Linda Agnes Homoki"
    },
    {
        "reporterId": "S0008370800",
        "reporterTxt": "Lucas Koch"
    },
    {
        "reporterId": "S0002256603",
        "reporterTxt": "Lydia Test"
    },
    {
        "reporterId": "S0001980814",
        "reporterTxt": "Manni Testuseranforderer"
    },
    {
        "reporterId": "S0008963202",
        "reporterTxt": "Marcio Oliveira"
    },
    {
        "reporterId": "S0000875427",
        "reporterTxt": "Margarete Nuber"
    },
    {
        "reporterId": "S0018777260",
        "reporterTxt": "Maria Teresa Fernandez Cascos"
    },
    {
        "reporterId": "S0000364698",
        "reporterTxt": "Martin S-User Rink"
    },
    {
        "reporterId": "S0004458964",
        "reporterTxt": "Masterdata Collector Customer"
    },
    {
        "reporterId": "S0007954487",
        "reporterTxt": "Najib Majidzadeh"
    },
    {
        "reporterId": "S0019667804",
        "reporterTxt": "Nam Truong"
    },
    {
        "reporterId": "S0019977515",
        "reporterTxt": "Nick Mackerness"
    },
    {
        "reporterId": "S0007376032",
        "reporterTxt": "Ola Staehler"
    },
    {
        "reporterId": "S0006886176",
        "reporterTxt": "One RIG"
    },
    {
        "reporterId": "S0020153147",
        "reporterTxt": "Paul Donaldson"
    },
    {
        "reporterId": "S0015785477",
        "reporterTxt": "Priscila Ludwig"
    },
    {
        "reporterId": "S0004713267",
        "reporterTxt": "RCSC Support"
    },
    {
        "reporterId": "S0004465587",
        "reporterTxt": "RFC-KundeZwei VAR-KundeOzwei"
    },
    {
        "reporterId": "S0007341864",
        "reporterTxt": "Rafael Valerio"
    },
    {
        "reporterId": "S0008377217",
        "reporterTxt": "Richard Chen"
    },
    {
        "reporterId": "S0021493520",
        "reporterTxt": "Richard Hughes"
    },
    {
        "reporterId": "S0019925399",
        "reporterTxt": "Rob Bennett"
    },
    {
        "reporterId": "S0019343042",
        "reporterTxt": "SAL Tester01"
    },
    {
        "reporterId": "S0022300486",
        "reporterTxt": "Sean He"
    },
    {
        "reporterId": "S0021355058",
        "reporterTxt": "Shashank Singor"
    },
    {
        "reporterId": "S0015758413",
        "reporterTxt": "Shen BOB"
    },
    {
        "reporterId": "S0018747552",
        "reporterTxt": "Shuvechha Golay"
    },
    {
        "reporterId": "S0005678569",
        "reporterTxt": "Simon Li"
    },
    {
        "reporterId": "S0016458429",
        "reporterTxt": "Steve Allen"
    },
    {
        "reporterId": "S0011543033",
        "reporterTxt": "Sylvia Fleck"
    },
    {
        "reporterId": "S0016907757",
        "reporterTxt": "Tech User for Solman ---TECH-USER--"
    },
    {
        "reporterId": "S0011532606",
        "reporterTxt": "Terence CEN"
    },
    {
        "reporterId": "S0003726982",
        "reporterTxt": "Test OSS User"
    },
    {
        "reporterId": "S0003927829",
        "reporterTxt": "Test Test"
    },
    {
        "reporterId": "S0005924437",
        "reporterTxt": "Test Testing"
    },
    {
        "reporterId": "S0003476348",
        "reporterTxt": "Test User Business Objects"
    },
    {
        "reporterId": "S0004246977",
        "reporterTxt": "Test User Business Objects"
    },
    {
        "reporterId": "S0019738481",
        "reporterTxt": "Test User CCC CIA"
    },
    {
        "reporterId": "S0005957572",
        "reporterTxt": "Test-Two Infrastructure"
    },
    {
        "reporterId": "S0003599836",
        "reporterTxt": "TestTest Zak"
    },
    {
        "reporterId": "S0000531161",
        "reporterTxt": "Testuser Corporate Functions"
    },
    {
        "reporterId": "S0015737110",
        "reporterTxt": "Thomas Mosandl"
    },
    {
        "reporterId": "S0007189293",
        "reporterTxt": "Vanessa Brueckner"
    },
    {
        "reporterId": "S0020674684",
        "reporterTxt": "Vladislav Dexheimer"
    },
    {
        "reporterId": "S0020537737",
        "reporterTxt": "Webinar CIC"
    },
    {
        "reporterId": "S0000433912",
        "reporterTxt": "Xc Test"
    },
    {
        "reporterId": "S0017664076",
        "reporterTxt": "Zihan Liu"
    },
    {
        "reporterId": "S0006193608",
        "reporterTxt": "testppp testttt"
    },
    {
        "reporterId": "S0002879905",
        "reporterTxt": "trtrd test"
    }
]

