[
    {
        "pointer": "002075125200001967172022",
        "incidentNumber": "196717/2022",
        "source": "LOCAL",
        "statusId": "C",
        "lastUpdate": "",
        "priorityId": "1",
        "createdAt": 1670582544000,
        "updatedAt": 1670582658000,
        "installationId": "0020659687",
        "systemNumber": "000000000311628235",
        "customerId": "0001208936",
        "reporterId": "S0009460456",
        "sapNumber": "196717",
        "sapYear": "2022",
        "subject": "test by lly 1209 01",
        "respITSM": "",
        "statusTxt": "Sent to SAP",
        "priorityTxt": "Very High",
        "installationTxt": "0020659687 - ERP Standard Support",
        "systemId": "SEM",
        "systemTxt": "SEM - Test 21.9.2011 の…… ",
        "componentId": "105651",
        "componentKey": "XX-SER-SAPSMP-BC",
        "componentTxt": "SAP Internal testing, component reserved for BC",
        "reporterTxt": "Alexandra Paul",
        "customerTxt": "1208936 - aPaul Pharma Test-Account AGS Data Quality",
        "creationDate": "09.12.2022",
        "creationTime": "10:42:24",
        "createdBy": "S0009460456",
        "updateDate": "09.12.2022",
        "updateTime": "10:44:18",
        "autoConfirmDateTxt": "",
        "autoConfirmDate": 0,
        "productId": "01200615320800000659",
        "productTxt": "",
        "userTimezone": "INDIA",
        "isFavorite": ""
    },
    {
        "pointer": "002075125200001969052022",
        "incidentNumber": "196905/2022",
        "source": "LOCAL",
        "statusId": "C",
        "lastUpdate": "",
        "priorityId": "1",
        "createdAt": 1670593443000,
        "updatedAt": 1670593532000,
        "installationId": "0020659687",
        "systemNumber": "000000000311628235",
        "customerId": "0001208936",
        "reporterId": "S0009460456",
        "sapNumber": "196905",
        "sapYear": "2022",
        "subject": "test by lly 1209 03",
        "respITSM": "",
        "statusTxt": "Sent to SAP",
        "priorityTxt": "Very High",
        "installationTxt": "0020659687 - ERP Standard Support",
        "systemId": "SEM",
        "systemTxt": "SEM - Test 21.9.2011 の…… ",
        "componentId": "105651",
        "componentKey": "XX-SER-SAPSMP-BC",
        "componentTxt": "SAP Internal testing, component reserved for BC",
        "reporterTxt": "Alexandra Paul",
        "customerTxt": "1208936 - aPaul Pharma Test-Account AGS Data Quality",
        "creationDate": "09.12.2022",
        "creationTime": "13:44:03",
        "createdBy": "S0009460456",
        "updateDate": "09.12.2022",
        "updateTime": "13:45:32",
        "autoConfirmDateTxt": "",
        "autoConfirmDate": 0,
        "productId": "01200615320800000659",
        "productTxt": "",
        "userTimezone": "INDIA",
        "isFavorite": ""
    },
    {
        "pointer": "002075125200001969062022",
        "incidentNumber": "196906/2022",
        "source": "LOCAL",
        "statusId": "C",
        "lastUpdate": "",
        "priorityId": "3",
        "createdAt": 1670595263000,
        "updatedAt": 1670595382000,
        "installationId": "0020659687",
        "systemNumber": "000000000311628235",
        "customerId": "0001208936",
        "reporterId": "S0009460456",
        "sapNumber": "196906",
        "sapYear": "2022",
        "subject": "test by lly 1209 04",
        "respITSM": "",
        "statusTxt": "Sent to SAP",
        "priorityTxt": "Medium",
        "installationTxt": "0020659687 - ERP Standard Support",
        "systemId": "AP1",
        "systemTxt": "AP1 - Test",
        "componentId": "105651",
        "componentKey": "XX-SER-SAPSMP-BC",
        "componentTxt": "SAP Internal testing, component reserved for BC",
        "reporterTxt": "Alexandra Paul",
        "customerTxt": "1208936 - aPaul Pharma Test-Account AGS Data Quality",
        "creationDate": "09.12.2022",
        "creationTime": "14:14:23",
        "createdBy": "S0009460456",
        "updateDate": "09.12.2022",
        "updateTime": "14:16:22",
        "autoConfirmDateTxt": "",
        "autoConfirmDate": 0,
        "productId": "01200615320800000659",
        "productTxt": "",
        "userTimezone": "INDIA",
        "isFavorite": ""
    }
]
