[
    {
        "uName": "S002016655",
        "systemNumber": "000000000850151225",
        "customerNumber": "",
        "eventID": "VNS9891673",
        "type": "1",
        "typeText": "Unplanned Downtime",
        "eventStartTime": "20240307113900 "
    },
    {
        "uName": "S002016655",
        "systemNumber": "000000000850151225",
        "customerNumber": "",
        "eventID": "VNS9941010",
        "type": "1",
        "typeText": "Unplanned Downtime",
        "eventStartTime": "20240328054717 "
    },
    {
        "uName": "S002016655",
        "systemNumber": "000000000850151225",
        "customerNumber": "",
        "eventID": "VNS9930999",
        "type": "1",
        "typeText": "Unplanned Downtime",
        "eventStartTime": "20240328091811 "
    },
    {
        "uName": "S002016655",
        "systemNumber": "000000000850151225",
        "customerNumber": "",
        "eventID": "VNS9951015",
        "type": "1",
        "typeText": "Unplanned Downtime",
        "eventStartTime": "20240328132257 "
    },
    {
        "uName": "S002016655",
        "systemNumber": "000000000850151225",
        "customerNumber": "",
        "eventID": "VNS10130633",
        "type": "1",
        "typeText": "Unplanned Downtime",
        "eventStartTime": "20240402043000 "
    },
    {
        "uName": "S002016655",
        "systemNumber": "000000000850151225",
        "customerNumber": "",
        "eventID": "VNS9978919",
        "type": "1",
        "typeText": "Unplanned Downtime",
        "eventStartTime": "20240402113600 "
    }
]