{
    "Csinsta": "0020751260",
    "Mnumm": "0000159940",
    "Myear": "2023",
    "Uname": "",
    "Status": "1",
    "Priority": "3",
    "MnummNLZ": "159940",
    "Component": "ABAP Runtime Environment - ABAP Language Issues Only (BC-ABA)",
    "Erftstmp": "/Date(1682712577000)/",
    "Aetstmp": "/Date(1682712661000)/",
    "Closetstmp": "/Date(0000)/",
    "Reporter": "S0009460456111",
    "EnteredBy": "S0009460456111",
    "LastChangedBy": "S0009460456111",
    "Processor": "",
    "Stext": "ATF Test",
    "Sprsl": "E",
    "InputType": "",
    "Masterinst": "",
    "ServicetypTxt": "Customer Incident",
    "StatusTxt": "Not Sent to SAP",
    "PriorityTxt": "Medium",
    "CompKey": "0000052782",
    "ComponentTxt": "Installation, Updates, Upgrade, Patching (BI-BIP-INS)",
    "CompPath": "Business intelligence solutions > Business intelligence platform > Installation, Updates, Upgrade, Patching",
    "Erfdate": "28.04.2023",
    "Erftime": "20:09:37",
    "Aedate": "28.04.2023",
    "Aetime": "20:11:01",
    "Closedate": "",
    "Closetime": "",
    "AutoConfirmDateText": "",
    "AutoConfirmDate": "",
    "ReporterTxt": "Alexandra Paul111",
    "EnteredByTxt": "Alexandra Paul111",
    "LastChangedTxt": "Alexandra Paul111",
    "ProcessorTxt": "",
    "SprslTxt": "English",
    "ContactsCnt": 1,
    "TextsCnt": 1,
    "AttxCnt": 0,
    "NotesCnt": 0,
    "AlogCnt": 3,
    "AplanCnt": 0,
    "LastText": "&lt;div>&lt;br />--- Product/Function ---&lt;br />Component: PSM-GPR-SN (URL)&lt;br />Product: SAP Supplier Relationship Management  (URL)&lt;br />Product function: SAP Supplier Relationship Management > Procurement for Public Sector (URL)&lt;br />Component: PSM-GPR-POR (Support Assistant)&lt;br />Product: SAP Supplier Relationship Management  (Support Assistant)&lt;br />Product function: SAP Supplier Relationship Management > Procurement for Public Sector (Support Assistant)&lt;br />User changed component: SD-FIO-BIL (Recent)&lt;br />No product function mapping found&lt;br />User changed component: FI-AA-AA-E (Recent)&lt;br />Product: SAP ERP  (Component Change)&lt;br />Product function: SAP ERP > Accounting > Financial Accounting > Asset Accounting > Periodic Posting (Component Change)&lt;br />&lt;br />--- Support Assistant ---&lt;br />&lt;strong>Path Taken&lt;/strong>&lt;br />PPS functions in Purchase Order&lt;br />&lt;br />&lt;strong>Questions Answered&lt;/strong>&lt;br />&lt;br />--- TagID/AreaID ---&lt;br />TagID: #3&lt;br />AreaID: 00109B36D6221EDBB0C0294B42E600E8&lt;br />&lt;br />--- Description ---&lt;br />&lt;ul><br/>&lt;li>&lt;/li><br/>&lt;/ul>&lt;/div>",
    "LastTextType": "Problem Description",
    "LastTextTstmp": "/Date(1682712577000)/",
    "LastTextDate": "28.04.2023",
    "LastTextTime": "20:09:37",
    "LastTextCreator": "Alexandra Paul111 (S0009460456111)",
    "TextActive": "A",
    "LastNoteNbr": "",
    "LastNoteTxt": "",
    "ProductTxt": "SAP BusinessObjects Business Intelligence platform 4.2 (Productive)",
    "LastUpdate": "",
    "IncSource": "003",
    "Source": "LOCAL",
    "UserTimezone": "NZST",
    "EUDPFlag": "",
    "OverruleAuth": false,
    "EditorType": "",
    "DraftFlag": "X",
    "AltCount": 0,
    "ServicedFlag": "",
    "ServiceByCustText": "",
    "Favorite": "",
    "Pointer": "002075126000001599402023",
    "Service": "3",
    "Servicetyp": "K",
    "FirstS2sap": "19700101000000",
    "LastS2sap": "19700101000000",
    "ProdRel": "",
    "Frontend": "",
    "OpSystem": "",
    "DbSystem": "",
    "RampupFlag": "",
    "DssClassified": "",
    "Blockattachments": "",
    "Customer": "0001208936111",
    "CustomerTxt": "SAP Test Account - aPaul Pharmaaaa (0001208936111)",
    "Installation": "0090316690",
    "InstallationTxt": "0090119716 - SAP BUSINESS OBJECTS",
    "SystemNumber": "000000000800025935",
    "SystemId": "A11",
    "SystemType": "PROD",
    "SystemTxt": "A11",
    "Product": "BOBJ",
    "ProductVersion": "73555000100900000046",
    "SuppPartner": "",
    "SoftwPartner": "",
    "Swkla": "BOBJ",
    "APIKey": "",
    "Product1": "",
    "Product2": "",
    "Product3": "",
    "Help01": "",
    "Help02": "",
    "Help03": "",
    "RespITSM": "",
    "Searchterm": "",
    "SaeStartTime": "",
    "SaeStatus": "",
    "SaeGuid": "00000000-0000-0000-0000-000000000000",
    "SamStartTime": "",
    "SamStatus": "",
    "SamInfo": "",
    "AffectedURL": "",
    "RelevantID": "",
    "SWType": "ONPREM",
    "ProductSelected": "0000010064",
    "DataProtection": "",
    "AaEPQuesUUID": "",
    "AaEPSessStatus": "",
    "AaEPQuesStatus": "",
    "AaEPQuesEmail": "",
    "QuesDateCreated": "",
    "ExpirationDate": "",
    "AaEPDraftFlag": "",
    "AaEPFlag": "",
    "BusinessImpactTxt": "",
    "MessageTexts": {
        "__deferred": {
            "uri": ""
        }
    }
}


