[
    {
        "installationId": "0020109410",
        "installationTxt": "techn inst",
        "inactive": "",
        "customerId": "0000202420",
        "customerTxt": "test cust. #3. 25APRSPOT-R3Check OSS corp. funct."
    },
    {
        "installationId": "0020182239",
        "installationTxt": "SAP ERP - TEST",
        "inactive": "",
        "customerId": "0000202418",
        "customerTxt": "OSS Test function #1 OSS corp. funktion*"
    },
    {
        "installationId": "0020184204",
        "installationTxt": "Test 08.08.2004",
        "inactive": "",
        "customerId": "0000202418",
        "customerTxt": "OSS Test function #1 OSS corp. funktion*"
    },
    {
        "installationId": "0020186083",
        "installationTxt": " pgwdf407 (SID: SOL)",
        "inactive": "",
        "customerId": "0000202420",
        "customerTxt": "test cust. #3. 25APRSPOT-R3Check OSS corp. funct."
    },
    {
        "installationId": "0020187822",
        "installationTxt": "NW",
        "inactive": "",
        "customerId": "0000202418",
        "customerTxt": "OSS Test function #1 OSS corp. funktion*"
    },
    {
        "installationId": "0020187823",
        "installationTxt": "SAP ERP - Testinstallation - geändert im Portal",
        "inactive": "",
        "customerId": "0000202418",
        "customerTxt": "OSS Test function #1 OSS corp. funktion*"
    },
    {
        "installationId": "0020227072",
        "installationTxt": "APA requests for SolMan",
        "inactive": "",
        "customerId": "0000202418",
        "customerTxt": "OSS Test function #1 OSS corp. funktion*"
    },
    {
        "installationId": "0020253585",
        "installationTxt": "Internal Solman Change",
        "inactive": "",
        "customerId": "0000203069",
        "customerTxt": "Test value contract OSS corp. function"
    },
    {
        "installationId": "0020278188",
        "installationTxt": "SolMan Win MaxDB",
        "inactive": "",
        "customerId": "0000202420",
        "customerTxt": "test cust. #3. 25APRSPOT-R3Check OSS corp. funct."
    },
    {
        "installationId": "0020278189",
        "installationTxt": "SolMan Win MaxDB",
        "inactive": "",
        "customerId": "0000203069",
        "customerTxt": "Test value contract OSS corp. function"
    },
    {
        "installationId": "0020285838",
        "installationTxt": "SolMan intern",
        "inactive": "",
        "customerId": "0000202420",
        "customerTxt": "test cust. #3. 25APRSPOT-R3Check OSS corp. funct."
    },
    {
        "installationId": "0020335737",
        "installationTxt": "BusinessObjects Enterprise",
        "inactive": "",
        "customerId": "0000202418",
        "customerTxt": "OSS Test function #1 OSS corp. funktion*"
    },
    {
        "installationId": "0020564819",
        "installationTxt": "NFR Installation",
        "inactive": "",
        "customerId": "0000202420",
        "customerTxt": "test cust. #3. 25APRSPOT-R3Check OSS corp. funct."
    },
    {
        "installationId": "0020564986",
        "installationTxt": "BOBJ Crystal Reports",
        "inactive": "",
        "customerId": "0000203069",
        "customerTxt": "Test value contract OSS corp. function"
    },
    {
        "installationId": "0020585241",
        "installationTxt": "BOBJ BI-Package",
        "inactive": "",
        "customerId": "0000202418",
        "customerTxt": "OSS Test function #1 OSS corp. funktion*"
    },
    {
        "installationId": "0020586087",
        "installationTxt": "BOBJ Test-Installation",
        "inactive": "",
        "customerId": "0000202418",
        "customerTxt": "OSS Test function #1 OSS corp. funktion*"
    },
    {
        "installationId": "0020594607",
        "installationTxt": "SAP ERP Installation",
        "inactive": "",
        "customerId": "0000202418",
        "customerTxt": "OSS Test function #1 OSS corp. funktion*"
    },
    {
        "installationId": "0020600651",
        "installationTxt": "E-Sourcing Test",
        "inactive": "",
        "customerId": "0000202418",
        "customerTxt": "OSS Test function #1 OSS corp. funktion*"
    },
    {
        "installationId": "0020600652",
        "installationTxt": "SAP Solution Manager",
        "inactive": "",
        "customerId": "0000202418",
        "customerTxt": "OSS Test function #1 OSS corp. funktion*"
    },
    {
        "installationId": "0020637582",
        "installationTxt": "ERP T-Inst.",
        "inactive": "",
        "customerId": "0000203069",
        "customerTxt": "Test value contract OSS corp. function"
    },
    {
        "installationId": "0020637583",
        "installationTxt": "CRM T-inst.",
        "inactive": "",
        "customerId": "0000203069",
        "customerTxt": "Test value contract OSS corp. function"
    },
    {
        "installationId": "0020637858",
        "installationTxt": "ERP T-Inst. t",
        "inactive": "",
        "customerId": "0001064507",
        "customerTxt": "SAP America Office of the CEO"
    },
    {
        "installationId": "0020644236",
        "installationTxt": "Test",
        "inactive": "",
        "customerId": "0000202418",
        "customerTxt": "OSS Test function #1 OSS corp. funktion*"
    },
    {
        "installationId": "0020653733",
        "installationTxt": "Helge Volkmar/ S0001433013",
        "inactive": "",
        "customerId": "0000203069",
        "customerTxt": "Test value contract OSS corp. function"
    },
    {
        "installationId": "0020673774",
        "installationTxt": "Sybase Test",
        "inactive": "",
        "customerId": "0000203069",
        "customerTxt": "Test value contract OSS corp. function"
    },
    {
        "installationId": "0020681776",
        "installationTxt": "Test BO Installationen",
        "inactive": "",
        "customerId": "0000202418",
        "customerTxt": "OSS Test function #1 OSS corp. funktion*"
    },
    {
        "installationId": "0020681777",
        "installationTxt": "Test BO Installation",
        "inactive": "",
        "customerId": "0000202418",
        "customerTxt": "OSS Test function #1 OSS corp. funktion*"
    },
    {
        "installationId": "0020685175",
        "installationTxt": "NW Test Internal",
        "inactive": "",
        "customerId": "0000203069",
        "customerTxt": "Test value contract OSS corp. function"
    },
    {
        "installationId": "0020685176",
        "installationTxt": "BOBJ Test (Internal)",
        "inactive": "",
        "customerId": "0000203069",
        "customerTxt": "Test value contract OSS corp. function"
    },
    {
        "installationId": "0020685177",
        "installationTxt": "SolMan Test (Internal)",
        "inactive": "",
        "customerId": "0000203069",
        "customerTxt": "Test value contract OSS corp. function"
    },
    {
        "installationId": "0020688780",
        "installationTxt": "Internal",
        "inactive": "",
        "customerId": "0000202420",
        "customerTxt": "test cust. #3. 25APRSPOT-R3Check OSS corp. funct."
    },
    {
        "installationId": "0020692571",
        "installationTxt": "Test 4 - ERP Testvertrag???",
        "inactive": "",
        "customerId": "0000203069",
        "customerTxt": "Test value contract OSS corp. function"
    },
    {
        "installationId": "0020692572",
        "installationTxt": "Test 5 - NW",
        "inactive": "",
        "customerId": "0000202420",
        "customerTxt": "test cust. #3. 25APRSPOT-R3Check OSS corp. funct."
    },
    {
        "installationId": "0020692574",
        "installationTxt": "Test 7 - SRM",
        "inactive": "",
        "customerId": "0000203069",
        "customerTxt": "Test value contract OSS corp. function"
    },
    {
        "installationId": "0020700887",
        "installationTxt": "Discovery Installation",
        "inactive": "",
        "customerId": "0000203069",
        "customerTxt": "Test value contract OSS corp. function"
    },
    {
        "installationId": "0020700888",
        "installationTxt": "Discovery Installation",
        "inactive": "",
        "customerId": "0000203069",
        "customerTxt": "Test value contract OSS corp. function"
    },
    {
        "installationId": "0020700889",
        "installationTxt": "Discovery Installation",
        "inactive": "",
        "customerId": "0000203069",
        "customerTxt": "Test value contract OSS corp. function"
    },
    {
        "installationId": "0020701025",
        "installationTxt": "BOBJ Test 1",
        "inactive": "",
        "customerId": "0000203069",
        "customerTxt": "Test value contract OSS corp. function"
    },
    {
        "installationId": "0020701030",
        "installationTxt": "Test 1 - CC",
        "inactive": "",
        "customerId": "0000202420",
        "customerTxt": "test cust. #3. 25APRSPOT-R3Check OSS corp. funct."
    },
    {
        "installationId": "0020704002",
        "installationTxt": "test 2 q1/2012 encoding aus",
        "inactive": "",
        "customerId": "0000202418",
        "customerTxt": "OSS Test function #1 OSS corp. funktion*"
    },
    {
        "installationId": "0020704052",
        "installationTxt": "My Installation",
        "inactive": "",
        "customerId": "0000202418",
        "customerTxt": "OSS Test function #1 OSS corp. funktion*"
    },
    {
        "installationId": "0020713427",
        "installationTxt": "Sybase for GLAS",
        "inactive": "",
        "customerId": "0000202418",
        "customerTxt": "OSS Test function #1 OSS corp. funktion*"
    },
    {
        "installationId": "0020715611",
        "installationTxt": "PopUp test 2",
        "inactive": "",
        "customerId": "0000202418",
        "customerTxt": "OSS Test function #1 OSS corp. funktion*"
    },
    {
        "installationId": "0020715900",
        "installationTxt": "test 2",
        "inactive": "",
        "customerId": "0000202419",
        "customerTxt": "SAPNet R/3-Frontend Test customer # LSDE"
    },
    {
        "installationId": "0020715960",
        "installationTxt": "test 1",
        "inactive": "",
        "customerId": "0000202418",
        "customerTxt": "OSS Test function #1 OSS corp. funktion*"
    },
    {
        "installationId": "0020720888",
        "installationTxt": "test",
        "inactive": "",
        "customerId": "0000202418",
        "customerTxt": "OSS Test function #1 OSS corp. funktion*"
    },
    {
        "installationId": "0020730426",
        "installationTxt": "test instal",
        "inactive": "",
        "customerId": "0000202419",
        "customerTxt": "SAPNet R/3-Frontend Test customer # LSDE"
    },
    {
        "installationId": "0020730647",
        "installationTxt": "Sybase Test",
        "inactive": "",
        "customerId": "0000203069",
        "customerTxt": "Test value contract OSS corp. function"
    },
    {
        "installationId": "0020740613",
        "installationTxt": "CLOUD",
        "inactive": "",
        "customerId": "0000202418",
        "customerTxt": "OSS Test function #1 OSS corp. funktion*"
    },
    {
        "installationId": "0020809976",
        "installationTxt": "Internal Testing",
        "inactive": "",
        "customerId": "0000202418",
        "customerTxt": "OSS Test function #1 OSS corp. funktion*"
    },
    {
        "installationId": "0020860693",
        "installationTxt": "Hybris Test",
        "inactive": "",
        "customerId": "0000202418",
        "customerTxt": "OSS Test function #1 OSS corp. funktion*"
    },
    {
        "installationId": "0020990526",
        "installationTxt": "P02",
        "inactive": "",
        "customerId": "0000203069",
        "customerTxt": "Test value contract OSS corp. function"
    },
    {
        "installationId": "0021011299",
        "installationTxt": "Internal Testing",
        "inactive": "",
        "customerId": "0000202418",
        "customerTxt": "OSS Test function #1 OSS corp. funktion*"
    },
    {
        "installationId": "0021069468",
        "installationTxt": "Test SWAG",
        "inactive": "",
        "customerId": "0000202418",
        "customerTxt": "OSS Test function #1 OSS corp. funktion*"
    },
    {
        "installationId": "0021116020",
        "installationTxt": "Yan's test installation",
        "inactive": "",
        "customerId": "0000203069",
        "customerTxt": "Test value contract OSS corp. function"
    },
    {
        "installationId": "0021116237",
        "installationTxt": "Yan test #2",
        "inactive": "",
        "customerId": "0000203069",
        "customerTxt": "Test value contract OSS corp. function"
    },
    {
        "installationId": "0090528871",
        "installationTxt": "SAP DATA WAREHOUSE CLOUD",
        "inactive": "",
        "customerId": "0000202418",
        "customerTxt": "OSS Test function #1 OSS corp. funktion*"
    },
    {
        "installationId": "0090528901",
        "installationTxt": "SAP CLOUD PLATFORM",
        "inactive": "",
        "customerId": "0000202418",
        "customerTxt": "OSS Test function #1 OSS corp. funktion*"
    },
    {
        "installationId": "0090548259",
        "installationTxt": "SAP ANALYTICS CLOUD",
        "inactive": "",
        "customerId": "0000202418",
        "customerTxt": "OSS Test function #1 OSS corp. funktion*"
    },
    {
        "installationId": "0120009914",
        "installationTxt": "SAP Netweaver",
        "inactive": "",
        "customerId": "0000202418",
        "customerTxt": "OSS Test function #1 OSS corp. funktion*"
    },
    {
        "installationId": "0120009915",
        "installationTxt": "SAP R/3",
        "inactive": "",
        "customerId": "0000202418",
        "customerTxt": "OSS Test function #1 OSS corp. funktion*"
    },
    {
        "installationId": "0120009939",
        "installationTxt": "Installation-ln",
        "inactive": "",
        "customerId": "0000202420",
        "customerTxt": "test cust. #3. 25APRSPOT-R3Check OSS corp. funct."
    },
    {
        "installationId": "0120059725",
        "installationTxt": "Testinstallation BW",
        "inactive": "",
        "customerId": "0000202419",
        "customerTxt": "SAPNet R/3-Frontend Test customer # LSDE"
    }
]