[
    {
        "internalId": "1",
        "changeOn": "2021-01-01T07:29:25.Z",
        "action": "Status",
        "oldValue": "Sent to SAP",
        "newValue": "Customer Action",
        "updateBy": "SAP Agent"
    },
    {
        "internalId": "2",
        "changeOn": "2021-01-01T07:29:26.Z",
        "action": "Memo/Text Changed",
        "oldValue": "-",
        "newValue": "Reply",
        "updateBy": "SAP Agent"
    },
    {
        "internalId": "3",
        "changeOn": "2021-02-01T07:29:27.Z",
        "action": "Memo/Text Changed",
        "oldValue": "-",
        "newValue": "Infor for Customer",
        "updateBy": "SAP Agent"
    },
    {
        "internalId": "4",
        "changeOn": "2021-01-01T07:29:28.Z",
        "action": "Status",
        "oldValue": "Sent to SAP",
        "newValue": "Customer Action",
        "updateBy": "SAP Agent"
    },
    {
        "internalId": "5",
        "changeOn": "2021-03-08T11:25:36.Z",
        "action": "Component",
        "oldValue": "-",
        "newValue": "CRM-ISA-UM",
        "updateBy": "Hans Ammer"
    },
    {
        "internalId": "6",
        "changeOn": "2021-03-08T11:25:39.Z",
        "action": "Incident Created",
        "oldValue": "-",
        "newValue": "0020751260 0000157460 2020 ",
        "updateBy": "Hans Ammer"
    },
    {
        "internalId": "7",
        "changeOn": "2021-03-10T06:10:10.Z",
        "action": "Status",
        "oldValue": "Not sent to SAP",
        "newValue": "Sent to SAP",
        "updateBy": "Hans Ammer"
    }
]
