[
  {
        "component": "0000034949",
        "system": "000000000740407221",
        "productFunctionPath": "",
        "pointer": "002075129200001872882022",
        "channelType": "SAM",
        "respArea": "00",
        "active": "A",
        "details": "{\"PART\":true,\"BOOKED\":false,\"OPEN_BOOK\":false,\"PRIO\":true,\"STATUS\":true,\"PROC\":true,\"PS\":true,\"SLOTS\":true}",
        "slots": "{\"Count\":155,\"Timezone\":\"EST\",\"TimezoneUTC\":\"UTC-4\",\"DAYS\":[{\"Date\":\"20220613\",\"WeekDay\":\"Monday\",\"Count\":16,\"SLOTS\":[{\"TimeStamp\":\"20220613070000\",\"StartTime\":\"03:00\",\"Timezone\":\"EST\"},{\"TimeStamp\":\"20220613073000\",\"StartTime\":\"03:30\",\"Timezone\":\"EST\"},{\"TimeStamp\":\"20220613080000\",\"StartTime\":\"04:00\",\"Timezone\":\"EST\"},{\"TimeStamp\":\"20220613083000\",\"StartTime\":\"04:30\",\"Timezone\":\"EST\"},{\"TimeStamp\":\"20220613090000\",\"StartTime\":\"05:00\",\"Timezone\":\"EST\"},{\"TimeStamp\":\"20220613093000\",\"StartTime\":\"05:30\",\"Timezone\":\"EST\"},{\"TimeStamp\":\"20220613100000\",\"StartTime\":\"06:00\",\"Timezone\":\"EST\"},{\"TimeStamp\":\"20220613103000\",\"StartTime\":\"06:30\",\"Timezone\":\"EST\"},{\"TimeStamp\":\"20220613110000\",\"StartTime\":\"07:00\",\"Timezone\":\"EST\"},{\"TimeStamp\":\"20220613113000\",\"StartTime\":\"07:30\",\"Timezone\":\"EST\"},{\"TimeStamp\":\"20220613120000\",\"StartTime\":\"08:00\",\"Timezone\":\"EST\"},{\"TimeStamp\":\"20220613123000\",\"StartTime\":\"08:30\",\"Timezone\":\"EST\"},{\"TimeStamp\":\"20220613130000\",\"StartTime\":\"09:00\",\"Timezone\":\"EST\"},{\"TimeStamp\":\"20220613133000\",\"StartTime\":\"09:30\",\"Timezone\":\"EST\"},{\"TimeStamp\":\"20220613140000\",\"StartTime\":\"10:00\",\"Timezone\":\"EST\"},{\"TimeStamp\":\"20220613143000\",\"StartTime\":\"10:30\",\"Timezone\":\"EST\"}]},{\"Date\":\"20220614\",\"WeekDay\":\"Tuesday\",\"Count\":16,\"SLOTS\":[{\"TimeStamp\":\"20220614070000\",\"StartTime\":\"03:00\",\"Timezone\":\"EST\"},{\"TimeStamp\":\"20220614073000\",\"StartTime\":\"03:30\",\"Timezone\":\"EST\"},{\"TimeStamp\":\"20220614080000\",\"StartTime\":\"04:00\",\"Timezone\":\"EST\"},{\"TimeStamp\":\"20220614083000\",\"StartTime\":\"04:30\",\"Timezone\":\"EST\"},{\"TimeStamp\":\"20220614090000\",\"StartTime\":\"05:00\",\"Timezone\":\"EST\"},{\"TimeStamp\":\"20220614093000\",\"StartTime\":\"05:30\",\"Timezone\":\"EST\"},{\"TimeStamp\":\"20220614100000\",\"StartTime\":\"06:00\",\"Timezone\":\"EST\"},{\"TimeStamp\":\"20220614103000\",\"StartTime\":\"06:30\",\"Timezone\":\"EST\"},{\"TimeStamp\":\"20220614110000\",\"StartTime\":\"07:00\",\"Timezone\":\"EST\"},{\"TimeStamp\":\"20220614113000\",\"StartTime\":\"07:30\",\"Timezone\":\"EST\"},{\"TimeStamp\":\"20220614120000\",\"StartTime\":\"08:00\",\"Timezone\":\"EST\"},{\"TimeStamp\":\"20220614123000\",\"StartTime\":\"08:30\",\"Timezone\":\"EST\"},{\"TimeStamp\":\"20220614130000\",\"StartTime\":\"09:00\",\"Timezone\":\"EST\"},{\"TimeStamp\":\"20220614133000\",\"StartTime\":\"09:30\",\"Timezone\":\"EST\"},{\"TimeStamp\":\"20220614140000\",\"StartTime\":\"10:00\",\"Timezone\":\"EST\"},{\"TimeStamp\":\"20220614143000\",\"StartTime\":\"10:30\",\"Timezone\":\"EST\"}]},{\"Date\":\"20220615\",\"WeekDay\":\"Wednesday\",\"Count\":14,\"SLOTS\":[{\"TimeStamp\":\"20220615080000\",\"StartTime\":\"04:00\",\"Timezone\":\"EST\"},{\"TimeStamp\":\"20220615083000\",\"StartTime\":\"04:30\",\"Timezone\":\"EST\"},{\"TimeStamp\":\"20220615090000\",\"StartTime\":\"05:00\",\"Timezone\":\"EST\"},{\"TimeStamp\":\"20220615093000\",\"StartTime\":\"05:30\",\"Timezone\":\"EST\"},{\"TimeStamp\":\"20220615100000\",\"StartTime\":\"06:00\",\"Timezone\":\"EST\"},{\"TimeStamp\":\"20220615103000\",\"StartTime\":\"06:30\",\"Timezone\":\"EST\"},{\"TimeStamp\":\"20220615110000\",\"StartTime\":\"07:00\",\"Timezone\":\"EST\"},{\"TimeStamp\":\"20220615113000\",\"StartTime\":\"07:30\",\"Timezone\":\"EST\"},{\"TimeStamp\":\"20220615120000\",\"StartTime\":\"08:00\",\"Timezone\":\"EST\"},{\"TimeStamp\":\"20220615123000\",\"StartTime\":\"08:30\",\"Timezone\":\"EST\"},{\"TimeStamp\":\"20220615130000\",\"StartTime\":\"09:00\",\"Timezone\":\"EST\"},{\"TimeStamp\":\"20220615133000\",\"StartTime\":\"09:30\",\"Timezone\":\"EST\"},{\"TimeStamp\":\"20220615140000\",\"StartTime\":\"10:00\",\"Timezone\":\"EST\"},{\"TimeStamp\":\"20220615143000\",\"StartTime\":\"10:30\",\"Timezone\":\"EST\"}]},{\"Date\":\"20220616\",\"WeekDay\":\"Thursday\",\"Count\":16,\"SLOTS\":[{\"TimeStamp\":\"20220616070000\",\"StartTime\":\"03:00\",\"Timezone\":\"EST\"},{\"TimeStamp\":\"20220616073000\",\"StartTime\":\"03:30\",\"Timezone\":\"EST\"},{\"TimeStamp\":\"20220616080000\",\"StartTime\":\"04:00\",\"Timezone\":\"EST\"},{\"TimeStamp\":\"20220616083000\",\"StartTime\":\"04:30\",\"Timezone\":\"EST\"},{\"TimeStamp\":\"20220616090000\",\"StartTime\":\"05:00\",\"Timezone\":\"EST\"},{\"TimeStamp\":\"20220616093000\",\"StartTime\":\"05:30\",\"Timezone\":\"EST\"},{\"TimeStamp\":\"20220616100000\",\"StartTime\":\"06:00\",\"Timezone\":\"EST\"},{\"TimeStamp\":\"20220616103000\",\"StartTime\":\"06:30\",\"Timezone\":\"EST\"},{\"TimeStamp\":\"20220616110000\",\"StartTime\":\"07:00\",\"Timezone\":\"EST\"},{\"TimeStamp\":\"20220616113000\",\"StartTime\":\"07:30\",\"Timezone\":\"EST\"},{\"TimeStamp\":\"20220616120000\",\"StartTime\":\"08:00\",\"Timezone\":\"EST\"},{\"TimeStamp\":\"20220616123000\",\"StartTime\":\"08:30\",\"Timezone\":\"EST\"},{\"TimeStamp\":\"20220616130000\",\"StartTime\":\"09:00\",\"Timezone\":\"EST\"},{\"TimeStamp\":\"20220616133000\",\"StartTime\":\"09:30\",\"Timezone\":\"EST\"},{\"TimeStamp\":\"20220616140000\",\"StartTime\":\"10:00\",\"Timezone\":\"EST\"},{\"TimeStamp\":\"20220616143000\",\"StartTime\":\"10:30\",\"Timezone\":\"EST\"}]},{\"Date\":\"20220617\",\"WeekDay\":\"Friday\",\"Count\":16,\"SLOTS\":[{\"TimeStamp\":\"20220617070000\",\"StartTime\":\"03:00\",\"Timezone\":\"EST\"},{\"TimeStamp\":\"20220617073000\",\"StartTime\":\"03:30\",\"Timezone\":\"EST\"},{\"TimeStamp\":\"20220617080000\",\"StartTime\":\"04:00\",\"Timezone\":\"EST\"},{\"TimeStamp\":\"20220617083000\",\"StartTime\":\"04:30\",\"Timezone\":\"EST\"},{\"TimeStamp\":\"20220617090000\",\"StartTime\":\"05:00\",\"Timezone\":\"EST\"},{\"TimeStamp\":\"20220617093000\",\"StartTime\":\"05:30\",\"Timezone\":\"EST\"},{\"TimeStamp\":\"20220617100000\",\"StartTime\":\"06:00\",\"Timezone\":\"EST\"},{\"TimeStamp\":\"20220617103000\",\"StartTime\":\"06:30\",\"Timezone\":\"EST\"},{\"TimeStamp\":\"20220617110000\",\"StartTime\":\"07:00\",\"Timezone\":\"EST\"},{\"TimeStamp\":\"20220617113000\",\"StartTime\":\"07:30\",\"Timezone\":\"EST\"},{\"TimeStamp\":\"20220617120000\",\"StartTime\":\"08:00\",\"Timezone\":\"EST\"},{\"TimeStamp\":\"20220617123000\",\"StartTime\":\"08:30\",\"Timezone\":\"EST\"},{\"TimeStamp\":\"20220617130000\",\"StartTime\":\"09:00\",\"Timezone\":\"EST\"},{\"TimeStamp\":\"20220617133000\",\"StartTime\":\"09:30\",\"Timezone\":\"EST\"},{\"TimeStamp\":\"20220617140000\",\"StartTime\":\"10:00\",\"Timezone\":\"EST\"},{\"TimeStamp\":\"20220617143000\",\"StartTime\":\"10:30\",\"Timezone\":\"EST\"}]},{\"Date\":\"20220620\",\"WeekDay\":\"Monday\",\"Count\":16,\"SLOTS\":[{\"TimeStamp\":\"20220620070000\",\"StartTime\":\"03:00\",\"Timezone\":\"EST\"},{\"TimeStamp\":\"20220620073000\",\"StartTime\":\"03:30\",\"Timezone\":\"EST\"},{\"TimeStamp\":\"20220620080000\",\"StartTime\":\"04:00\",\"Timezone\":\"EST\"},{\"TimeStamp\":\"20220620083000\",\"StartTime\":\"04:30\",\"Timezone\":\"EST\"},{\"TimeStamp\":\"20220620090000\",\"StartTime\":\"05:00\",\"Timezone\":\"EST\"},{\"TimeStamp\":\"20220620093000\",\"StartTime\":\"05:30\",\"Timezone\":\"EST\"},{\"TimeStamp\":\"20220620100000\",\"StartTime\":\"06:00\",\"Timezone\":\"EST\"},{\"TimeStamp\":\"20220620103000\",\"StartTime\":\"06:30\",\"Timezone\":\"EST\"},{\"TimeStamp\":\"20220620110000\",\"StartTime\":\"07:00\",\"Timezone\":\"EST\"},{\"TimeStamp\":\"20220620113000\",\"StartTime\":\"07:30\",\"Timezone\":\"EST\"},{\"TimeStamp\":\"20220620120000\",\"StartTime\":\"08:00\",\"Timezone\":\"EST\"},{\"TimeStamp\":\"20220620123000\",\"StartTime\":\"08:30\",\"Timezone\":\"EST\"},{\"TimeStamp\":\"20220620130000\",\"StartTime\":\"09:00\",\"Timezone\":\"EST\"},{\"TimeStamp\":\"20220620133000\",\"StartTime\":\"09:30\",\"Timezone\":\"EST\"},{\"TimeStamp\":\"20220620140000\",\"StartTime\":\"10:00\",\"Timezone\":\"EST\"},{\"TimeStamp\":\"20220620143000\",\"StartTime\":\"10:30\",\"Timezone\":\"EST\"}]},{\"Date\":\"20220621\",\"WeekDay\":\"Tuesday\",\"Count\":16,\"SLOTS\":[{\"TimeStamp\":\"20220621070000\",\"StartTime\":\"03:00\",\"Timezone\":\"EST\"},{\"TimeStamp\":\"20220621073000\",\"StartTime\":\"03:30\",\"Timezone\":\"EST\"},{\"TimeStamp\":\"20220621080000\",\"StartTime\":\"04:00\",\"Timezone\":\"EST\"},{\"TimeStamp\":\"20220621083000\",\"StartTime\":\"04:30\",\"Timezone\":\"EST\"},{\"TimeStamp\":\"20220621090000\",\"StartTime\":\"05:00\",\"Timezone\":\"EST\"},{\"TimeStamp\":\"20220621093000\",\"StartTime\":\"05:30\",\"Timezone\":\"EST\"},{\"TimeStamp\":\"20220621100000\",\"StartTime\":\"06:00\",\"Timezone\":\"EST\"},{\"TimeStamp\":\"20220621103000\",\"StartTime\":\"06:30\",\"Timezone\":\"EST\"},{\"TimeStamp\":\"20220621110000\",\"StartTime\":\"07:00\",\"Timezone\":\"EST\"},{\"TimeStamp\":\"20220621113000\",\"StartTime\":\"07:30\",\"Timezone\":\"EST\"},{\"TimeStamp\":\"20220621120000\",\"StartTime\":\"08:00\",\"Timezone\":\"EST\"},{\"TimeStamp\":\"20220621123000\",\"StartTime\":\"08:30\",\"Timezone\":\"EST\"},{\"TimeStamp\":\"20220621130000\",\"StartTime\":\"09:00\",\"Timezone\":\"EST\"},{\"TimeStamp\":\"20220621133000\",\"StartTime\":\"09:30\",\"Timezone\":\"EST\"},{\"TimeStamp\":\"20220621140000\",\"StartTime\":\"10:00\",\"Timezone\":\"EST\"},{\"TimeStamp\":\"20220621143000\",\"StartTime\":\"10:30\",\"Timezone\":\"EST\"}]},{\"Date\":\"20220622\",\"WeekDay\":\"Wednesday\",\"Count\":13,\"SLOTS\":[{\"TimeStamp\":\"20220622070000\",\"StartTime\":\"03:00\",\"Timezone\":\"EST\"},{\"TimeStamp\":\"20220622073000\",\"StartTime\":\"03:30\",\"Timezone\":\"EST\"},{\"TimeStamp\":\"20220622080000\",\"StartTime\":\"04:00\",\"Timezone\":\"EST\"},{\"TimeStamp\":\"20220622083000\",\"StartTime\":\"04:30\",\"Timezone\":\"EST\"},{\"TimeStamp\":\"20220622090000\",\"StartTime\":\"05:00\",\"Timezone\":\"EST\"},{\"TimeStamp\":\"20220622110000\",\"StartTime\":\"07:00\",\"Timezone\":\"EST\"},{\"TimeStamp\":\"20220622113000\",\"StartTime\":\"07:30\",\"Timezone\":\"EST\"},{\"TimeStamp\":\"20220622120000\",\"StartTime\":\"08:00\",\"Timezone\":\"EST\"},{\"TimeStamp\":\"20220622123000\",\"StartTime\":\"08:30\",\"Timezone\":\"EST\"},{\"TimeStamp\":\"20220622130000\",\"StartTime\":\"09:00\",\"Timezone\":\"EST\"},{\"TimeStamp\":\"20220622133000\",\"StartTime\":\"09:30\",\"Timezone\":\"EST\"},{\"TimeStamp\":\"20220622140000\",\"StartTime\":\"10:00\",\"Timezone\":\"EST\"},{\"TimeStamp\":\"20220622143000\",\"StartTime\":\"10:30\",\"Timezone\":\"EST\"}]},{\"Date\":\"20220623\",\"WeekDay\":\"Thursday\",\"Count\":16,\"SLOTS\":[{\"TimeStamp\":\"20220623070000\",\"StartTime\":\"03:00\",\"Timezone\":\"EST\"},{\"TimeStamp\":\"20220623073000\",\"StartTime\":\"03:30\",\"Timezone\":\"EST\"},{\"TimeStamp\":\"20220623080000\",\"StartTime\":\"04:00\",\"Timezone\":\"EST\"},{\"TimeStamp\":\"20220623083000\",\"StartTime\":\"04:30\",\"Timezone\":\"EST\"},{\"TimeStamp\":\"20220623090000\",\"StartTime\":\"05:00\",\"Timezone\":\"EST\"},{\"TimeStamp\":\"20220623093000\",\"StartTime\":\"05:30\",\"Timezone\":\"EST\"},{\"TimeStamp\":\"20220623100000\",\"StartTime\":\"06:00\",\"Timezone\":\"EST\"},{\"TimeStamp\":\"20220623103000\",\"StartTime\":\"06:30\",\"Timezone\":\"EST\"},{\"TimeStamp\":\"20220623110000\",\"StartTime\":\"07:00\",\"Timezone\":\"EST\"},{\"TimeStamp\":\"20220623113000\",\"StartTime\":\"07:30\",\"Timezone\":\"EST\"},{\"TimeStamp\":\"20220623120000\",\"StartTime\":\"08:00\",\"Timezone\":\"EST\"},{\"TimeStamp\":\"20220623123000\",\"StartTime\":\"08:30\",\"Timezone\":\"EST\"},{\"TimeStamp\":\"20220623130000\",\"StartTime\":\"09:00\",\"Timezone\":\"EST\"},{\"TimeStamp\":\"20220623133000\",\"StartTime\":\"09:30\",\"Timezone\":\"EST\"},{\"TimeStamp\":\"20220623140000\",\"StartTime\":\"10:00\",\"Timezone\":\"EST\"},{\"TimeStamp\":\"20220623143000\",\"StartTime\":\"10:30\",\"Timezone\":\"EST\"}]},{\"Date\":\"20220624\",\"WeekDay\":\"Friday\",\"Count\":16,\"SLOTS\":[{\"TimeStamp\":\"20220624070000\",\"StartTime\":\"03:00\",\"Timezone\":\"EST\"},{\"TimeStamp\":\"20220624073000\",\"StartTime\":\"03:30\",\"Timezone\":\"EST\"},{\"TimeStamp\":\"20220624080000\",\"StartTime\":\"04:00\",\"Timezone\":\"EST\"},{\"TimeStamp\":\"20220624083000\",\"StartTime\":\"04:30\",\"Timezone\":\"EST\"},{\"TimeStamp\":\"20220624090000\",\"StartTime\":\"05:00\",\"Timezone\":\"EST\"},{\"TimeStamp\":\"20220624093000\",\"StartTime\":\"05:30\",\"Timezone\":\"EST\"},{\"TimeStamp\":\"20220624100000\",\"StartTime\":\"06:00\",\"Timezone\":\"EST\"},{\"TimeStamp\":\"20220624103000\",\"StartTime\":\"06:30\",\"Timezone\":\"EST\"},{\"TimeStamp\":\"20220624110000\",\"StartTime\":\"07:00\",\"Timezone\":\"EST\"},{\"TimeStamp\":\"20220624113000\",\"StartTime\":\"07:30\",\"Timezone\":\"EST\"},{\"TimeStamp\":\"20220624120000\",\"StartTime\":\"08:00\",\"Timezone\":\"EST\"},{\"TimeStamp\":\"20220624123000\",\"StartTime\":\"08:30\",\"Timezone\":\"EST\"},{\"TimeStamp\":\"20220624130000\",\"StartTime\":\"09:00\",\"Timezone\":\"EST\"},{\"TimeStamp\":\"20220624133000\",\"StartTime\":\"09:30\",\"Timezone\":\"EST\"},{\"TimeStamp\":\"20220624140000\",\"StartTime\":\"10:00\",\"Timezone\":\"EST\"},{\"TimeStamp\":\"20220624143000\",\"StartTime\":\"10:30\",\"Timezone\":\"EST\"}]}]}",
        "bookingGuid": "00000000-0000-0000-0000-000000000000",
        "timezone": "EST",
        "incidentTitle": "TEST incident Linda 5 / SAP Delivered Support (EUDP)"
  }
]
