[
    {
        "pointer": "002075125200001638722022",
        "updatedAt": 1666865709000,
        "createdAt": 1671774791000,
        "customerId": "0001208936",
        "source": "011",
        "installationId": "0020659687",
        "lastUpdate": "",
        "priorityId": "3",
        "reporterId": "S0009460456",
        "respITSM": "SNO",
        "statusId": "S",
        "systemId": "AP1"
    },
    {
        "pointer": "002075125200001682572022",
        "updatedAt": 1667811300000,
        "createdAt": 1667811300000,
        "customerId": "0001208936",
        "source": "011",
        "installationId": "0020659687",
        "lastUpdate": "",
        "priorityId": "3",
        "reporterId": "S0009460456",
        "respITSM": "SNO",
        "statusId": "C",
        "systemId": "CD1"
    },
    {
        "pointer": "002075125200001967172022",
        "updatedAt": 1670582658000,
        "createdAt": 1670582544000,
        "customerId": "0001208936",
        "source": "011",
        "installationId": "0020659687",
        "lastUpdate": "",
        "priorityId": "1",
        "reporterId": "S0009460456",
        "respITSM": "",
        "statusId": "C",
        "systemId": "SEM"
    },
    {
        "pointer": "002075125200001969052022",
        "updatedAt": 1670593532000,
        "createdAt": 1670593443000,
        "customerId": "0001208936",
        "source": "011",
        "installationId": "0020659687",
        "lastUpdate": "",
        "priorityId": "1",
        "reporterId": "S0009460456",
        "respITSM": "",
        "statusId": "C",
        "systemId": "SEM"
    },
    {
        "pointer": "002075125200001969062022",
        "updatedAt": 1670595382000,
        "createdAt": 1670595263000,
        "customerId": "0001208936",
        "source": "LOCAL",
        "installationId": "0020659687",
        "lastUpdate": "",
        "priorityId": "3",
        "reporterId": "S0009460456",
        "respITSM": "",
        "statusId": "S",
        "systemId": "AP1"
    }
]