{
    "nodeId": 53,
    "title": "FlowConnect_Buyer_API_Q8",
    "displayText": "<p class=\"GuidedAssistanceQuestion\">What action are you trying to take?</p>",
    "responses": [
        {
            "label": "End point configuration",
            "target": 24,
            "order": 1
        },
        {
            "label": "Enable web services",
            "target": 25,
            "order": 1
        },
        {
            "label": "Generate WSDL",
            "target": 27,
            "order": 1
        },
        {
            "label": "Configure Fields in the WSDL",
            "target": 28,
            "order": 1
        },
        {
            "label": "Disable web services",
            "target": 29,
            "order": 1
        }
    ]
}