[
    {
        "pointer": "6",
        "incidentNumber": "5569090/2023",
        "source": "LOCAL",
        "statusId": "N",
        "lastUpdate": "ALL",
        "priorityId": "4",
        "createdAt": 1690315040000,
        "updatedAt": 1706508271000,
        "installationId": "0090534436",
        "systemNumber": "000000000850613477",
        "customerId": "0001208936",
        "reporterId": "S0025151530",
        "sapNumber": "5569090",
        "sapYear": "2023",
        "subject": "sync act plan resolve",
        "respITSM": "SNO",
        "statusTxt": "Partner-Customer Action",
        "priorityTxt": "Low",
        "installationTxt": "0090534436 - ERP",
        "systemId": "SFA",
        "systemTxt": "SFA - sfs ",
        "componentId": "0000063819",
        "componentKey": "XX-PART-TST-PIP-PRD",
        "componentTxt": "TEST ONLY - PIP",
        "reporterTxt": "Tester A HCSM",
        "customerTxt": "1208936 - SAP Test Account - aPaul Pharma Test-Account AGS Data Quality",
        "creationDate": "2023.07.25",
        "creationTime": "19:57:20",
        "createdBy": "WCQ_PI",
        "updateDate": "2024.01.29",
        "updateTime": "06:04:31",
        "autoConfirmDateTxt": "2125.05.26",
        "autoConfirmDate": "21250526",
        "productId": "",
        "productTxt": "",
        "userTimezone": "UT+103",
        "isFavorite": true,
        "serviceType": "K",
        "aaEPDraftFlag": "",
        "aaEPQuesStatus": "",
        "aaEPSessStatus": "",
        "quesDateCreated": "",
        "quesExpirationDate": "",
        "searchTerm": ""
    },
    {
        "pointer": "5",
        "incidentNumber": "5662395/2024",
        "source": "LOCAL",
        "statusId": "5",
        "lastUpdate": "ALL",
        "priorityId": "4",
        "createdAt": 1706508249000,
        "updatedAt": 1706508254000,
        "installationId": "0020659001",
        "systemNumber": "000000000312340313",
        "customerId": "0001208936",
        "reporterId": "S0008363031",
        "sapNumber": "5662395",
        "sapYear": "2024",
        "subject": "CSM portal access testing",
        "respITSM": "SNO",
        "statusTxt": "Customer Action",
        "priorityTxt": "Low",
        "installationTxt": "0020659001 - Installation AH1",
        "systemId": "ZZZ",
        "systemTxt": "ZZZ - R322 ",
        "componentId": "109552",
        "componentKey": "XX-SER-ITSM-TEST",
        "componentTxt": "ITSM internal testing component for active system is Now",
        "reporterTxt": "Sissi Elisabeth Prokesch",
        "customerTxt": "1208936 - SAP Test Account - aPaul Pharma Test-Account AGS Data Quality",
        "creationDate": "2024.01.29",
        "creationTime": "06:04:09",
        "createdBy": "WCQ_PI",
        "updateDate": "2024.01.29",
        "updateTime": "06:04:14",
        "autoConfirmDateTxt": "2025.02.27",
        "autoConfirmDate": "20250227",
        "productId": "",
        "productTxt": "",
        "userTimezone": "UT+103",
        "isFavorite": false,
        "serviceType": "K",
        "aaEPDraftFlag": "",
        "aaEPQuesStatus": "",
        "aaEPSessStatus": "",
        "quesDateCreated": "",
        "quesExpirationDate": "",
        "searchTerm": ""
    },
    {
        "pointer": "4",
        "incidentNumber": "7682/2024",
        "source": "LOCAL",
        "statusId": "C",
        "lastUpdate": "ALL",
        "priorityId": "3",
        "createdAt": 1706720391000,
        "updatedAt": 1706720391000,
        "installationId": "0020659687",
        "systemNumber": "000000000850641080",
        "customerId": "0001208936",
        "reporterId": "S0018132425",
        "sapNumber": "7682",
        "sapYear": "2024",
        "subject": "testwrewr",
        "respITSM": "SNO",
        "statusTxt": "Sent to SAP",
        "priorityTxt": "Medium",
        "installationTxt": "0020659687 - ERP Standard Support",
        "systemId": "A31",
        "systemTxt": "A31 -  ",
        "componentId": "BC-ADM-PRN",
        "componentKey": "BC-CCM-PRN",
        "componentTxt": "Print and Output Management",
        "reporterTxt": "Test Hybrid",
        "customerTxt": "1208936 - SAP Test Account - aPaul Pharma Test-Account AGS Data Quality",
        "creationDate": "2024.01.31",
        "creationTime": "16:59:51",
        "createdBy": "S0018132425",
        "updateDate": "2024.01.31",
        "updateTime": "16:59:51",
        "autoConfirmDateTxt": "",
        "autoConfirmDate": "",
        "productId": "01200615320800000659",
        "productTxt": "",
        "userTimezone": "UT+103",
        "isFavorite": false,
        "serviceType": "K",
        "aaEPDraftFlag": "",
        "aaEPQuesStatus": "",
        "aaEPSessStatus": "",
        "quesDateCreated": "",
        "quesExpirationDate": "",
        "searchTerm": ""
    },
    {
        "pointer": "3",
        "incidentNumber": "5621644/2023",
        "source": "LOCAL",
        "statusId": "S",
        "lastUpdate": "ALL",
        "priorityId": "1",
        "createdAt": 1699440637000,
        "updatedAt": 1706571056000,
        "installationId": "0020659687",
        "systemNumber": "000000000850641080",
        "customerId": "0001208936",
        "reporterId": "S0025377598",
        "sapNumber": "5621644",
        "sapYear": "2023",
        "subject": "test short descipriton",
        "respITSM": "SNO",
        "statusTxt": "In Processing by SAP",
        "priorityTxt": "Very High",
        "installationTxt": "0020659687 - ERP Standard Support",
        "systemId": "A31",
        "systemTxt": "A31 -  ",
        "componentId": "FI-GL-GL-A",
        "componentKey": "FI-GL-GL-A",
        "componentTxt": "Posting/Clearing",
        "reporterTxt": "Syed Azimuddin",
        "customerTxt": "1208936 - SAP Test Account - aPaul Pharma Test-Account AGS Data Quality",
        "creationDate": "2023.11.08",
        "creationTime": "10:50:37",
        "createdBy": "WCQ_PI",
        "updateDate": "2024.01.29",
        "updateTime": "23:30:56",
        "autoConfirmDateTxt": "",
        "autoConfirmDate": "",
        "productId": "01200615320800000659",
        "productTxt": "",
        "userTimezone": "UT+103",
        "isFavorite": false,
        "serviceType": "K",
        "aaEPDraftFlag": "",
        "aaEPQuesStatus": "",
        "aaEPSessStatus": "",
        "quesDateCreated": "",
        "quesExpirationDate": "",
        "searchTerm": ""
    },
    {
        "pointer": "2",
        "incidentNumber": "5661862/2024",
        "source": "LOCAL",
        "statusId": "3",
        "lastUpdate": "ALL",
        "priorityId": "4",
        "createdAt": 1706345101000,
        "updatedAt": 1706345178000,
        "installationId": "0090384229",
        "systemNumber": "000000000740385547",
        "customerId": "0001208936",
        "reporterId": "S0025151530",
        "sapNumber": "5661862",
        "sapYear": "2024",
        "subject": "Case with deployed item cloud system role=S4_PC",
        "respITSM": "SNO",
        "statusTxt": "SAP Proposed Solution",
        "priorityTxt": "Low",
        "installationTxt": "0090384229 - SAP HYBRIS MARKETING CLOUD",
        "systemId": "S4_Sapp",
        "systemTxt": "S4_Sapp - my4096255.s4hana !&! Changed by<D043759> ",
        "componentId": "103730",
        "componentKey": "CA-DI-CP-PE-CNT",
        "componentTxt": "Pipeline Engine - vFlow Content",
        "reporterTxt": "Tester A HCSM",
        "customerTxt": "1208936 - SAP Test Account - aPaul Pharma Test-Account AGS Data Quality",
        "creationDate": "2024.01.27",
        "creationTime": "08:45:01",
        "createdBy": "WCQ_PI",
        "updateDate": "2024.01.27",
        "updateTime": "08:46:18",
        "autoConfirmDateTxt": "2024.02.25",
        "autoConfirmDate": "20240225",
        "productId": "67837800100800007389",
        "productTxt": "",
        "userTimezone": "UT+103",
        "isFavorite": false,
        "serviceType": "K",
        "aaEPDraftFlag": "",
        "aaEPQuesStatus": "",
        "aaEPSessStatus": "",
        "quesDateCreated": "",
        "quesExpirationDate": "",
        "searchTerm": ""
    },
    {
        "pointer": "1",
        "incidentNumber": "5661628/2024",
        "source": "LOCAL",
        "statusId": "R",
        "lastUpdate": "ALL",
        "priorityId": "1",
        "createdAt": 1706321774000,
        "updatedAt": 1706321896000,
        "installationId": "0020727367",
        "systemNumber": "000000000850042348",
        "customerId": "0001208936",
        "reporterId": "S0025151530",
        "sapNumber": "5661628",
        "sapYear": "2024",
        "subject": "Case with contract types ES,MA,PSLA",
        "respITSM": "SNO",
        "statusTxt": "Pending Release",
        "priorityTxt": "Very High",
        "installationTxt": "0020727367 - ERP ESupport",
        "systemId": "DDD",
        "systemTxt": "DDD -  ",
        "componentId": "109552",
        "componentKey": "XX-SER-ITSM-TEST",
        "componentTxt": "ITSM internal testing component for active system is Now",
        "reporterTxt": "Tester A HCSM",
        "customerTxt": "1208936 - SAP Test Account - aPaul Pharma Test-Account AGS Data Quality",
        "creationDate": "2024.01.27",
        "creationTime": "02:16:14",
        "createdBy": "WCQ_PI",
        "updateDate": "2024.01.27",
        "updateTime": "02:18:16",
        "autoConfirmDateTxt": "",
        "autoConfirmDate": "",
        "productId": "",
        "productTxt": "",
        "userTimezone": "UT+103",
        "isFavorite": false,
        "serviceType": "K",
        "aaEPDraftFlag": "",
        "aaEPQuesStatus": "",
        "aaEPSessStatus": "",
        "quesDateCreated": "",
        "quesExpirationDate": "",
        "searchTerm": ""
    },
    {
        "pointer": "0",
        "incidentNumber": "5661871/2024",
        "source": "LOCAL",
        "statusId": "M",
        "lastUpdate": "ALL",
        "priorityId": "3",
        "createdAt": 1706345469000,
        "updatedAt": 1706345523000,
        "installationId": "0090119095",
        "systemNumber": "000000000740172620",
        "customerId": "0001208936",
        "reporterId": "S0025151530",
        "sapNumber": "5661871",
        "sapYear": "2024",
        "subject": "ATF_Test",
        "respITSM": "SNO",
        "statusTxt": "Sent to SAP Partner",
        "priorityTxt": "Medium",
        "installationTxt": "0090119095 - SFSF - Edit",
        "systemId": "pc12lp60",
        "systemTxt": "SAP SuccessFactors Learning 2211 / MyProduction",
        "componentId": "108084",
        "componentKey": "XX-PART-IBS-TAC",
        "componentTxt": "iBS Test Automation Center",
        "reporterTxt": "Tester A HCSM",
        "customerTxt": "1208936 - SAP Test Account - aPaul Pharma Test-Account AGS Data Quality",
        "creationDate": "2024.01.27",
        "creationTime": "08:51:09",
        "createdBy": "WCQ_PI",
        "updateDate": "2024.01.27",
        "updateTime": "08:52:03",
        "autoConfirmDateTxt": "",
        "autoConfirmDate": "",
        "productId": "67837800100800006334",
        "productTxt": "",
        "userTimezone": "UT+103",
        "isFavorite": false,
        "serviceType": "K",
        "aaEPDraftFlag": "",
        "aaEPQuesStatus": "",
        "aaEPSessStatus": "",
        "quesDateCreated": "",
        "quesExpirationDate": "",
        "searchTerm": ""
    }
]
