[
    {
        "pointer": "1",
        "incidentID": "002024211700000161142022",
        "productKey": null,
        "system": null,
        "subject": "teste",
        "status": "Customer Action",
        "statusKey": 1,
        "reporterProfilePictureURL": null,
        "reporter": "S0009460456",
        "isReportedByMe": true,
        "priorityKey": 1,
        "priorityText": "Very High",
        "lastChanged": "2021-08-05T09:01:35Z",
        "source": "ONPREM"
    },
    {
        "pointer": "2",
        "incidentID": "002028376700009434022021",
        "productKey": null,
        "system": null,
        "subject": "teste",
        "status": "Customer Action",
        "statusKey": 1,
        "reporterProfilePictureURL": null,
        "reporter": "S0009460456",
        "isReportedByMe": true,
        "priorityKey": 1,
        "priorityText": "Very High",
        "lastChanged": "2021-08-05T09:01:35Z",
        "source": "ONPREM"
    },
    {
        "pointer": "3",
        "incidentID": "002028376000000092702018",
        "productKey": null,
        "system": null,
        "subject": "New Editor -43 A32uto generated by Cust Inc Factory",
        "status": "Sent to SAP",
        "statusKey": 2,
        "reporterProfilePictureURL": null,
        "reporter": "",
        "isReportedByMe": false,
        "priorityKey": 1,
        "priorityText": "Very High",
        "lastChanged": "2018-05-07T08:59:36Z",
        "source": "ONPREM"
    },
    {
        "pointer": "4",
        "incidentID": "002028376000000120392018",
        "productKey": null,
        "system": null,
        "subject": "New Editor - Auto generated by Cust Inc Factory",
        "status": "Sent to SAP",
        "statusKey": 2,
        "reporterProfilePictureURL": null,
        "reporter": "",
        "isReportedByMe": false,
        "priorityKey": 1,
        "priorityText": "Very High",
        "lastChanged": "2018-07-11T22:11:00Z",
        "source": "ONPREM"
    },
    {
        "pointer": "5",
        "incidentID": "002028376000000120402018",
        "productKey": null,
        "system": null,
        "subject": "New Editor - Auto generated by Cust Inc Factory",
        "status": "Sent to SAP",
        "statusKey": 2,
        "reporterProfilePictureURL": null,
        "reporter": "",
        "isReportedByMe": false,
        "priorityKey": 1,
        "priorityText": "Very High",
        "lastChanged": "2018-06-14T22:43:37Z",
        "source": "ONPREM"
    },
    {
        "pointer": "6",
        "incidentID": "002028376000000170472018",
        "productKey": null,
        "system": null,
        "subject": "New Editor - Auto generated by Cust Inc Factory",
        "status": "In Processing by SAP",
        "statusKey": 2,
        "reporterProfilePictureURL": null,
        "reporter": "",
        "isReportedByMe": false,
        "priorityKey": 1,
        "priorityText": "Very High",
        "lastChanged": "2018-08-21T08:29:50Z",
        "source": "ONPREM"
    },
    {
        "pointer": "7",
        "incidentID": "002028376000000171272018",
        "productKey": null,
        "system": null,
        "subject": "New Editor - Auto generated by Cust Inc Factory",
        "status": "In Processing by SAP",
        "statusKey": 2,
        "reporterProfilePictureURL": null,
        "reporter": "",
        "isReportedByMe": false,
        "priorityKey": 1,
        "priorityText": "Very High",
        "lastChanged": "2018-08-29T02:05:36Z",
        "source": "ONPREM"
    },
    {
        "pointer": "8",
        "incidentID": "002028376000000171642020",
        "productKey": null,
        "system": null,
        "subject": "[@UT]::New Editor - Auto generated by Cust Inc Factory",
        "status": "Sent to SAP",
        "statusKey": 2,
        "reporterProfilePictureURL": null,
        "reporter": "",
        "isReportedByMe": false,
        "priorityKey": 1,
        "priorityText": "Very High",
        "lastChanged": "2020-07-30T03:00:17Z",
        "source": "ONPREM"
    },
    {
        "pointer": "9",
        "incidentID": "002028376000000178592018",
        "productKey": null,
        "system": null,
        "subject": "New Editor - Auto generated by Cust Inc Factory",
        "status": "In Processing by SAP",
        "statusKey": 2,
        "reporterProfilePictureURL": null,
        "reporter": "",
        "isReportedByMe": false,
        "priorityKey": 1,
        "priorityText": "Very High",
        "lastChanged": "2018-08-31T04:47:37Z",
        "source": "ONPREM"
    },
    {
        "pointer": "10",
        "incidentID": "002028376000000188692018",
        "productKey": null,
        "system": null,
        "subject": "New Editor - Auto generated by Cust Inc Factory",
        "status": "Sent to SAP",
        "statusKey": 2,
        "reporterProfilePictureURL": null,
        "reporter": "",
        "isReportedByMe": false,
        "priorityKey": 1,
        "priorityText": "Very High",
        "lastChanged": "2018-10-10T13:26:19Z",
        "source": "ONPREM"
    },
    {
        "pointer": "11",
        "incidentID": "002028376000000193772018",
        "productKey": null,
        "system": null,
        "subject": "New Editor - Auto generated by Cust Inc Factory",
        "status": "Sent to SAP",
        "statusKey": 2,
        "reporterProfilePictureURL": null,
        "reporter": "",
        "isReportedByMe": false,
        "priorityKey": 1,
        "priorityText": "Very High",
        "lastChanged": "2018-10-08T08:50:07Z",
        "source": "ONPREM"
    },
    {
        "pointer": "12",
        "incidentID": "002028376000000205082018",
        "productKey": null,
        "system": null,
        "subject": "New Editor - Auto generated by Cust Inc Factory",
        "status": "Sent to SAP",
        "statusKey": 2,
        "reporterProfilePictureURL": null,
        "reporter": "",
        "isReportedByMe": false,
        "priorityKey": 1,
        "priorityText": "Very High",
        "lastChanged": "2018-10-10T02:25:19Z",
        "source": "ONPREM"
    },
    {
        "pointer": "13",
        "incidentID": "002028376000000205122018",
        "productKey": null,
        "system": null,
        "subject": "New Editor - Auto generated by Cust Inc Factory",
        "status": "Sent to SAP",
        "statusKey": 2,
        "reporterProfilePictureURL": null,
        "reporter": "",
        "isReportedByMe": false,
        "priorityKey": 1,
        "priorityText": "Very High",
        "lastChanged": "2018-10-10T02:26:19Z",
        "source": "ONPREM"
    },
    {
        "pointer": "14",
        "incidentID": "002028376000000331132019",
        "productKey": null,
        "system": null,
        "subject": "[@UT]::New Editor - Auto generated by Cust Inc Factory",
        "status": "Sent to SAP",
        "statusKey": 2,
        "reporterProfilePictureURL": null,
        "reporter": "",
        "isReportedByMe": false,
        "priorityKey": 1,
        "priorityText": "Very High",
        "lastChanged": "2019-10-18T09:17:44Z",
        "source": "ONPREM"
    },
    {
        "pointer": "15",
        "incidentID": "002028376700000118972019",
        "productKey": null,
        "system": null,
        "subject": "i069451-0618- On-behalf case",
        "status": "Sent to SAP",
        "statusKey": 2,
        "reporterProfilePictureURL": null,
        "reporter": "S0009460456",
        "isReportedByMe": true,
        "priorityKey": 1,
        "priorityText": "Very High",
        "lastChanged": "2019-06-18T06:17:25Z",
        "source": "ONPREM"
    },
    {
        "pointer": "16",
        "incidentID": "002028376700000119272019",
        "productKey": null,
        "system": null,
        "subject": "ATF: create a VH case, EUDP flagged",
        "status": "Sent to SAP",
        "statusKey": 2,
        "reporterProfilePictureURL": null,
        "reporter": "S0009460456",
        "isReportedByMe": true,
        "priorityKey": 1,
        "priorityText": "Very High",
        "lastChanged": "2019-06-18T07:01:43Z",
        "source": "ONPREM"
    },
    {
        "pointer": "17",
        "incidentID": "002028376700000122592019",
        "productKey": null,
        "system": null,
        "subject": "g",
        "status": "Sent to SAP",
        "statusKey": 2,
        "reporterProfilePictureURL": null,
        "reporter": "",
        "isReportedByMe": false,
        "priorityKey": 1,
        "priorityText": "Very High",
        "lastChanged": "2019-06-21T08:41:22Z",
        "source": "ONPREM"
    },
    {
        "pointer": "18",
        "incidentID": "002028376700000122602019",
        "productKey": null,
        "system": null,
        "subject": "r",
        "status": "Sent to SAP",
        "statusKey": 2,
        "reporterProfilePictureURL": null,
        "reporter": "",
        "isReportedByMe": false,
        "priorityKey": 1,
        "priorityText": "Very High",
        "lastChanged": "2019-06-21T04:58:35Z",
        "source": "ONPREM"
    },
    {
        "pointer": "19",
        "incidentID": "002028376700000122872019",
        "productKey": null,
        "system": null,
        "subject": "t",
        "status": "Sent to SAP",
        "statusKey": 2,
        "reporterProfilePictureURL": null,
        "reporter": "",
        "isReportedByMe": false,
        "priorityKey": 1,
        "priorityText": "Very High",
        "lastChanged": "2019-06-22T10:04:41Z",
        "source": "ONPREM"
    },
    {
        "pointer": "20",
        "incidentID": "3435",
        "productKey": null,
        "system": null,
        "subject": "sssssss",
        "status": "Sent to SAP",
        "statusKey": 2,
        "reporterProfilePictureURL": null,
        "reporter": "S0012107473",
        "isReportedByMe": false,
        "priorityKey": 1,
        "priorityText": "Very High",
        "lastChanged": "2019-06-21T08:02:31Z",
        "source": "ONPREM"
    },
    {
        "pointer": "21",
        "incidentID": "002028376700000123572019",
        "productKey": null,
        "system": null,
        "subject": "vvvvvvvvvv",
        "status": "Sent to SAP",
        "statusKey": 2,
        "reporterProfilePictureURL": null,
        "reporter": "S0012107473",
        "isReportedByMe": false,
        "priorityKey": 1,
        "priorityText": "Very High",
        "lastChanged": "2019-06-21T05:24:57Z",
        "source": "ONPREM"
    },
    {
        "pointer": "22",
        "incidentID": "232",
        "productKey": null,
        "system": null,
        "subject": "cccc",
        "status": "Sent to SAP",
        "statusKey": 2,
        "reporterProfilePictureURL": null,
        "reporter": "S0012107473",
        "isReportedByMe": false,
        "priorityKey": 1,
        "priorityText": "Very High",
        "lastChanged": "2019-06-21T05:29:41Z",
        "source": "ONPREM"
    },
    {
        "pointer": "23",
        "incidentID": "002028376700000123622019",
        "productKey": null,
        "system": null,
        "subject": "vvvvvvv",
        "status": "Sent to SAP",
        "statusKey": 2,
        "reporterProfilePictureURL": null,
        "reporter": "S0012107473",
        "isReportedByMe": false,
        "priorityKey": 1,
        "priorityText": "Very High",
        "lastChanged": "2019-06-21T05:47:33Z",
        "source": "ONPREM"
    },
    {
        "pointer": "24",
        "incidentID": "002028376700000126032019",
        "productKey": null,
        "system": null,
        "subject": "ATF: create a VH case, EUDP flagged",
        "status": "Sent to SAP",
        "statusKey": 2,
        "reporterProfilePictureURL": null,
        "reporter": "S0009460456",
        "isReportedByMe": true,
        "priorityKey": 1,
        "priorityText": "Very High",
        "lastChanged": "2019-06-25T07:16:53Z",
        "source": "ONPREM"
    },
    {
        "pointer": "25",
        "incidentID": "002028376700000128872019",
        "productKey": null,
        "system": null,
        "subject": "CEC-SRV-FSM",
        "status": "In Processing by SAP",
        "statusKey": 2,
        "reporterProfilePictureURL": null,
        "reporter": "S0013910261",
        "isReportedByMe": false,
        "priorityKey": 1,
        "priorityText": "Very High",
        "lastChanged": "2020-10-15T09:40:49Z",
        "source": "ONPREM"
    },
    {
        "pointer": "26",
        "incidentID": "002028376700000131762019",
        "productKey": null,
        "system": null,
        "subject": "DO NOT CHANGE",
        "status": "In Processing by SAP",
        "statusKey": 2,
        "reporterProfilePictureURL": null,
        "reporter": "S0009460456",
        "isReportedByMe": true,
        "priorityKey": 1,
        "priorityText": "Very High",
        "lastChanged": "2019-07-08T14:42:13Z",
        "source": "ONPREM"
    },
    {
        "pointer": "27",
        "incidentID": "002028376700000132362019",
        "productKey": null,
        "system": null,
        "subject": "Routing",
        "status": "In Processing by SAP",
        "statusKey": 2,
        "reporterProfilePictureURL": null,
        "reporter": "S0009460456",
        "isReportedByMe": true,
        "priorityKey": 1,
        "priorityText": "Very High",
        "lastChanged": "2019-09-04T13:34:01Z",
        "source": "ONPREM"
    },
    {
        "pointer": "28",
        "incidentID": "343",
        "productKey": null,
        "system": null,
        "subject": "test",
        "status": "Sent to SAP",
        "statusKey": 2,
        "reporterProfilePictureURL": null,
        "reporter": "S0009460456",
        "isReportedByMe": true,
        "priorityKey": 1,
        "priorityText": "Very High",
        "lastChanged": "2019-07-24T10:25:10Z",
        "source": "ONPREM"
    },
    {
        "pointer": "29",
        "incidentID": "212",
        "productKey": null,
        "system": null,
        "subject": "Test APT SLA",
        "status": "Sent to SAP",
        "statusKey": 2,
        "reporterProfilePictureURL": null,
        "reporter": "S0009460456",
        "isReportedByMe": true,
        "priorityKey": 1,
        "priorityText": "Very High",
        "lastChanged": "2019-07-24T10:44:37Z",
        "source": "ONPREM"
    },
    {
        "pointer": "30",
        "incidentID": "002028376700000173402019",
        "productKey": null,
        "system": null,
        "subject": "Test for DFCT0011848",
        "status": "Sent to SAP",
        "statusKey": 2,
        "reporterProfilePictureURL": null,
        "reporter": "S0009460456",
        "isReportedByMe": true,
        "priorityKey": 1,
        "priorityText": "Very High",
        "lastChanged": "2019-08-27T09:36:47Z",
        "source": "ONPREM"
    },
    {
        "pointer": "31",
        "incidentID": "002028376700000183272019",
        "productKey": null,
        "system": null,
        "subject": "test ag ccb",
        "status": "In Processing by SAP",
        "statusKey": 2,
        "reporterProfilePictureURL": null,
        "reporter": "",
        "isReportedByMe": false,
        "priorityKey": 1,
        "priorityText": "Very High",
        "lastChanged": "2019-09-13T08:07:20Z",
        "source": "ONPREM"
    },
    {
        "pointer": "32",
        "incidentID": "002028376700000186062019",
        "productKey": null,
        "system": null,
        "subject": "test",
        "status": "In Processing by SAP",
        "statusKey": 2,
        "reporterProfilePictureURL": null,
        "reporter": "S0009460456",
        "isReportedByMe": true,
        "priorityKey": 1,
        "priorityText": "Very High",
        "lastChanged": "2019-12-06T12:18:53Z",
        "source": "ONPREM"
    },
    {
        "pointer": "33",
        "incidentID": "002028376700000187722019",
        "productKey": null,
        "system": null,
        "subject": "API(Columbus) created from SNOW using CEC-SRV-FSM in DEV instance created at 2019-09-23 04:10:26",
        "status": "In Processing by SAP",
        "statusKey": 2,
        "reporterProfilePictureURL": null,
        "reporter": "S0009460456",
        "isReportedByMe": true,
        "priorityKey": 1,
        "priorityText": "Very High",
        "lastChanged": "2019-09-23T04:56:37Z",
        "source": "ONPREM"
    },
    {
        "pointer": "34",
        "incidentID": "221",
        "productKey": null,
        "system": null,
        "subject": "API(Columbus) created from SNOW using CEC-SRV-FSM in DEV instance created at 2019-09-24 03:05:29",
        "status": "In Processing by SAP",
        "statusKey": 2,
        "reporterProfilePictureURL": null,
        "reporter": "S0009460456",
        "isReportedByMe": true,
        "priorityKey": 1,
        "priorityText": "Very High",
        "lastChanged": "2020-07-02T12:41:07Z",
        "source": "ONPREM"
    },
    {
        "pointer": "35",
        "incidentID": "111",
        "productKey": null,
        "system": null,
        "subject": "Test related records",
        "status": "Customer Action",
        "statusKey": 1,
        "reporterProfilePictureURL": null,
        "reporter": "S0009460456",
        "isReportedByMe": true,
        "priorityKey": 1,
        "priorityText": "Very High",
        "lastChanged": "2019-09-26T09:59:17Z",
        "source": "ONPREM"
    },
    {
        "pointer": "36",
        "incidentID": "002028376700000193662019",
        "productKey": null,
        "system": null,
        "subject": "Relation test 2.0",
        "status": "Sent to SAP",
        "statusKey": 2,
        "reporterProfilePictureURL": null,
        "reporter": "S0009460456",
        "isReportedByMe": true,
        "priorityKey": 1,
        "priorityText": "Very High",
        "lastChanged": "2019-10-03T11:22:41Z",
        "source": "ONPREM"
    },
    {
        "pointer": "37",
        "incidentID": "002028376700000205722019",
        "productKey": null,
        "system": null,
        "subject": "test",
        "status": "In Processing by SAP",
        "statusKey": 2,
        "reporterProfilePictureURL": null,
        "reporter": "S0009460456",
        "isReportedByMe": true,
        "priorityKey": 1,
        "priorityText": "Very High",
        "lastChanged": "2020-06-30T11:15:37Z",
        "source": "ONPREM"
    },
    {
        "pointer": "38",
        "incidentID": "002028376700000209152019",
        "productKey": null,
        "system": null,
        "subject": "test",
        "status": "In Processing by SAP",
        "statusKey": 2,
        "reporterProfilePictureURL": null,
        "reporter": "S0009460456",
        "isReportedByMe": true,
        "priorityKey": 1,
        "priorityText": "Very High",
        "lastChanged": "2020-01-31T09:20:33Z",
        "source": "ONPREM"
    },
    {
        "pointer": "39",
        "incidentID": "002028376700000210772019",
        "productKey": null,
        "system": null,
        "subject": "API(Columbus) created from SNOW using CEC-SRV-FSM in DEV instance created at 2019-10-24 08:33:51",
        "status": "In Processing by SAP",
        "statusKey": 2,
        "reporterProfilePictureURL": null,
        "reporter": "S0009460456",
        "isReportedByMe": true,
        "priorityKey": 1,
        "priorityText": "Very High",
        "lastChanged": "2020-01-31T09:20:26Z",
        "source": "ONPREM"
    },
    {
        "pointer": "40",
        "incidentID": "002028376700000219742019",
        "productKey": null,
        "system": null,
        "subject": "Test eudp",
        "status": "In Processing by SAP",
        "statusKey": 2,
        "reporterProfilePictureURL": null,
        "reporter": "S0009460456",
        "isReportedByMe": true,
        "priorityKey": 1,
        "priorityText": "Very High",
        "lastChanged": "2019-10-29T23:00:12Z",
        "source": "ONPREM"
    },
    {
        "pointer": "41",
        "incidentID": "002028376700000220642019",
        "productKey": null,
        "system": null,
        "subject": "esc #5",
        "status": "Sent to SAP",
        "statusKey": 2,
        "reporterProfilePictureURL": null,
        "reporter": "S0009460456",
        "isReportedByMe": true,
        "priorityKey": 1,
        "priorityText": "Very High",
        "lastChanged": "2019-10-30T15:18:38Z",
        "source": "ONPREM"
    },
    {
        "pointer": "42",
        "incidentID": "002028376700000220932019",
        "productKey": null,
        "system": null,
        "subject": "API(Columbus) created from SNOW using CEC-SRV-FSM in dev instance created at 2019-10-31 16:26:02",
        "status": "Sent to SAP",
        "statusKey": 2,
        "reporterProfilePictureURL": null,
        "reporter": "S0009460456",
        "isReportedByMe": true,
        "priorityKey": 1,
        "priorityText": "Very High",
        "lastChanged": "2019-10-31T08:26:42Z",
        "source": "ONPREM"
    },
    {
        "pointer": "43",
        "incidentID": "002028376700000220942019",
        "productKey": null,
        "system": null,
        "subject": "sssssss",
        "status": "In Processing by SAP",
        "statusKey": 2,
        "reporterProfilePictureURL": null,
        "reporter": "S0009460456",
        "isReportedByMe": true,
        "priorityKey": 1,
        "priorityText": "Very High",
        "lastChanged": "2020-01-31T09:20:44Z",
        "source": "ONPREM"
    },
    {
        "pointer": "44",
        "incidentID": "002028376700000224362019",
        "productKey": null,
        "system": null,
        "subject": "ssf111111111111111",
        "status": "Sent to SAP",
        "statusKey": 2,
        "reporterProfilePictureURL": null,
        "reporter": "S0009460456",
        "isReportedByMe": true,
        "priorityKey": 1,
        "priorityText": "Very High",
        "lastChanged": "2019-10-31T10:33:27Z",
        "source": "ONPREM"
    },
    {
        "pointer": "45",
        "incidentID": "002028376700000228962019",
        "productKey": null,
        "system": null,
        "subject": "Scott He's Notification",
        "status": "In Processing by SAP",
        "statusKey": 2,
        "reporterProfilePictureURL": null,
        "reporter": "S0009460456",
        "isReportedByMe": true,
        "priorityKey": 1,
        "priorityText": "Very High",
        "lastChanged": "2020-01-31T09:21:10Z",
        "source": "ONPREM"
    },
    {
        "pointer": "46",
        "incidentID": "002028376700000228972019",
        "productKey": null,
        "system": null,
        "subject": "esc #14",
        "status": "In Processing by SAP",
        "statusKey": 2,
        "reporterProfilePictureURL": null,
        "reporter": "S0009460456",
        "isReportedByMe": true,
        "priorityKey": 1,
        "priorityText": "Very High",
        "lastChanged": "2020-01-31T09:20:37Z",
        "source": "ONPREM"
    },
    {
        "pointer": "47",
        "incidentID": "002028376700000228992019",
        "productKey": null,
        "system": null,
        "subject": "esc #14",
        "status": "In Processing by SAP",
        "statusKey": 2,
        "reporterProfilePictureURL": null,
        "reporter": "S0009460456",
        "isReportedByMe": true,
        "priorityKey": 1,
        "priorityText": "Very High",
        "lastChanged": "2020-01-31T09:20:39Z",
        "source": "ONPREM"
    },
    {
        "pointer": "48",
        "incidentID": "002028376700000229012019",
        "productKey": null,
        "system": null,
        "subject": "esc #14",
        "status": "In Processing by SAP",
        "statusKey": 2,
        "reporterProfilePictureURL": null,
        "reporter": "S0009460456",
        "isReportedByMe": true,
        "priorityKey": 1,
        "priorityText": "Very High",
        "lastChanged": "2020-01-31T09:20:44Z",
        "source": "ONPREM"
    },
    {
        "pointer": "49",
        "incidentID": "002028376700000229062019",
        "productKey": null,
        "system": null,
        "subject": "esc #14",
        "status": "In Processing by SAP",
        "statusKey": 2,
        "reporterProfilePictureURL": null,
        "reporter": "S0009460456",
        "isReportedByMe": true,
        "priorityKey": 1,
        "priorityText": "Very High",
        "lastChanged": "2020-04-08T10:04:47Z",
        "source": "ONPREM"
    },
    {
        "pointer": "50",
        "incidentID": "002028376700000229632019",
        "productKey": null,
        "system": null,
        "subject": "test sla sfsaf13r3",
        "status": "Sent to SAP",
        "statusKey": 2,
        "reporterProfilePictureURL": null,
        "reporter": "S0009460456",
        "isReportedByMe": true,
        "priorityKey": 1,
        "priorityText": "Very High",
        "lastChanged": "2019-11-01T01:45:46Z",
        "source": "ONPREM"
    },
    {
        "pointer": "51",
        "incidentID": "002028376700000229642019",
        "productKey": null,
        "system": null,
        "subject": "111fsfsfs",
        "status": "In Processing by SAP",
        "statusKey": 2,
        "reporterProfilePictureURL": null,
        "reporter": "S0009460456",
        "isReportedByMe": true,
        "priorityKey": 1,
        "priorityText": "Very High",
        "lastChanged": "2020-01-31T09:20:32Z",
        "source": "ONPREM"
    },
    {
        "pointer": "52",
        "incidentID": "002028376700000229662019",
        "productKey": null,
        "system": null,
        "subject": "sf33313f1",
        "status": "Sent to SAP",
        "statusKey": 2,
        "reporterProfilePictureURL": null,
        "reporter": "S0009460456",
        "isReportedByMe": true,
        "priorityKey": 1,
        "priorityText": "Very High",
        "lastChanged": "2019-11-01T04:57:43Z",
        "source": "ONPREM"
    },
    {
        "pointer": "53",
        "incidentID": "002028376700000229812019",
        "productKey": null,
        "system": null,
        "subject": "abcdsfaffffffffff",
        "status": "Sent to SAP",
        "statusKey": 2,
        "reporterProfilePictureURL": null,
        "reporter": "S0009460456",
        "isReportedByMe": true,
        "priorityKey": 1,
        "priorityText": "Very High",
        "lastChanged": "2019-11-01T07:17:42Z",
        "source": "ONPREM"
    },
    {
        "pointer": "54",
        "incidentID": "002028376700000229852019",
        "productKey": null,
        "system": null,
        "subject": "11111111111sssssssssss",
        "status": "Sent to SAP",
        "statusKey": 2,
        "reporterProfilePictureURL": null,
        "reporter": "S0009460456",
        "isReportedByMe": true,
        "priorityKey": 1,
        "priorityText": "Very High",
        "lastChanged": "2019-11-01T08:07:48Z",
        "source": "ONPREM"
    },
    {
        "pointer": "55",
        "incidentID": "002028376700000241002019",
        "productKey": null,
        "system": null,
        "subject": "aws #10",
        "status": "Sent to SAP",
        "statusKey": 2,
        "reporterProfilePictureURL": null,
        "reporter": "S0009460456",
        "isReportedByMe": true,
        "priorityKey": 1,
        "priorityText": "Very High",
        "lastChanged": "2019-11-07T14:14:27Z",
        "source": "ONPREM"
    },
    {
        "pointer": "56",
        "incidentID": "002028376700000242332019",
        "productKey": null,
        "system": null,
        "subject": "test_new_maj_inc_01",
        "status": "In Processing by SAP",
        "statusKey": 2,
        "reporterProfilePictureURL": null,
        "reporter": "S0009460456",
        "isReportedByMe": true,
        "priorityKey": 1,
        "priorityText": "Very High",
        "lastChanged": "2020-01-31T09:20:25Z",
        "source": "ONPREM"
    },
    {
        "pointer": "57",
        "incidentID": "121",
        "productKey": null,
        "system": null,
        "subject": "ATF: create a VH case, EUDP flagged",
        "status": "Sent to SAP",
        "statusKey": 2,
        "reporterProfilePictureURL": null,
        "reporter": "S0009460456",
        "isReportedByMe": true,
        "priorityKey": 1,
        "priorityText": "Very High",
        "lastChanged": "2019-11-20T09:54:42Z",
        "source": "ONPREM"
    },
    {
        "pointer": "58",
        "incidentID": "888",
        "productKey": null,
        "system": null,
        "subject": "ATF: create a VH case, EUDP flagged",
        "status": "In Processing by SAP",
        "statusKey": 2,
        "reporterProfilePictureURL": null,
        "reporter": "S0009460456",
        "isReportedByMe": true,
        "priorityKey": 1,
        "priorityText": "Very High",
        "lastChanged": "2020-01-31T09:20:26Z",
        "source": "ONPREM"
    },
    {
        "pointer": "59",
        "incidentID": "002028376700000255752019",
        "productKey": null,
        "system": null,
        "subject": "ATF: create a VH case, EUDP flagged",
        "status": "In Processing by SAP",
        "statusKey": 2,
        "reporterProfilePictureURL": null,
        "reporter": "S0009460456",
        "isReportedByMe": true,
        "priorityKey": 1,
        "priorityText": "Very High",
        "lastChanged": "2020-01-31T09:20:52Z",
        "source": "ONPREM"
    },
    {
        "pointer": "60",
        "incidentID": "002028376700000255852019",
        "productKey": null,
        "system": null,
        "subject": "ATF: create a VH case, EUDP flagged",
        "status": "In Processing by SAP",
        "statusKey": 2,
        "reporterProfilePictureURL": null,
        "reporter": "S0009460456",
        "isReportedByMe": true,
        "priorityKey": 1,
        "priorityText": "Very High",
        "lastChanged": "2020-01-31T09:20:20Z",
        "source": "ONPREM"
    },
    {
        "pointer": "61",
        "incidentID": "002028376700000260192019",
        "productKey": null,
        "system": null,
        "subject": "test email",
        "status": "In Processing by SAP",
        "statusKey": 2,
        "reporterProfilePictureURL": null,
        "reporter": "S0009460456",
        "isReportedByMe": true,
        "priorityKey": 1,
        "priorityText": "Very High",
        "lastChanged": "2019-11-29T13:20:14Z",
        "source": "ONPREM"
    },
    {
        "pointer": "62",
        "incidentID": "002028376700000260582019",
        "productKey": null,
        "system": null,
        "subject": "ATF: create a VH case, EUDP flagged",
        "status": "Sent to SAP",
        "statusKey": 2,
        "reporterProfilePictureURL": null,
        "reporter": "S0009460456",
        "isReportedByMe": true,
        "priorityKey": 1,
        "priorityText": "Very High",
        "lastChanged": "2019-12-02T03:22:45Z",
        "source": "ONPREM"
    },
    {
        "pointer": "63",
        "incidentID": "002028376700000260592019",
        "productKey": null,
        "system": null,
        "subject": "ATF: create a VH case, EUDP flagged",
        "status": "Sent to SAP",
        "statusKey": 2,
        "reporterProfilePictureURL": null,
        "reporter": "S0009460456",
        "isReportedByMe": true,
        "priorityKey": 1,
        "priorityText": "Very High",
        "lastChanged": "2019-12-02T03:29:01Z",
        "source": "ONPREM"
    },
    {
        "pointer": "64",
        "incidentID": "002028376700000261562019",
        "productKey": null,
        "system": null,
        "subject": "ATF: create a VH case, EUDP flagged",
        "status": "Sent to SAP",
        "statusKey": 2,
        "reporterProfilePictureURL": null,
        "reporter": "S0009460456",
        "isReportedByMe": true,
        "priorityKey": 1,
        "priorityText": "Very High",
        "lastChanged": "2019-12-02T11:45:16Z",
        "source": "ONPREM"
    },
    {
        "pointer": "65",
        "incidentID": "002028376700000262932019",
        "productKey": null,
        "system": null,
        "subject": "ATF: create a VH case, EUDP flagged",
        "status": "Sent to SAP",
        "statusKey": 2,
        "reporterProfilePictureURL": null,
        "reporter": "S0009460456",
        "isReportedByMe": true,
        "priorityKey": 1,
        "priorityText": "Very High",
        "lastChanged": "2019-12-03T05:59:00Z",
        "source": "ONPREM"
    },
    {
        "pointer": "66",
        "incidentID": "002028376700000264372019",
        "productKey": null,
        "system": null,
        "subject": "ATF: create a VH case, EUDP flagged",
        "status": "Sent to SAP",
        "statusKey": 2,
        "reporterProfilePictureURL": null,
        "reporter": "S0009460456",
        "isReportedByMe": true,
        "priorityKey": 1,
        "priorityText": "Very High",
        "lastChanged": "2019-12-03T11:46:35Z",
        "source": "ONPREM"
    },
    {
        "pointer": "67",
        "incidentID": "777",
        "productKey": null,
        "system": null,
        "subject": "ATF: create a VH case, EUDP flagged",
        "status": "Sent to SAP",
        "statusKey": 2,
        "reporterProfilePictureURL": null,
        "reporter": "S0009460456",
        "isReportedByMe": true,
        "priorityKey": 1,
        "priorityText": "Very High",
        "lastChanged": "2019-12-03T11:48:37Z",
        "source": "ONPREM"
    },
    {
        "pointer": "68",
        "incidentID": "66",
        "productKey": null,
        "system": null,
        "subject": "ATF: create a VH case, EUDP flagged",
        "status": "Sent to SAP",
        "statusKey": 2,
        "reporterProfilePictureURL": null,
        "reporter": "S0009460456",
        "isReportedByMe": true,
        "priorityKey": 1,
        "priorityText": "Very High",
        "lastChanged": "2019-12-03T11:51:58Z",
        "source": "ONPREM"
    },
    {
        "pointer": "69",
        "incidentID": "002028376700000264422019",
        "productKey": null,
        "system": null,
        "subject": "ATF: create a VH case, EUDP flagged",
        "status": "Sent to SAP",
        "statusKey": 2,
        "reporterProfilePictureURL": null,
        "reporter": "S0009460456",
        "isReportedByMe": true,
        "priorityKey": 1,
        "priorityText": "Very High",
        "lastChanged": "2019-12-03T12:24:44Z",
        "source": "ONPREM"
    },
    {
        "pointer": "70",
        "incidentID": "002028376700000264472019",
        "productKey": null,
        "system": null,
        "subject": "ATF: create a VH case, EUDP flagged",
        "status": "Sent to SAP",
        "statusKey": 2,
        "reporterProfilePictureURL": null,
        "reporter": "S0009460456",
        "isReportedByMe": true,
        "priorityKey": 1,
        "priorityText": "Very High",
        "lastChanged": "2019-12-03T12:39:37Z",
        "source": "ONPREM"
    },
    {
        "pointer": "71",
        "incidentID": "55",
        "productKey": null,
        "system": null,
        "subject": "ATF: create a VH case, EUDP flagged",
        "status": "Sent to SAP",
        "statusKey": 2,
        "reporterProfilePictureURL": null,
        "reporter": "S0009460456",
        "isReportedByMe": true,
        "priorityKey": 1,
        "priorityText": "Very High",
        "lastChanged": "2019-12-03T12:41:30Z",
        "source": "ONPREM"
    },
    {
        "pointer": "72",
        "incidentID": "44",
        "productKey": null,
        "system": null,
        "subject": "ATF: create a VH case, EUDP flagged",
        "status": "Sent to SAP",
        "statusKey": 2,
        "reporterProfilePictureURL": null,
        "reporter": "S0009460456",
        "isReportedByMe": true,
        "priorityKey": 1,
        "priorityText": "Very High",
        "lastChanged": "2019-12-03T12:43:23Z",
        "source": "ONPREM"
    },
    {
        "pointer": "73",
        "incidentID": "33",
        "productKey": null,
        "system": null,
        "subject": "ATF: create a VH case, EUDP flagged",
        "status": "Sent to SAP",
        "statusKey": 2,
        "reporterProfilePictureURL": null,
        "reporter": "S0009460456",
        "isReportedByMe": true,
        "priorityKey": 1,
        "priorityText": "Very High",
        "lastChanged": "2019-12-03T12:56:08Z",
        "source": "ONPREM"
    },
    {
        "pointer": "74",
        "incidentID": "22",
        "productKey": null,
        "system": null,
        "subject": "ATF: create a VH case, EUDP flagged",
        "status": "Sent to SAP",
        "statusKey": 2,
        "reporterProfilePictureURL": null,
        "reporter": "S0009460456",
        "isReportedByMe": true,
        "priorityKey": 1,
        "priorityText": "Very High",
        "lastChanged": "2019-12-03T13:04:02Z",
        "source": "ONPREM"
    },
    {
        "pointer": "75",
        "incidentID": "002028376700000264602019",
        "productKey": null,
        "system": null,
        "subject": "ATF: create a VH case, EUDP flagged",
        "status": "Sent to SAP",
        "statusKey": 2,
        "reporterProfilePictureURL": null,
        "reporter": "S0009460456",
        "isReportedByMe": true,
        "priorityKey": 1,
        "priorityText": "Very High",
        "lastChanged": "2019-12-03T13:10:51Z",
        "source": "ONPREM"
    },
    {
        "pointer": "76",
        "incidentID": "023",
        "productKey": null,
        "system": null,
        "subject": "ATF: create a VH case, EUDP flagged",
        "status": "In Processing by SAP",
        "statusKey": 2,
        "reporterProfilePictureURL": null,
        "reporter": "S0009460456",
        "isReportedByMe": true,
        "priorityKey": 1,
        "priorityText": "Very High",
        "lastChanged": "2020-02-18T06:30:43Z",
        "source": "ONPREM"
    },
    {
        "pointer": "77",
        "incidentID": "002028376700000264692019",
        "productKey": null,
        "system": null,
        "subject": "ATF: create a VH case, EUDP flagged",
        "status": "Sent to SAP",
        "statusKey": 2,
        "reporterProfilePictureURL": null,
        "reporter": "S0009460456",
        "isReportedByMe": true,
        "priorityKey": 1,
        "priorityText": "Very High",
        "lastChanged": "2019-12-03T13:22:07Z",
        "source": "ONPREM"
    },
    {
        "pointer": "78",
        "incidentID": "01",
        "productKey": null,
        "system": null,
        "subject": "ATF: create a VH case, EUDP flagged",
        "status": "Sent to SAP",
        "statusKey": 2,
        "reporterProfilePictureURL": null,
        "reporter": "S0009460456",
        "isReportedByMe": true,
        "priorityKey": 1,
        "priorityText": "Very High",
        "lastChanged": "2019-12-03T13:26:10Z",
        "source": "ONPREM"
    },
    {
        "pointer": "79",
        "incidentID": "002028376700000270142019",
        "productKey": null,
        "system": null,
        "subject": "SAP_Form_Case Research on how to test case email notification",
        "status": "Sent to SAP",
        "statusKey": 2,
        "reporterProfilePictureURL": null,
        "reporter": "S0003752332",
        "isReportedByMe": false,
        "priorityKey": 1,
        "priorityText": "Very High",
        "lastChanged": "2019-12-10T13:13:16Z",
        "source": "ONPREM"
    },
    {
        "pointer": "80",
        "incidentID": "002028376700000270762019",
        "productKey": null,
        "system": null,
        "subject": "T",
        "status": "Sent to SAP",
        "statusKey": 2,
        "reporterProfilePictureURL": null,
        "reporter": "S0009460456",
        "isReportedByMe": true,
        "priorityKey": 1,
        "priorityText": "Very High",
        "lastChanged": "2019-12-11T13:58:55Z",
        "source": "ONPREM"
    },
    {
        "pointer": "81",
        "incidentID": "002028376700000273922019",
        "productKey": null,
        "system": null,
        "subject": "ATF: create a VH case, EUDP flagged",
        "status": "Sent to SAP",
        "statusKey": 2,
        "reporterProfilePictureURL": null,
        "reporter": "S0009460456",
        "isReportedByMe": true,
        "priorityKey": 1,
        "priorityText": "Very High",
        "lastChanged": "2019-12-16T05:57:02Z",
        "source": "ONPREM"
    },
    {
        "pointer": "82",
        "incidentID": "002028376700000273982019",
        "productKey": null,
        "system": null,
        "subject": "SAP_Form_Case Research on how to test case email notification",
        "status": "Sent to SAP",
        "statusKey": 2,
        "reporterProfilePictureURL": null,
        "reporter": "S0003752332",
        "isReportedByMe": false,
        "priorityKey": 1,
        "priorityText": "Very High",
        "lastChanged": "2019-12-16T06:04:14Z",
        "source": "ONPREM"
    },
    {
        "pointer": "83",
        "incidentID": "002028376700000274502019",
        "productKey": null,
        "system": null,
        "subject": "ATF: create a VH case, EUDP flagged",
        "status": "Sent to SAP",
        "statusKey": 2,
        "reporterProfilePictureURL": null,
        "reporter": "S0009460456",
        "isReportedByMe": true,
        "priorityKey": 1,
        "priorityText": "Very High",
        "lastChanged": "2019-12-16T09:55:35Z",
        "source": "ONPREM"
    },
    {
        "pointer": "84",
        "incidentID": "0",
        "productKey": null,
        "system": null,
        "subject": "SAP_Form_Case Research on how to test case email notification",
        "status": "Sent to SAP",
        "statusKey": 2,
        "reporterProfilePictureURL": null,
        "reporter": "S0003752332",
        "isReportedByMe": false,
        "priorityKey": 1,
        "priorityText": "Very High",
        "lastChanged": "2019-12-16T10:03:27Z",
        "source": "ONPREM"
    },
    {
        "pointer": "85",
        "incidentID": "002028376700000274642019",
        "productKey": null,
        "system": null,
        "subject": "SAP_Form_Case Research on how to test case email notification",
        "status": "Sent to SAP",
        "statusKey": 2,
        "reporterProfilePictureURL": null,
        "reporter": "S0003752332",
        "isReportedByMe": false,
        "priorityKey": 1,
        "priorityText": "Very High",
        "lastChanged": "2019-12-16T10:23:35Z",
        "source": "ONPREM"
    },
    {
        "pointer": "86",
        "incidentID": "002028376700000274662019",
        "productKey": null,
        "system": null,
        "subject": "SAP_Form_Case Research on how to test case email notification",
        "status": "Sent to SAP",
        "statusKey": 2,
        "reporterProfilePictureURL": null,
        "reporter": "S0003752332",
        "isReportedByMe": false,
        "priorityKey": 1,
        "priorityText": "Very High",
        "lastChanged": "2019-12-16T10:27:52Z",
        "source": "ONPREM"
    },
    {
        "pointer": "87",
        "incidentID": "002028376700000274722019",
        "productKey": null,
        "system": null,
        "subject": "SAP_Form_Case Research on how to test case email notification",
        "status": "Sent to SAP",
        "statusKey": 2,
        "reporterProfilePictureURL": null,
        "reporter": "S0003752332",
        "isReportedByMe": false,
        "priorityKey": 1,
        "priorityText": "Very High",
        "lastChanged": "2019-12-16T11:26:28Z",
        "source": "ONPREM"
    },
    {
        "pointer": "88",
        "incidentID": "002028376700000274732019",
        "productKey": null,
        "system": null,
        "subject": "SAP_Form_Case Research on how to test case email notification",
        "status": "Sent to SAP",
        "statusKey": 2,
        "reporterProfilePictureURL": null,
        "reporter": "S0003752332",
        "isReportedByMe": false,
        "priorityKey": 1,
        "priorityText": "Very High",
        "lastChanged": "2019-12-16T11:28:32Z",
        "source": "ONPREM"
    },
    {
        "pointer": "89",
        "incidentID": "002028376700000274762019",
        "productKey": null,
        "system": null,
        "subject": "SAP_Form_Case Research on how to test case email notification",
        "status": "Sent to SAP",
        "statusKey": 2,
        "reporterProfilePictureURL": null,
        "reporter": "S0003752332",
        "isReportedByMe": false,
        "priorityKey": 1,
        "priorityText": "Very High",
        "lastChanged": "2019-12-16T11:44:39Z",
        "source": "ONPREM"
    },
    {
        "pointer": "90",
        "incidentID": "002028376700000274772019",
        "productKey": null,
        "system": null,
        "subject": "SAP_Form_Case Research on how to test case email notification",
        "status": "Sent to SAP",
        "statusKey": 2,
        "reporterProfilePictureURL": null,
        "reporter": "S0003752332",
        "isReportedByMe": false,
        "priorityKey": 1,
        "priorityText": "Very High",
        "lastChanged": "2019-12-16T11:45:30Z",
        "source": "ONPREM"
    },
    {
        "pointer": "91",
        "incidentID": "002028376700000275182019",
        "productKey": null,
        "system": null,
        "subject": "SAP_Form_Case Research on how to test case email notification",
        "status": "Sent to SAP",
        "statusKey": 2,
        "reporterProfilePictureURL": null,
        "reporter": "S0003752332",
        "isReportedByMe": false,
        "priorityKey": 1,
        "priorityText": "Very High",
        "lastChanged": "2019-12-16T14:26:56Z",
        "source": "ONPREM"
    },
    {
        "pointer": "92",
        "incidentID": "002028376700000275272019",
        "productKey": null,
        "system": null,
        "subject": "SAP_Form_Case Research on how to test case email notification",
        "status": "Sent to SAP",
        "statusKey": 2,
        "reporterProfilePictureURL": null,
        "reporter": "S0003752332",
        "isReportedByMe": false,
        "priorityKey": 1,
        "priorityText": "Very High",
        "lastChanged": "2019-12-16T14:56:41Z",
        "source": "ONPREM"
    },
    {
        "pointer": "93",
        "incidentID": "002028376700000275562019",
        "productKey": null,
        "system": null,
        "subject": "SAP_Form_Case Research on how to test case email notification",
        "status": "Sent to SAP",
        "statusKey": 2,
        "reporterProfilePictureURL": null,
        "reporter": "S0003752332",
        "isReportedByMe": false,
        "priorityKey": 1,
        "priorityText": "Very High",
        "lastChanged": "2020-01-31T09:18:50Z",
        "source": "ONPREM"
    },
    {
        "pointer": "94",
        "incidentID": "002028376700000275712019",
        "productKey": null,
        "system": null,
        "subject": "SAP_Form_Case Research on how to test case email notification",
        "status": "Sent to SAP",
        "statusKey": 2,
        "reporterProfilePictureURL": null,
        "reporter": "S0003752332",
        "isReportedByMe": false,
        "priorityKey": 1,
        "priorityText": "Very High",
        "lastChanged": "2020-01-31T09:18:56Z",
        "source": "ONPREM"
    },
    {
        "pointer": "95",
        "incidentID": "002028376700000275912019",
        "productKey": null,
        "system": null,
        "subject": "ATF: create a VH case, EUDP flagged",
        "status": "Sent to SAP",
        "statusKey": 2,
        "reporterProfilePictureURL": null,
        "reporter": "S0009460456",
        "isReportedByMe": true,
        "priorityKey": 1,
        "priorityText": "Very High",
        "lastChanged": "2020-01-31T09:18:46Z",
        "source": "ONPREM"
    },
    {
        "pointer": "96",
        "incidentID": "002028376700000276732019",
        "productKey": null,
        "system": null,
        "subject": "SAP_Form_Case Research on how to test case email notification",
        "status": "Sent to SAP",
        "statusKey": 2,
        "reporterProfilePictureURL": null,
        "reporter": "S0003752332",
        "isReportedByMe": false,
        "priorityKey": 1,
        "priorityText": "Very High",
        "lastChanged": "2020-01-31T09:19:13Z",
        "source": "ONPREM"
    },
    {
        "pointer": "97",
        "incidentID": "002028376700000277182019",
        "productKey": null,
        "system": null,
        "subject": "ATF: create a VH case, EUDP flagged",
        "status": "Sent to SAP",
        "statusKey": 2,
        "reporterProfilePictureURL": null,
        "reporter": "S0009460456",
        "isReportedByMe": true,
        "priorityKey": 1,
        "priorityText": "Very High",
        "lastChanged": "2020-01-31T09:19:01Z",
        "source": "ONPREM"
    },
    {
        "pointer": "98",
        "incidentID": "002028376700000278312019",
        "productKey": null,
        "system": null,
        "subject": "ATF: create a VH case, EUDP flagged",
        "status": "Sent to SAP",
        "statusKey": 2,
        "reporterProfilePictureURL": null,
        "reporter": "S0009460456",
        "isReportedByMe": true,
        "priorityKey": 1,
        "priorityText": "Very High",
        "lastChanged": "2020-01-31T09:19:27Z",
        "source": "ONPREM"
    },
    {
        "pointer": "99",
        "incidentID": "002028376700000279352019",
        "productKey": null,
        "system": null,
        "subject": "ATF: create a VH case, EUDP flagged",
        "status": "Sent to SAP",
        "statusKey": 2,
        "reporterProfilePictureURL": null,
        "reporter": "S0009460456",
        "isReportedByMe": true,
        "priorityKey": 1,
        "priorityText": "Very High",
        "lastChanged": "2020-01-31T09:19:24Z",
        "source": "ONPREM"
    },
    {
        "pointer": "100",
        "incidentID": "002028376700000279512019",
        "productKey": null,
        "system": null,
        "subject": "ATF: create a VH case, EUDP flagged",
        "status": "Sent to SAP",
        "statusKey": 2,
        "reporterProfilePictureURL": null,
        "reporter": "S0009460456",
        "isReportedByMe": true,
        "priorityKey": 1,
        "priorityText": "Very High",
        "lastChanged": "2020-01-31T09:19:18Z",
        "source": "ONPREM"
    },
    {
        "pointer": "101",
        "incidentID": "002028376700000279912019",
        "productKey": null,
        "system": null,
        "subject": "ATF: create a VH case, EUDP flagged",
        "status": "Sent to SAP",
        "statusKey": 2,
        "reporterProfilePictureURL": null,
        "reporter": "S0009460456",
        "isReportedByMe": true,
        "priorityKey": 1,
        "priorityText": "Very High",
        "lastChanged": "2020-01-31T09:19:27Z",
        "source": "ONPREM"
    }
]