[
    {
        "Category": "RECENT",
        "Name": "000000000740812801",
        "Type": "SYSTEM_RECENT",
        "KeyValue": "0090280714",
        "KeyType": "",
        "SWClass": "ARIBA",
        "SWType": "ARIBA",
        "Uname": "S002016655",
        "Value": "CLO (PROD)",
        "Desc1": "SAP Ariba Sourcing, cloud edition",
        "Desc2": "",
        "NotSelectFlag": "",
        "CustomerNbr": "0001208936"
    },
    {
        "Category": "RECENT",
        "Name": "000000000850641080",
        "Type": "SYSTEM_RECENT",
        "KeyValue": "0020659687",
        "KeyType": "",
        "SWClass": "ERP",
        "SWType": "ONPREM",
        "Uname": "S002016655",
        "Value": "A31 -  (PROD)",
        "Desc1": "SAP ERP 6.0",
        "Desc2": "",
        "NotSelectFlag": "",
        "CustomerNbr": "0001208936"
    },
    {
        "Category": "RECENT",
        "Name": "000000000850493900",
        "Type": "SYSTEM_RECENT",
        "KeyValue": "0020710200",
        "KeyType": "",
        "SWClass": "ERP",
        "SWType": "ONPREM",
        "Uname": "S002016655",
        "Value": "AB1 - Ryan account test (TEST)",
        "Desc1": "SAP ERP 6.0",
        "Desc2": "PARTNERURL:https://launchpad.support.sap.com/assets/incident/en/contact-partner.htm",
        "NotSelectFlag": "X",
        "CustomerNbr": "0001272047"
    },
    {
        "Category": "RECENT",
        "Name": "000000000850000573",
        "Type": "SYSTEM_RECENT",
        "KeyValue": "0020710200",
        "KeyType": "",
        "SWClass": "ERP",
        "SWType": "ONPREM",
        "Uname": "S002016655",
        "Value": "CCC - Hyprid (PROD)",
        "Desc1": "SAP ERP 6.0",
        "Desc2": "PARTNERURL:https://launchpad.support.sap.com/assets/incident/en/contact-partner.htm",
        "NotSelectFlag": "X",
        "CustomerNbr": "0001272047"
    },
    {
        "Category": "RECENT",
        "Name": "000000000850151225",
        "Type": "SYSTEM_RECENT",
        "KeyValue": "0090316691",
        "KeyType": "",
        "SWClass": "S/4HCE",
        "SWType": "ONPREM",
        "Uname": "S002016655",
        "Value": "ABC -  (PROD)",
        "Desc1": "SAP S/4HANA 2023",
        "Desc2": "",
        "NotSelectFlag": "",
        "CustomerNbr": "0001208936"
    },
    {
        "Category": "FAVORITE",
        "Name": "000000000850151225",
        "Type": "SYSTEM_RECENT",
        "KeyValue": "0090316691",
        "KeyType": "",
        "SWClass": "S/4HCE",
        "SWType": "ONPREM",
        "Uname": "S002016655",
        "Value": "ABC -  (PROD)",
        "Desc1": "SAP S/4HANA 2023",
        "Desc2": "",
        "NotSelectFlag": "",
        "CustomerNbr": "0001208936"
    },
    {
        "Category": "RECENT",
        "Name": "000000000850595977",
        "Type": "SYSTEM_RECENT",
        "KeyValue": "0020710200",
        "KeyType": "",
        "SWClass": "ERP",
        "SWType": "ONPREM",
        "Uname": "S002016655",
        "Value": "BBB - BBB (TEST)",
        "Desc1": "SAP Analytics Cloud connectors 1.0",
        "Desc2": "PARTNERURL:https://launchpad.support.sap.com/assets/incident/en/contact-partner.htm",
        "NotSelectFlag": "X",
        "CustomerNbr": "0001272047"
    },
    {
        "Category": "RECENT",
        "Name": "000000000312588965",
        "Type": "SYSTEM_RECENT",
        "KeyValue": "0020983073",
        "KeyType": "",
        "SWClass": "NW",
        "SWType": "ONPREM",
        "Uname": "S002016655",
        "Value": "AA4 -  (PROD)",
        "Desc1": "SAP NetWeaver 7.4",
        "Desc2": "EUDP",
        "NotSelectFlag": "",
        "CustomerNbr": "0001249792"
    },
    {
        "Category": "RECENT",
        "Name": "000000000312340850",
        "Type": "SYSTEM_RECENT",
        "KeyValue": "0020710200",
        "KeyType": "",
        "SWClass": "ERP",
        "SWType": "ONPREM",
        "Uname": "S002016655",
        "Value": "ALD - Test of Partner View on Portal (PROD)",
        "Desc1": "SAP ERP 6.0",
        "Desc2": "PARTNERURL:https://launchpad.support.sap.com/assets/incident/en/contact-partner.htm",
        "NotSelectFlag": "X",
        "CustomerNbr": "0001272047"
    },
    {
        "Category": "RECENT",
        "Name": "000000000800671442",
        "Type": "SYSTEM_RECENT",
        "KeyValue": "0020710200",
        "KeyType": "",
        "SWClass": "ERP",
        "SWType": "ONPREM",
        "Uname": "S002016655",
        "Value": "SSS -  (DEVELOP)",
        "Desc1": "SAP ERP 6.0",
        "Desc2": "PARTNERURL:https://launchpad.support.sap.com/assets/incident/en/contact-partner.htm",
        "NotSelectFlag": "X",
        "CustomerNbr": "0001272047"
    }
]