[
    {
        "UseCaseID": "",
        "SystemNumber": "000000000800002601",
        "CompName": "EP-PIN",
        "ModelNumber": "0000010003-0000000015-0000000017-0000000041-0000000965",
        "ModelCategory": "Product Function",
        "RelationshipType": "Delivered by Software",
        "DisplayName": "Enterprise Technology > Application Server Java > Enterprise Portal > Portal",
        "FullName": "SAP enhancement package for SAP ERP > Enterprise Technology > Application Server Java > Enterprise P",
        "Name": "Portal",
        "SoftwareProductNumber": "01200615320800000693",
        "SoftwareProduct": "SAP enhancement package for SAP ERP",
        "SoftwareRelationship": "Delivered by SAP enhancement package for SAP ERP",
        "Level": "5 ",
        "DrillState": "Leaf",
        "ParentModelNumber": "0000010003-0000000015-0000000017-0000000041",
        "DefaultCompKey": "0000034558",
        "DefaultCompName": "EP-PIN-NAV",
        "DefaultCompPrioLimit": "",
        "AddSearchTerms": " EP-PIN EP-PIN-PGE BC-PIN-PCD EP-PIN-NAV EP-PIN-PERS EP-PIN-SEC EP-PIN-CS EP-PIN-IVS EP-PIN-DNT EP-UNI EP-UNI-SRV EP-SYS EP-SYS-INS EP-PIN-DESK-DTE EP-PIN-PCD-ROL EP-PIN-PCD-ROL-SRV EP-PIN-PCD-ROL-RE EP-PIN-PERS-PGE EP-PIN-PERS-IVS EP-PIN-URL-WTR EP-UNI-SRV-UM EP-SYS-UPG EP-PIN-PCD-IMP EP-PIN-PRT EP-PIN-PCD-EXP EP-BC-ESM EP-PIN-MIG EP-PIN-TOL EP-PIN-TOL-STY EP-PIN-TOL-ISTY EP-PIN-DNT-FRW EP-PIN-DNT-DSG EP-PIN-FPN EP-PIN-APF-SRC EP-DOC EP-PIN-RTC EP-PIN-PRT-SC EP-PIN-PRT-SZ EP-PIN-APF EP-PIN-APF-CAT EP-PIN-APF-PRE EP-PIN-PRT-WS EP-PIN-PGL EP-PIN-MIG-EP5 EP-PIN-NAV-API EP-BC EP-PIN-SEC-ACL EP-PIN-CS-CFE EP-PIN-AI-SRA EP-PIN-AI EP-PIN-PSL EP-PIN-APF-RLE EP-UNI-PRU EP-UNI-PRU-EI EP-UNI-PRU-PC EP-UNI-PRU-PE EP-PIN-OBN EP-UNI-SRV-SF EP-PIN-IVS-API EP-PIN-IVS-MSE EP-PIN-IVS-UPL EP-PIN-INI EP-PIN-STD EP-PIN-STD-WSR EP-PIN-STD-WSR-CON EP-PIN-STD-WSR-PRO EP-PIN-SPT EP-PIN-SPT-IVS EP-PIN-URL EP-PIN-URL-UIV EP-PIN-URL-XIV EP-PIN-URL-AUT EP-PIN-APF-EFW EP-PIN-APF-OPR EP-PIN-APF-WFW EP-PIN-DESK EP-PIN-DNT-DOC EP-PIN-DNT-INS EP-PIN-MIG-EP6 EP-PIN-NAV-FAV EP-PIN-PCD-ROL-DWN EP-PIN-PCD-ROL-UPL EP-PIN-RULE EP-PIN-WD EP-SYS-SP EP-PIN-PCD-TRA EP-PIN-PCM EP-PIN-WTS EP-PIN-DNT-CTL EP-PIN-DNT-ACC EP-PIN-WC EP-PIN-WC-CFG EP-PIN-PB-WD EP-PIN-OBN-WS EP-PIN-UNI EP-PIN-WC-CFG-ED EP-PIN-WC-CFG-WZ EP-PIN-PCD EP-PIN-NAV-TAG EP-PIN-GPA EP-EP5 EP-PIN-APF-ACA EP-PIN-PRT-PLT EP-PIN-STD-WSR-ADM EP-PIN-RTM EP-PIN-RTM-CLT EP-PIN-RTM-CLT-JS EP-PIN-RTM-CLT-HUB EP-PIN-RTM-SRV EP-PIN-RTM-DIF EP-PIN-NAV-WS EP-PIN-PRT-GWT EP-PIN-APF-CFG EP-PIN-PCM-EXT EP-PIN-PCM-MM EP-PIN-PCM-MM-BLD EP-PIN-PCM-MM-DT EP-PIN-PCM-MM-RT EP-PIN-PCM-WS EP-PIN-SEC-PER EP-PIN-SEC-SZ EP-PIN-WD-LYT EP-PIN-APF-DLT EP-PIN-APF-MRT EP-PIN-IVS-SPD EP-PIN-NAV-AFP EP-PIN-ADC EP-PIN-AI-BSP EP-PIN-AI-BW EP-PIN-AI-TRA EP-PIN-AI-WDA EP-PIN-AI-WDJ EP-PIN-NAV-HLP EP-PIN-NAV-CCP EP-PIN-NAV-ES EP-PIN-NAV-SRV EP-PIN-OBN-SRV EP-PIN-PB EP-PIN-PB-APB EP-PIN-PB-PRT EP-PIN-WC-NAV EP-PIN-CFG EP-PIN-FPN-RDL EP-PIN-FPN-RRA EP-PIN-WSRP EP-PIN-NAV-MFP EP-PIN-WRR EP-PIN-NAV-UFP BC-PIN EP-PIN-TOL-UTD EP-PIN-BCM EP-PIN-NAV-FFP SV-PERF-EP BC-XS-SRV-PTL",
        "SortOrder": "0"
    }
]