[
    {
        "id": "RITM0687074",
        "area": "Enterprise Cloud Services",
        "sysId": "da",
        "number": "RITM0687074",
        "requestFor": "Ellie Smart (S0018132425)",
        "requestForNumber": "S0018132425",
        "entity": "",
        "type": "",
        "title": "ECS - Assisted Landscape Change Quotation [This is the subject]",
        "chargeableService": "CHARGEABLE",
        "topic": "ECS Infrastructure",
        "createdOn": "1719486830000",
        "createdOnISO": "2024-06-27T11:13:50Z",
        "createdBy": "S0018132425",
        "startsAt": "",
        "startsAtISO": "",
        "status": "In Progress",
        "hasPassword": "false",
        "technicalSystem": "",
        "systemNumber": null,
        "userPasswordList": null,
        "createdByUserName": "Ellie Smart ",
        "systemRole": "",
        "isClassic": false,
        "isOpen": true
    },
    {
        "id": "4593252",
        "area": "Enterprise Cloud Services",
        "sysId": "4593252",
        "number": "",
        "requestFor": "Jason Chan (C5340908)",
        "requestForNumber": "C5340908",
        "entity": "GB3 / 500290879 / ABAP System",
        "type": "",
        "title": "Add-On Installation",
        "chargeableService": "FREE",
        "topic": "HEC Advanced Edition Standard Service",
        "createdOn": "1719486830000",
        "createdOnISO": "2024-06-28T11:13:50Z",
        "createdBy": "SAP",
        "startsAt": "1719486830000",
        "startsAtISO": "2024-06-28T11:13:50Z",
        "status": "New",
        "hasPassword": "",
        "technicalSystem": "",
        "systemNumber": "500290879",
        "userPasswordList": "",
        "createdByUserName": "SAP Employee",
        "systemRole": "",
        "isClassic": true,
        "isOpen": true
    }
]