[
    {
      "UseCaseID": "",
      "SystemNumber": "000000000800025935",
      "CompName": "",
      "ModelNumber": "0000010064-0000001935",
      "ModelCategory": "Product Function",
      "RelationshipType": "Delivered by Software",
      "DisplayName": "Migration and Promotion",
      "FullName": "SAP BusinessObjects Business Intelligence platform > Migration and Promotion",
      "Name": "Migration and Promotion",
      "SoftwareProductNumber": "01200314690800000337",
      "SoftwareProduct": "SAP BusinessObjects Business Intelligence platform",
      "SoftwareRelationship": "Delivered by SAP BusinessObjects Business Intelligence platform",
      "Level": "2 ",
      "DrillState": "Leaf",
      "ParentModelNumber": "0000010064",
      "DefaultCompKey": "0000053531",
      "DefaultCompName": "BI-BIP-LCM",
      "DefaultCompPrioLimit": "",
      "AddSearchTerms": "  BI-BIP-LCM BI-BIP-UMT BI-BIP-IW",
      "SortOrder": "0"
    },
    {
      "UseCaseID": "",
      "SystemNumber": "000000000800025935",
      "CompName": "",
      "ModelNumber": "0000010064-0000001936",
      "ModelCategory": "Product Function",
      "RelationshipType": "Delivered by Software",
      "DisplayName": "SDK",
      "FullName": "SAP BusinessObjects Business Intelligence platform > SDK",
      "Name": "SDK",
      "SoftwareProductNumber": "01200314690800000337",
      "SoftwareProduct": "SAP BusinessObjects Business Intelligence platform",
      "SoftwareRelationship": "Delivered by SAP BusinessObjects Business Intelligence platform",
      "Level": "2 ",
      "DrillState": "Expanded",
      "ParentModelNumber": "0000010064",
      "DefaultCompKey": "",
      "DefaultCompName": "",
      "DefaultCompPrioLimit": "",
      "AddSearchTerms": " ",
      "SortOrder": "1"
    },
    {
      "UseCaseID": "",
      "SystemNumber": "000000000800025935",
      "CompName": "",
      "ModelNumber": "0000010064-0000001936-0000000317",
      "ModelCategory": "Product Function",
      "RelationshipType": "Delivered by Software",
      "DisplayName": "SDK > Java",
      "FullName": "SAP BusinessObjects Business Intelligence platform > SDK > Java",
      "Name": "Java",
      "SoftwareProductNumber": "01200314690800000337",
      "SoftwareProduct": "SAP BusinessObjects Business Intelligence platform",
      "SoftwareRelationship": "Delivered by SAP BusinessObjects Business Intelligence platform",
      "Level": "3 ",
      "DrillState": "Leaf",
      "ParentModelNumber": "0000010064-0000001936",
      "DefaultCompKey": "0000049573",
      "DefaultCompName": "BI-DEV-JAV",
      "DefaultCompPrioLimit": "",
      "AddSearchTerms": "  BI-DEV-JAV",
      "SortOrder": "-1"
    },
    {
      "UseCaseID": "",
      "SystemNumber": "000000000800025935",
      "CompName": "",
      "ModelNumber": "0000010064-0000001936-0000001937",
      "ModelCategory": "Product Function",
      "RelationshipType": "Delivered by Software",
      "DisplayName": "SDK > .NET",
      "FullName": "SAP BusinessObjects Business Intelligence platform > SDK > .NET",
      "Name": ".NET",
      "SoftwareProductNumber": "01200314690800000337",
      "SoftwareProduct": "SAP BusinessObjects Business Intelligence platform",
      "SoftwareRelationship": "Delivered by SAP BusinessObjects Business Intelligence platform",
      "Level": "3 ",
      "DrillState": "Leaf",
      "ParentModelNumber": "0000010064-0000001936",
      "DefaultCompKey": "0000049572",
      "DefaultCompName": "BI-DEV-NET",
      "DefaultCompPrioLimit": "",
      "AddSearchTerms": "  BI-DEV-NET",
      "SortOrder": "-100"
    },
    {
      "UseCaseID": "",
      "SystemNumber": "000000000800025935",
      "CompName": "",
      "ModelNumber": "0000010064-0000001936-0000001938",
      "ModelCategory": "Product Function",
      "RelationshipType": "Delivered by Software",
      "DisplayName": "SDK > Restful",
      "FullName": "SAP BusinessObjects Business Intelligence platform > SDK > Restful",
      "Name": "Restful",
      "SoftwareProductNumber": "01200314690800000337",
      "SoftwareProduct": "SAP BusinessObjects Business Intelligence platform",
      "SoftwareRelationship": "Delivered by SAP BusinessObjects Business Intelligence platform",
      "Level": "3 ",
      "DrillState": "Leaf",
      "ParentModelNumber": "0000010064-0000001936",
      "DefaultCompKey": "0000063124",
      "DefaultCompName": "BI-DEV-WEB",
      "DefaultCompPrioLimit": "",
      "AddSearchTerms": "  BI-DEV-WEB",
      "SortOrder": "-200"
    },
    {
      "UseCaseID": "",
      "SystemNumber": "000000000800025935",
      "CompName": "",
      "ModelNumber": "0000010064-0000001934",
      "ModelCategory": "Product Function",
      "RelationshipType": "Delivered by Software",
      "DisplayName": "Webapp Deployment",
      "FullName": "SAP BusinessObjects Business Intelligence platform > Webapp Deployment",
      "Name": "Webapp Deployment",
      "SoftwareProductNumber": "01200314690800000337",
      "SoftwareProduct": "SAP BusinessObjects Business Intelligence platform",
      "SoftwareRelationship": "Delivered by SAP BusinessObjects Business Intelligence platform",
      "Level": "2 ",
      "DrillState": "Leaf",
      "ParentModelNumber": "0000010064",
      "DefaultCompKey": "0000049549",
      "DefaultCompName": "BI-BIP-DEP",
      "DefaultCompPrioLimit": "",
      "AddSearchTerms": "  BI-BIP-DEP",
      "SortOrder": "-300"
    },
    {
      "UseCaseID": "",
      "SystemNumber": "000000000800025935",
      "CompName": "",
      "ModelNumber": "0000010064-0000001933",
      "ModelCategory": "Product Function",
      "RelationshipType": "Delivered by Software",
      "DisplayName": "Performance",
      "FullName": "SAP BusinessObjects Business Intelligence platform > Performance",
      "Name": "Performance",
      "SoftwareProductNumber": "01200314690800000337",
      "SoftwareProduct": "SAP BusinessObjects Business Intelligence platform",
      "SoftwareRelationship": "Delivered by SAP BusinessObjects Business Intelligence platform",
      "Level": "2 ",
      "DrillState": "Leaf",
      "ParentModelNumber": "0000010064",
      "DefaultCompKey": "0000049553",
      "DefaultCompName": "BI-BIP-PER",
      "DefaultCompPrioLimit": "",
      "AddSearchTerms": "  BI-BIP-PER",
      "SortOrder": "-400"
    },
    {
      "UseCaseID": "",
      "SystemNumber": "000000000800025935",
      "CompName": "",
      "ModelNumber": "0000010064-0000001932",
      "ModelCategory": "Product Function",
      "RelationshipType": "Delivered by Software",
      "DisplayName": "Publishing and Scheduling",
      "FullName": "SAP BusinessObjects Business Intelligence platform > Publishing and Scheduling",
      "Name": "Publishing and Scheduling",
      "SoftwareProductNumber": "01200314690800000337",
      "SoftwareProduct": "SAP BusinessObjects Business Intelligence platform",
      "SoftwareRelationship": "Delivered by SAP BusinessObjects Business Intelligence platform",
      "Level": "2 ",
      "DrillState": "Leaf",
      "ParentModelNumber": "0000010064",
      "DefaultCompKey": "0000049552",
      "DefaultCompName": "BI-BIP-PUB",
      "DefaultCompPrioLimit": "",
      "AddSearchTerms": "  BI-BIP-PUB",
      "SortOrder": "-500"
    },
    {
      "UseCaseID": "",
      "SystemNumber": "000000000800025935",
      "CompName": "",
      "ModelNumber": "0000010064-0000001042",
      "ModelCategory": "Product Function",
      "RelationshipType": "Delivered by Software",
      "DisplayName": "Semantic Layer",
      "FullName": "SAP BusinessObjects Business Intelligence platform > Semantic Layer",
      "Name": "Semantic Layer",
      "SoftwareProductNumber": "01200314690800000337",
      "SoftwareProduct": "SAP BusinessObjects Business Intelligence platform",
      "SoftwareRelationship": "Delivered by SAP BusinessObjects Business Intelligence platform",
      "Level": "2 ",
      "DrillState": "Leaf",
      "ParentModelNumber": "0000010064",
      "DefaultCompKey": "0000053524",
      "DefaultCompName": "BI-BIP-IDT",
      "DefaultCompPrioLimit": "",
      "AddSearchTerms": "  BI-BIP-SL BI-BIP-IDT BI-BIP-UDT BI-BIP-TMT BI-BIP-SL-DSL BI-BIP-DF BI-BIP-IDT-BLX BI-BIP-IDT-CX BI-BIP-IDT-DFX BI-BIP-SL-ENG BI-BIP-SL-ENG-BW BI-BIP-SL-ENG-HAN BI-BIP-SL-ENG-OLA BI-BIP-SL-ENG-REL BI-BIP-SET BI-BIP-SET-ADV BI-BIP-SET-WEB",
      "SortOrder": "-600"
    },
    {
      "UseCaseID": "",
      "SystemNumber": "000000000800025935",
      "CompName": "",
      "ModelNumber": "0000010064-0000001029",
      "ModelCategory": "Product Function",
      "RelationshipType": "Delivered by Software",
      "DisplayName": "CMS and Auditing",
      "FullName": "SAP BusinessObjects Business Intelligence platform > CMS and Auditing",
      "Name": "CMS and Auditing",
      "SoftwareProductNumber": "01200314690800000337",
      "SoftwareProduct": "SAP BusinessObjects Business Intelligence platform",
      "SoftwareRelationship": "Delivered by SAP BusinessObjects Business Intelligence platform",
      "Level": "2 ",
      "DrillState": "Leaf",
      "ParentModelNumber": "0000010064",
      "DefaultCompKey": "0000052793",
      "DefaultCompName": "BI-BIP-SRV",
      "DefaultCompPrioLimit": "",
      "AddSearchTerms": "  BI-BIP-SRV BI-BIP-ACP BI-BIP-LMT",
      "SortOrder": "-700"
    },
    {
      "UseCaseID": "",
      "SystemNumber": "000000000800025935",
      "CompName": "",
      "ModelNumber": "0000010064-0000000571",
      "ModelCategory": "Product Function",
      "RelationshipType": "Delivered by Software",
      "DisplayName": "Web Intelligence",
      "FullName": "SAP BusinessObjects Business Intelligence platform > Web Intelligence",
      "Name": "Web Intelligence",
      "SoftwareProductNumber": "01200314690800000337",
      "SoftwareProduct": "SAP BusinessObjects Business Intelligence platform",
      "SoftwareRelationship": "Delivered by SAP BusinessObjects Business Intelligence platform",
      "Level": "2 ",
      "DrillState": "Leaf",
      "ParentModelNumber": "0000010064",
      "DefaultCompKey": "0000049562",
      "DefaultCompName": "BI-RA-WBI",
      "DefaultCompPrioLimit": "",
      "AddSearchTerms": "  BI-RA-WBI BI-BIP-RCT BI-BIP-LO BI-RA-WBI-FE",
      "SortOrder": "-800"
    },
    {
      "UseCaseID": "",
      "SystemNumber": "000000000800025935",
      "CompName": "",
      "ModelNumber": "0000010064-0000000570",
      "ModelCategory": "Product Function",
      "RelationshipType": "Delivered by Software",
      "DisplayName": "Installation",
      "FullName": "SAP BusinessObjects Business Intelligence platform > Installation",
      "Name": "Installation",
      "SoftwareProductNumber": "01200314690800000337",
      "SoftwareProduct": "SAP BusinessObjects Business Intelligence platform",
      "SoftwareRelationship": "Delivered by SAP BusinessObjects Business Intelligence platform",
      "Level": "2 ",
      "DrillState": "Leaf",
      "ParentModelNumber": "0000010064",
      "DefaultCompKey": "0000052782",
      "DefaultCompName": "BI-BIP-INS",
      "DefaultCompPrioLimit": "",
      "AddSearchTerms": "  BI-BIP-IK BI-BIP-INS",
      "SortOrder": "-900"
    },
    {
      "UseCaseID": "",
      "SystemNumber": "000000000800025935",
      "CompName": "",
      "ModelNumber": "0000010064-0000000569",
      "ModelCategory": "Product Function",
      "RelationshipType": "Delivered by Software",
      "DisplayName": "Authentication",
      "FullName": "SAP BusinessObjects Business Intelligence platform > Authentication",
      "Name": "Authentication",
      "SoftwareProductNumber": "01200314690800000337",
      "SoftwareProduct": "SAP BusinessObjects Business Intelligence platform",
      "SoftwareRelationship": "Delivered by SAP BusinessObjects Business Intelligence platform",
      "Level": "2 ",
      "DrillState": "Leaf",
      "ParentModelNumber": "0000010064",
      "DefaultCompKey": "0000049548",
      "DefaultCompName": "BI-BIP-AUT",
      "DefaultCompPrioLimit": "",
      "AddSearchTerms": "  BI-BIP-AUT",
      "SortOrder": "-1000"
    },
    {
      "UseCaseID": "",
      "SystemNumber": "000000000800025935",
      "CompName": "",
      "ModelNumber": "0000010064-0000000568",
      "ModelCategory": "Product Function",
      "RelationshipType": "Delivered by Software",
      "DisplayName": "Launchpad, Server and Security",
      "FullName": "SAP BusinessObjects Business Intelligence platform > Launchpad, Server and Security",
      "Name": "Launchpad, Server and Security",
      "SoftwareProductNumber": "01200314690800000337",
      "SoftwareProduct": "SAP BusinessObjects Business Intelligence platform",
      "SoftwareRelationship": "Delivered by SAP BusinessObjects Business Intelligence platform",
      "Level": "2 ",
      "DrillState": "Leaf",
      "ParentModelNumber": "0000010064",
      "DefaultCompKey": "0000049551",
      "DefaultCompName": "BI-BIP-ADM",
      "DefaultCompPrioLimit": "",
      "AddSearchTerms": "  BI-BIP-ADM BI-BIP-BIW BI-BIP-ADC",
      "SortOrder": "-2000"
    },
    {
      "UseCaseID": "",
      "SystemNumber": "000000000800025935",
      "CompName": "",
      "ModelNumber": "0000010064-0000000516-0000001892",
      "ModelCategory": "Product Function",
      "RelationshipType": "Related Product",
      "DisplayName": "Related Products > SAP BI Platform Support Tool",
      "FullName": "SAP BusinessObjects Business Intelligence platform > Related Products > SAP BI Platform Support Tool",
      "Name": "SAP BI Platform Support Tool",
      "SoftwareProductNumber": "01200314690800000337",
      "SoftwareProduct": "SAP BusinessObjects Business Intelligence platform",
      "SoftwareRelationship": "Related to SAP BusinessObjects Business Intelligence platform",
      "Level": "3 ",
      "DrillState": "Leaf",
      "ParentModelNumber": "0000010064-0000000516",
      "DefaultCompKey": "0000069960",
      "DefaultCompName": "BI-BIP-ST",
      "DefaultCompPrioLimit": "XX",
      "AddSearchTerms": "  BI-BIP-ST",
      "SortOrder": "-200000"
    }
  ]