[
    {
        "__metadata": {
            "id": "('AFGHAN')",
            "uri": "('AFGHAN')",
            "type": "SVT_USER_PROFILE_SRV.Timezone"
        },
        "DESCRIPT": "Afghanistan",
        "UTCSIGN": "+",
        "UTCDIFF": "PT04H30M00S",
        "TZONE": "AFGHAN"
    },
    {
        "__metadata": {
            "id": "('ALA')",
            "uri": "('ALA')",
            "type": "SVT_USER_PROFILE_SRV.Timezone"
        },
        "DESCRIPT": "Alaska (Anchorage)",
        "UTCSIGN": "-",
        "UTCDIFF": "PT08H00M00S",
        "TZONE": "ALA"
    },
    {
        "__metadata": {
            "id": "('ALAW')",
            "uri": "('ALAW')",
            "type": "SVT_USER_PROFILE_SRV.Timezone"
        },
        "DESCRIPT": "Alaska (Aleutian)",
        "UTCSIGN": "-",
        "UTCDIFF": "PT09H00M00S",
        "TZONE": "ALAW"
    },
    {
        "__metadata": {
            "id": "('ART')",
            "uri": "('ART')",
            "type": "SVT_USER_PROFILE_SRV.Timezone"
        },
        "DESCRIPT": "Argentina",
        "UTCSIGN": "-",
        "UTCDIFF": "PT03H00M00S",
        "TZONE": "ART"
    },
    {
        "__metadata": {
            "id": "('AST')",
            "uri": "('AST')",
            "type": "SVT_USER_PROFILE_SRV.Timezone"
        },
        "DESCRIPT": "Atlantic Time (Halifax)",
        "UTCSIGN": "-",
        "UTCDIFF": "PT03H00M00S",
        "TZONE": "AST"
    },
    {
        "__metadata": {
            "id": "('AUSACT')",
            "uri": "('AUSACT')",
            "type": "SVT_USER_PROFILE_SRV.Timezone"
        },
        "DESCRIPT": "(obsolete, use AUSNSW)",
        "UTCSIGN": "+",
        "UTCDIFF": "PT10H00M00S",
        "TZONE": "AUSACT"
    },
    {
        "__metadata": {
            "id": "('AUSEUC')",
            "uri": "('AUSEUC')",
            "type": "SVT_USER_PROFILE_SRV.Timezone"
        },
        "DESCRIPT": "Australia Eucla",
        "UTCSIGN": "+",
        "UTCDIFF": "PT08H45M00S",
        "TZONE": "AUSEUC"
    },
    {
        "__metadata": {
            "id": "('AUSLHI')",
            "uri": "('AUSLHI')",
            "type": "SVT_USER_PROFILE_SRV.Timezone"
        },
        "DESCRIPT": "Australia Lord Howe Island",
        "UTCSIGN": "+",
        "UTCDIFF": "PT10H30M00S",
        "TZONE": "AUSLHI"
    },
    {
        "__metadata": {
            "id": "('AUSNSW')",
            "uri": "('AUSNSW')",
            "type": "SVT_USER_PROFILE_SRV.Timezone"
        },
        "DESCRIPT": "Australia New South Wales",
        "UTCSIGN": "+",
        "UTCDIFF": "PT10H00M00S",
        "TZONE": "AUSNSW"
    },
    {
        "__metadata": {
            "id": "('AUSNT')",
            "uri": "('AUSNT')",
            "type": "SVT_USER_PROFILE_SRV.Timezone"
        },
        "DESCRIPT": "Australia Northern Territories",
        "UTCSIGN": "+",
        "UTCDIFF": "PT09H30M00S",
        "TZONE": "AUSNT"
    },
    {
        "__metadata": {
            "id": "('AUSQLD')",
            "uri": "('AUSQLD')",
            "type": "SVT_USER_PROFILE_SRV.Timezone"
        },
        "DESCRIPT": "Australia Queensland",
        "UTCSIGN": "+",
        "UTCDIFF": "PT10H00M00S",
        "TZONE": "AUSQLD"
    },
    {
        "__metadata": {
            "id": "('AUSSA')",
            "uri": "('AUSSA')",
            "type": "SVT_USER_PROFILE_SRV.Timezone"
        },
        "DESCRIPT": "Australia South Australia",
        "UTCSIGN": "+",
        "UTCDIFF": "PT09H30M00S",
        "TZONE": "AUSSA"
    },
    {
        "__metadata": {
            "id": "('AUSTAS')",
            "uri": "('AUSTAS')",
            "type": "SVT_USER_PROFILE_SRV.Timezone"
        },
        "DESCRIPT": "Australia Tasmania",
        "UTCSIGN": "+",
        "UTCDIFF": "PT10H00M00S",
        "TZONE": "AUSTAS"
    },
    {
        "__metadata": {
            "id": "('AUSVIC')",
            "uri": "('AUSVIC')",
            "type": "SVT_USER_PROFILE_SRV.Timezone"
        },
        "DESCRIPT": "Australia Victoria",
        "UTCSIGN": "+",
        "UTCDIFF": "PT10H00M00S",
        "TZONE": "AUSVIC"
    },
    {
        "__metadata": {
            "id": "('AUSWA')",
            "uri": "('AUSWA')",
            "type": "SVT_USER_PROFILE_SRV.Timezone"
        },
        "DESCRIPT": "Australia Western Australia",
        "UTCSIGN": "+",
        "UTCDIFF": "PT08H00M00S",
        "TZONE": "AUSWA"
    },
    {
        "__metadata": {
            "id": "('AZOREN')",
            "uri": "('AZOREN')",
            "type": "SVT_USER_PROFILE_SRV.Timezone"
        },
        "DESCRIPT": "Europe Azores",
        "UTCSIGN": "+",
        "UTCDIFF": "PT00H00M00S",
        "TZONE": "AZOREN"
    },
    {
        "__metadata": {
            "id": "('AZT')",
            "uri": "('AZT')",
            "type": "SVT_USER_PROFILE_SRV.Timezone"
        },
        "DESCRIPT": "Azerbaijan",
        "UTCSIGN": "+",
        "UTCDIFF": "PT04H00M00S",
        "TZONE": "AZT"
    },
    {
        "__metadata": {
            "id": "('BDT')",
            "uri": "('BDT')",
            "type": "SVT_USER_PROFILE_SRV.Timezone"
        },
        "DESCRIPT": "Bangladesh",
        "UTCSIGN": "+",
        "UTCDIFF": "PT06H00M00S",
        "TZONE": "BDT"
    },
    {
        "__metadata": {
            "id": "('BRAZIL')",
            "uri": "('BRAZIL')",
            "type": "SVT_USER_PROFILE_SRV.Timezone"
        },
        "DESCRIPT": "Brazil",
        "UTCSIGN": "-",
        "UTCDIFF": "PT03H00M00S",
        "TZONE": "BRAZIL"
    },
    {
        "__metadata": {
            "id": "('BRZLAN')",
            "uri": "('BRZLAN')",
            "type": "SVT_USER_PROFILE_SRV.Timezone"
        },
        "DESCRIPT": "Brazil Andes",
        "UTCSIGN": "-",
        "UTCDIFF": "PT05H00M00S",
        "TZONE": "BRZLAN"
    },
    {
        "__metadata": {
            "id": "('BRZLEA')",
            "uri": "('BRZLEA')",
            "type": "SVT_USER_PROFILE_SRV.Timezone"
        },
        "DESCRIPT": "(obsolete, use BRAZIL)",
        "UTCSIGN": "-",
        "UTCDIFF": "PT03H00M00S",
        "TZONE": "BRZLEA"
    },
    {
        "__metadata": {
            "id": "('BRZLWE')",
            "uri": "('BRZLWE')",
            "type": "SVT_USER_PROFILE_SRV.Timezone"
        },
        "DESCRIPT": "Brazil West",
        "UTCSIGN": "-",
        "UTCDIFF": "PT04H00M00S",
        "TZONE": "BRZLWE"
    },
    {
        "__metadata": {
            "id": "('CAT')",
            "uri": "('CAT')",
            "type": "SVT_USER_PROFILE_SRV.Timezone"
        },
        "DESCRIPT": "Central Africa",
        "UTCSIGN": "+",
        "UTCDIFF": "PT02H00M00S",
        "TZONE": "CAT"
    },
    {
        "__metadata": {
            "id": "('CET')",
            "uri": "('CET')",
            "type": "SVT_USER_PROFILE_SRV.Timezone"
        },
        "DESCRIPT": "Central Europe",
        "UTCSIGN": "+",
        "UTCDIFF": "PT02H00M00S",
        "TZONE": "CET"
    },
    {
        "__metadata": {
            "id": "('CHILE')",
            "uri": "('CHILE')",
            "type": "SVT_USER_PROFILE_SRV.Timezone"
        },
        "DESCRIPT": "Chile",
        "UTCSIGN": "-",
        "UTCDIFF": "PT03H00M00S",
        "TZONE": "CHILE"
    },
    {
        "__metadata": {
            "id": "('CHILEE')",
            "uri": "('CHILEE')",
            "type": "SVT_USER_PROFILE_SRV.Timezone"
        },
        "DESCRIPT": "Chile Easter Island",
        "UTCSIGN": "-",
        "UTCDIFF": "PT05H00M00S",
        "TZONE": "CHILEE"
    },
    {
        "__metadata": {
            "id": "('CHILEM')",
            "uri": "('CHILEM')",
            "type": "SVT_USER_PROFILE_SRV.Timezone"
        },
        "DESCRIPT": "Chile Magallanes",
        "UTCSIGN": "-",
        "UTCDIFF": "PT03H00M00S",
        "TZONE": "CHILEM"
    },
    {
        "__metadata": {
            "id": "('CST')",
            "uri": "('CST')",
            "type": "SVT_USER_PROFILE_SRV.Timezone"
        },
        "DESCRIPT": "Central Time (Dallas)",
        "UTCSIGN": "-",
        "UTCDIFF": "PT05H00M00S",
        "TZONE": "CST"
    },
    {
        "__metadata": {
            "id": "('CSTNO')",
            "uri": "('CSTNO')",
            "type": "SVT_USER_PROFILE_SRV.Timezone"
        },
        "DESCRIPT": "Central Time No DST",
        "UTCSIGN": "-",
        "UTCDIFF": "PT06H00M00S",
        "TZONE": "CSTNO"
    },
    {
        "__metadata": {
            "id": "('CST_NA')",
            "uri": "('CST_NA')",
            "type": "SVT_USER_PROFILE_SRV.Timezone"
        },
        "DESCRIPT": "Central Time North America",
        "UTCSIGN": "-",
        "UTCDIFF": "PT05H00M00S",
        "TZONE": "CST_NA"
    },
    {
        "__metadata": {
            "id": "('CYPRUS')",
            "uri": "('CYPRUS')",
            "type": "SVT_USER_PROFILE_SRV.Timezone"
        },
        "DESCRIPT": "Cyprus",
        "UTCSIGN": "+",
        "UTCDIFF": "PT03H00M00S",
        "TZONE": "CYPRUS"
    },
    {
        "__metadata": {
            "id": "('EET')",
            "uri": "('EET')",
            "type": "SVT_USER_PROFILE_SRV.Timezone"
        },
        "DESCRIPT": "Eastern Europe",
        "UTCSIGN": "+",
        "UTCDIFF": "PT03H00M00S",
        "TZONE": "EET"
    },
    {
        "__metadata": {
            "id": "('EGYPT')",
            "uri": "('EGYPT')",
            "type": "SVT_USER_PROFILE_SRV.Timezone"
        },
        "DESCRIPT": "Egypt",
        "UTCSIGN": "+",
        "UTCDIFF": "PT02H00M00S",
        "TZONE": "EGYPT"
    },
    {
        "__metadata": {
            "id": "('EST')",
            "uri": "('EST')",
            "type": "SVT_USER_PROFILE_SRV.Timezone"
        },
        "DESCRIPT": "Eastern Time (New York)",
        "UTCSIGN": "-",
        "UTCDIFF": "PT04H00M00S",
        "TZONE": "EST"
    },
    {
        "__metadata": {
            "id": "('ESTNO')",
            "uri": "('ESTNO')",
            "type": "SVT_USER_PROFILE_SRV.Timezone"
        },
        "DESCRIPT": "Eastern Time (Indianapolis)",
        "UTCSIGN": "-",
        "UTCDIFF": "PT05H00M00S",
        "TZONE": "ESTNO"
    },
    {
        "__metadata": {
            "id": "('EST_NA')",
            "uri": "('EST_NA')",
            "type": "SVT_USER_PROFILE_SRV.Timezone"
        },
        "DESCRIPT": "Eastern Time North America",
        "UTCSIGN": "-",
        "UTCDIFF": "PT04H00M00S",
        "TZONE": "EST_NA"
    },
    {
        "__metadata": {
            "id": "('FIJI')",
            "uri": "('FIJI')",
            "type": "SVT_USER_PROFILE_SRV.Timezone"
        },
        "DESCRIPT": "Republic of Fiji",
        "UTCSIGN": "+",
        "UTCDIFF": "PT12H00M00S",
        "TZONE": "FIJI"
    },
    {
        "__metadata": {
            "id": "('FLKLND')",
            "uri": "('FLKLND')",
            "type": "SVT_USER_PROFILE_SRV.Timezone"
        },
        "DESCRIPT": "Falkland Islands",
        "UTCSIGN": "-",
        "UTCDIFF": "PT03H00M00S",
        "TZONE": "FLKLND"
    },
    {
        "__metadata": {
            "id": "('GMTUK')",
            "uri": "('GMTUK')",
            "type": "SVT_USER_PROFILE_SRV.Timezone"
        },
        "DESCRIPT": "Greenwich UK with DST",
        "UTCSIGN": "+",
        "UTCDIFF": "PT01H00M00S",
        "TZONE": "GMTUK"
    },
    {
        "__metadata": {
            "id": "('GST')",
            "uri": "('GST')",
            "type": "SVT_USER_PROFILE_SRV.Timezone"
        },
        "DESCRIPT": "Greenland",
        "UTCSIGN": "-",
        "UTCDIFF": "PT02H00M00S",
        "TZONE": "GST"
    },
    {
        "__metadata": {
            "id": "('GSTE')",
            "uri": "('GSTE')",
            "type": "SVT_USER_PROFILE_SRV.Timezone"
        },
        "DESCRIPT": "Eastern Greenland",
        "UTCSIGN": "+",
        "UTCDIFF": "PT00H00M00S",
        "TZONE": "GSTE"
    },
    {
        "__metadata": {
            "id": "('GSTW')",
            "uri": "('GSTW')",
            "type": "SVT_USER_PROFILE_SRV.Timezone"
        },
        "DESCRIPT": "Western Greenland",
        "UTCSIGN": "-",
        "UTCDIFF": "PT03H00M00S",
        "TZONE": "GSTW"
    },
    {
        "__metadata": {
            "id": "('HAW')",
            "uri": "('HAW')",
            "type": "SVT_USER_PROFILE_SRV.Timezone"
        },
        "DESCRIPT": "Hawaii",
        "UTCSIGN": "-",
        "UTCDIFF": "PT10H00M00S",
        "TZONE": "HAW"
    },
    {
        "__metadata": {
            "id": "('INDIA')",
            "uri": "('INDIA')",
            "type": "SVT_USER_PROFILE_SRV.Timezone"
        },
        "DESCRIPT": "India",
        "UTCSIGN": "+",
        "UTCDIFF": "PT05H30M00S",
        "TZONE": "INDIA"
    },
    {
        "__metadata": {
            "id": "('IRAN')",
            "uri": "('IRAN')",
            "type": "SVT_USER_PROFILE_SRV.Timezone"
        },
        "DESCRIPT": "Iran",
        "UTCSIGN": "+",
        "UTCDIFF": "PT03H30M00S",
        "TZONE": "IRAN"
    },
    {
        "__metadata": {
            "id": "('IRAQ')",
            "uri": "('IRAQ')",
            "type": "SVT_USER_PROFILE_SRV.Timezone"
        },
        "DESCRIPT": "Iraq",
        "UTCSIGN": "+",
        "UTCDIFF": "PT03H00M00S",
        "TZONE": "IRAQ"
    },
    {
        "__metadata": {
            "id": "('ISRAEL')",
            "uri": "('ISRAEL')",
            "type": "SVT_USER_PROFILE_SRV.Timezone"
        },
        "DESCRIPT": "Israel",
        "UTCSIGN": "+",
        "UTCDIFF": "PT02H00M00S",
        "TZONE": "ISRAEL"
    },
    {
        "__metadata": {
            "id": "('JAPAN')",
            "uri": "('JAPAN')",
            "type": "SVT_USER_PROFILE_SRV.Timezone"
        },
        "DESCRIPT": "Japan",
        "UTCSIGN": "+",
        "UTCDIFF": "PT09H00M00S",
        "TZONE": "JAPAN"
    },
    {
        "__metadata": {
            "id": "('JORDAN')",
            "uri": "('JORDAN')",
            "type": "SVT_USER_PROFILE_SRV.Timezone"
        },
        "DESCRIPT": "Jordan",
        "UTCSIGN": "+",
        "UTCDIFF": "PT03H00M00S",
        "TZONE": "JORDAN"
    },
    {
        "__metadata": {
            "id": "('LBANON')",
            "uri": "('LBANON')",
            "type": "SVT_USER_PROFILE_SRV.Timezone"
        },
        "DESCRIPT": "Lebanon",
        "UTCSIGN": "+",
        "UTCDIFF": "PT03H00M00S",
        "TZONE": "LBANON"
    },
    {
        "__metadata": {
            "id": "('MAU')",
            "uri": "('MAU')",
            "type": "SVT_USER_PROFILE_SRV.Timezone"
        },
        "DESCRIPT": "Mauritius",
        "UTCSIGN": "+",
        "UTCDIFF": "PT04H00M00S",
        "TZONE": "MAU"
    },
    {
        "__metadata": {
            "id": "('MOLDVA')",
            "uri": "('MOLDVA')",
            "type": "SVT_USER_PROFILE_SRV.Timezone"
        },
        "DESCRIPT": "Republic of Moldova",
        "UTCSIGN": "+",
        "UTCDIFF": "PT03H00M00S",
        "TZONE": "MOLDVA"
    },
    {
        "__metadata": {
            "id": "('MOROCC')",
            "uri": "('MOROCC')",
            "type": "SVT_USER_PROFILE_SRV.Timezone"
        },
        "DESCRIPT": "Morocco",
        "UTCSIGN": "+",
        "UTCDIFF": "PT01H00M00S",
        "TZONE": "MOROCC"
    },
    {
        "__metadata": {
            "id": "('MST')",
            "uri": "('MST')",
            "type": "SVT_USER_PROFILE_SRV.Timezone"
        },
        "DESCRIPT": "Mountain Time (Denver)",
        "UTCSIGN": "-",
        "UTCDIFF": "PT06H00M00S",
        "TZONE": "MST"
    },
    {
        "__metadata": {
            "id": "('MSTNO')",
            "uri": "('MSTNO')",
            "type": "SVT_USER_PROFILE_SRV.Timezone"
        },
        "DESCRIPT": "Mountain Time (Phoenix)",
        "UTCSIGN": "-",
        "UTCDIFF": "PT07H00M00S",
        "TZONE": "MSTNO"
    },
    {
        "__metadata": {
            "id": "('MST_NA')",
            "uri": "('MST_NA')",
            "type": "SVT_USER_PROFILE_SRV.Timezone"
        },
        "DESCRIPT": "Mountain Time North America",
        "UTCSIGN": "-",
        "UTCDIFF": "PT06H00M00S",
        "TZONE": "MST_NA"
    },
    {
        "__metadata": {
            "id": "('NAT')",
            "uri": "('NAT')",
            "type": "SVT_USER_PROFILE_SRV.Timezone"
        },
        "DESCRIPT": "Namibia (obsolete, use CAT)",
        "UTCSIGN": "+",
        "UTCDIFF": "PT02H00M00S",
        "TZONE": "NAT"
    },
    {
        "__metadata": {
            "id": "('NEPAL')",
            "uri": "('NEPAL')",
            "type": "SVT_USER_PROFILE_SRV.Timezone"
        },
        "DESCRIPT": "Nepal",
        "UTCSIGN": "+",
        "UTCDIFF": "PT05H45M00S",
        "TZONE": "NEPAL"
    },
    {
        "__metadata": {
            "id": "('NFDL')",
            "uri": "('NFDL')",
            "type": "SVT_USER_PROFILE_SRV.Timezone"
        },
        "DESCRIPT": "(obsolete, use NST)",
        "UTCSIGN": "-",
        "UTCDIFF": "PT02H30M00S",
        "TZONE": "NFDL"
    },
    {
        "__metadata": {
            "id": "('NORFLK')",
            "uri": "('NORFLK')",
            "type": "SVT_USER_PROFILE_SRV.Timezone"
        },
        "DESCRIPT": "Norfolk Islands",
        "UTCSIGN": "+",
        "UTCDIFF": "PT11H00M00S",
        "TZONE": "NORFLK"
    },
    {
        "__metadata": {
            "id": "('NST')",
            "uri": "('NST')",
            "type": "SVT_USER_PROFILE_SRV.Timezone"
        },
        "DESCRIPT": "Newfoundland",
        "UTCSIGN": "-",
        "UTCDIFF": "PT02H30M00S",
        "TZONE": "NST"
    },
    {
        "__metadata": {
            "id": "('NZCHA')",
            "uri": "('NZCHA')",
            "type": "SVT_USER_PROFILE_SRV.Timezone"
        },
        "DESCRIPT": "New Zealand Chatham Islands",
        "UTCSIGN": "+",
        "UTCDIFF": "PT13H45M00S",
        "TZONE": "NZCHA"
    },
    {
        "__metadata": {
            "id": "('NZST')",
            "uri": "('NZST')",
            "type": "SVT_USER_PROFILE_SRV.Timezone"
        },
        "DESCRIPT": "New Zealand",
        "UTCSIGN": "+",
        "UTCDIFF": "PT13H00M00S",
        "TZONE": "NZST"
    },
    {
        "__metadata": {
            "id": "('PARAGY')",
            "uri": "('PARAGY')",
            "type": "SVT_USER_PROFILE_SRV.Timezone"
        },
        "DESCRIPT": "Paraguay",
        "UTCSIGN": "-",
        "UTCDIFF": "PT04H00M00S",
        "TZONE": "PARAGY"
    },
    {
        "__metadata": {
            "id": "('PIERRE')",
            "uri": "('PIERRE')",
            "type": "SVT_USER_PROFILE_SRV.Timezone"
        },
        "DESCRIPT": "Saint-Pierre & Miquelon",
        "UTCSIGN": "-",
        "UTCDIFF": "PT02H00M00S",
        "TZONE": "PIERRE"
    },
    {
        "__metadata": {
            "id": "('PKT')",
            "uri": "('PKT')",
            "type": "SVT_USER_PROFILE_SRV.Timezone"
        },
        "DESCRIPT": "Pakistan",
        "UTCSIGN": "+",
        "UTCDIFF": "PT05H00M00S",
        "TZONE": "PKT"
    },
    {
        "__metadata": {
            "id": "('PST')",
            "uri": "('PST')",
            "type": "SVT_USER_PROFILE_SRV.Timezone"
        },
        "DESCRIPT": "Pacific Time (Los Angeles)",
        "UTCSIGN": "-",
        "UTCDIFF": "PT07H00M00S",
        "TZONE": "PST"
    },
    {
        "__metadata": {
            "id": "('PST_NA')",
            "uri": "('PST_NA')",
            "type": "SVT_USER_PROFILE_SRV.Timezone"
        },
        "DESCRIPT": "(obsolete)",
        "UTCSIGN": "-",
        "UTCDIFF": "PT07H00M00S",
        "TZONE": "PST_NA"
    },
    {
        "__metadata": {
            "id": "('QAZ_05')",
            "uri": "('QAZ_05')",
            "type": "SVT_USER_PROFILE_SRV.Timezone"
        },
        "DESCRIPT": "UTC+05",
        "UTCSIGN": "+",
        "UTCDIFF": "PT05H00M00S",
        "TZONE": "QAZ_05"
    },
    {
        "__metadata": {
            "id": "('QAZ_06')",
            "uri": "('QAZ_06')",
            "type": "SVT_USER_PROFILE_SRV.Timezone"
        },
        "DESCRIPT": "UTC+06",
        "UTCSIGN": "+",
        "UTCDIFF": "PT06H00M00S",
        "TZONE": "QAZ_06"
    },
    {
        "__metadata": {
            "id": "('RUS02')",
            "uri": "('RUS02')",
            "type": "SVT_USER_PROFILE_SRV.Timezone"
        },
        "DESCRIPT": "Russia MSK-01",
        "UTCSIGN": "+",
        "UTCDIFF": "PT02H00M00S",
        "TZONE": "RUS02"
    },
    {
        "__metadata": {
            "id": "('RUS03')",
            "uri": "('RUS03')",
            "type": "SVT_USER_PROFILE_SRV.Timezone"
        },
        "DESCRIPT": "Russia MSK",
        "UTCSIGN": "+",
        "UTCDIFF": "PT03H00M00S",
        "TZONE": "RUS03"
    },
    {
        "__metadata": {
            "id": "('RUS04')",
            "uri": "('RUS04')",
            "type": "SVT_USER_PROFILE_SRV.Timezone"
        },
        "DESCRIPT": "Russia MSK+01",
        "UTCSIGN": "+",
        "UTCDIFF": "PT04H00M00S",
        "TZONE": "RUS04"
    },
    {
        "__metadata": {
            "id": "('RUS05')",
            "uri": "('RUS05')",
            "type": "SVT_USER_PROFILE_SRV.Timezone"
        },
        "DESCRIPT": "Russia MSK+02",
        "UTCSIGN": "+",
        "UTCDIFF": "PT05H00M00S",
        "TZONE": "RUS05"
    },
    {
        "__metadata": {
            "id": "('RUS06')",
            "uri": "('RUS06')",
            "type": "SVT_USER_PROFILE_SRV.Timezone"
        },
        "DESCRIPT": "Russia MSK+03",
        "UTCSIGN": "+",
        "UTCDIFF": "PT06H00M00S",
        "TZONE": "RUS06"
    },
    {
        "__metadata": {
            "id": "('RUS07')",
            "uri": "('RUS07')",
            "type": "SVT_USER_PROFILE_SRV.Timezone"
        },
        "DESCRIPT": "Russia MSK+04",
        "UTCSIGN": "+",
        "UTCDIFF": "PT07H00M00S",
        "TZONE": "RUS07"
    },
    {
        "__metadata": {
            "id": "('RUS08')",
            "uri": "('RUS08')",
            "type": "SVT_USER_PROFILE_SRV.Timezone"
        },
        "DESCRIPT": "Russia MSK+05",
        "UTCSIGN": "+",
        "UTCDIFF": "PT08H00M00S",
        "TZONE": "RUS08"
    },
    {
        "__metadata": {
            "id": "('RUS09')",
            "uri": "('RUS09')",
            "type": "SVT_USER_PROFILE_SRV.Timezone"
        },
        "DESCRIPT": "Russia MSK+06",
        "UTCSIGN": "+",
        "UTCDIFF": "PT09H00M00S",
        "TZONE": "RUS09"
    },
    {
        "__metadata": {
            "id": "('RUS10')",
            "uri": "('RUS10')",
            "type": "SVT_USER_PROFILE_SRV.Timezone"
        },
        "DESCRIPT": "Russia MSK+07",
        "UTCSIGN": "+",
        "UTCDIFF": "PT10H00M00S",
        "TZONE": "RUS10"
    },
    {
        "__metadata": {
            "id": "('RUS11')",
            "uri": "('RUS11')",
            "type": "SVT_USER_PROFILE_SRV.Timezone"
        },
        "DESCRIPT": "Russia MSK+08",
        "UTCSIGN": "+",
        "UTCDIFF": "PT11H00M00S",
        "TZONE": "RUS11"
    },
    {
        "__metadata": {
            "id": "('RUS12')",
            "uri": "('RUS12')",
            "type": "SVT_USER_PROFILE_SRV.Timezone"
        },
        "DESCRIPT": "Russia MSK+09",
        "UTCSIGN": "+",
        "UTCDIFF": "PT12H00M00S",
        "TZONE": "RUS12"
    },
    {
        "__metadata": {
            "id": "('RUS13')",
            "uri": "('RUS13')",
            "type": "SVT_USER_PROFILE_SRV.Timezone"
        },
        "DESCRIPT": "(obsolete)",
        "UTCSIGN": "+",
        "UTCDIFF": "PT13H00M00S",
        "TZONE": "RUS13"
    },
    {
        "__metadata": {
            "id": "('RUS14')",
            "uri": "('RUS14')",
            "type": "SVT_USER_PROFILE_SRV.Timezone"
        },
        "DESCRIPT": "(obsolete)",
        "UTCSIGN": "+",
        "UTCDIFF": "PT14H00M00S",
        "TZONE": "RUS14"
    },
    {
        "__metadata": {
            "id": "('SYRIA')",
            "uri": "('SYRIA')",
            "type": "SVT_USER_PROFILE_SRV.Timezone"
        },
        "DESCRIPT": "Syria",
        "UTCSIGN": "+",
        "UTCDIFF": "PT02H00M00S",
        "TZONE": "SYRIA"
    },
    {
        "__metadata": {
            "id": "('TURKEY')",
            "uri": "('TURKEY')",
            "type": "SVT_USER_PROFILE_SRV.Timezone"
        },
        "DESCRIPT": "Turkey",
        "UTCSIGN": "+",
        "UTCDIFF": "PT03H00M00S",
        "TZONE": "TURKEY"
    },
    {
        "__metadata": {
            "id": "('UK')",
            "uri": "('UK')",
            "type": "SVT_USER_PROFILE_SRV.Timezone"
        },
        "DESCRIPT": "(obsolete)",
        "UTCSIGN": "+",
        "UTCDIFF": "PT01H00M00S",
        "TZONE": "UK"
    },
    {
        "__metadata": {
            "id": "('URUGUA')",
            "uri": "('URUGUA')",
            "type": "SVT_USER_PROFILE_SRV.Timezone"
        },
        "DESCRIPT": "Uruguay",
        "UTCSIGN": "-",
        "UTCDIFF": "PT03H00M00S",
        "TZONE": "URUGUA"
    },
    {
        "__metadata": {
            "id": "('UT%2B103')",
            "uri": "('UT%2B103')",
            "type": "SVT_USER_PROFILE_SRV.Timezone"
        },
        "DESCRIPT": "(obsolete)",
        "UTCSIGN": "+",
        "UTCDIFF": "PT10H30M00S",
        "TZONE": "UT+103"
    },
    {
        "__metadata": {
            "id": "('UT%2B113')",
            "uri": "('UT%2B113')",
            "type": "SVT_USER_PROFILE_SRV.Timezone"
        },
        "DESCRIPT": "(obsolete)",
        "UTCSIGN": "+",
        "UTCDIFF": "PT11H30M00S",
        "TZONE": "UT+113"
    },
    {
        "__metadata": {
            "id": "('UT%2B123')",
            "uri": "('UT%2B123')",
            "type": "SVT_USER_PROFILE_SRV.Timezone"
        },
        "DESCRIPT": "(obsolete)",
        "UTCSIGN": "+",
        "UTCDIFF": "PT12H30M00S",
        "TZONE": "UT+123"
    },
    {
        "__metadata": {
            "id": "('UT-103')",
            "uri": "('UT-103')",
            "type": "SVT_USER_PROFILE_SRV.Timezone"
        },
        "DESCRIPT": "(obsolete)",
        "UTCSIGN": "-",
        "UTCDIFF": "PT10H30M00S",
        "TZONE": "UT-103"
    },
    {
        "__metadata": {
            "id": "('UT-113')",
            "uri": "('UT-113')",
            "type": "SVT_USER_PROFILE_SRV.Timezone"
        },
        "DESCRIPT": "(obsolete)",
        "UTCSIGN": "-",
        "UTCDIFF": "PT11H30M00S",
        "TZONE": "UT-113"
    },
    {
        "__metadata": {
            "id": "('UT-123')",
            "uri": "('UT-123')",
            "type": "SVT_USER_PROFILE_SRV.Timezone"
        },
        "DESCRIPT": "(obsolete)",
        "UTCSIGN": "-",
        "UTCDIFF": "PT12H30M00S",
        "TZONE": "UT-123"
    },
    {
        "__metadata": {
            "id": "('UTC')",
            "uri": "('UTC')",
            "type": "SVT_USER_PROFILE_SRV.Timezone"
        },
        "DESCRIPT": "UTC+0",
        "UTCSIGN": "+",
        "UTCDIFF": "PT00H00M00S",
        "TZONE": "UTC"
    },
    {
        "__metadata": {
            "id": "('UTC%2B1')",
            "uri": "('UTC%2B1')",
            "type": "SVT_USER_PROFILE_SRV.Timezone"
        },
        "DESCRIPT": "UTC+01",
        "UTCSIGN": "+",
        "UTCDIFF": "PT01H00M00S",
        "TZONE": "UTC+1"
    },
    {
        "__metadata": {
            "id": "('UTC%2B10')",
            "uri": "('UTC%2B10')",
            "type": "SVT_USER_PROFILE_SRV.Timezone"
        },
        "DESCRIPT": "UTC+10",
        "UTCSIGN": "+",
        "UTCDIFF": "PT10H00M00S",
        "TZONE": "UTC+10"
    },
    {
        "__metadata": {
            "id": "('UTC%2B11')",
            "uri": "('UTC%2B11')",
            "type": "SVT_USER_PROFILE_SRV.Timezone"
        },
        "DESCRIPT": "UTC+11",
        "UTCSIGN": "+",
        "UTCDIFF": "PT11H00M00S",
        "TZONE": "UTC+11"
    },
    {
        "__metadata": {
            "id": "('UTC%2B12')",
            "uri": "('UTC%2B12')",
            "type": "SVT_USER_PROFILE_SRV.Timezone"
        },
        "DESCRIPT": "UTC+12",
        "UTCSIGN": "+",
        "UTCDIFF": "PT12H00M00S",
        "TZONE": "UTC+12"
    },
    {
        "__metadata": {
            "id": "('UTC%2B13')",
            "uri": "('UTC%2B13')",
            "type": "SVT_USER_PROFILE_SRV.Timezone"
        },
        "DESCRIPT": "UTC+13",
        "UTCSIGN": "+",
        "UTCDIFF": "PT13H00M00S",
        "TZONE": "UTC+13"
    },
    {
        "__metadata": {
            "id": "('UTC%2B14')",
            "uri": "('UTC%2B14')",
            "type": "SVT_USER_PROFILE_SRV.Timezone"
        },
        "DESCRIPT": "UTC+14",
        "UTCSIGN": "+",
        "UTCDIFF": "PT14H00M00S",
        "TZONE": "UTC+14"
    },
    {
        "__metadata": {
            "id": "('UTC%2B2')",
            "uri": "('UTC%2B2')",
            "type": "SVT_USER_PROFILE_SRV.Timezone"
        },
        "DESCRIPT": "UTC+02",
        "UTCSIGN": "+",
        "UTCDIFF": "PT02H00M00S",
        "TZONE": "UTC+2"
    },
    {
        "__metadata": {
            "id": "('UTC%2B3')",
            "uri": "('UTC%2B3')",
            "type": "SVT_USER_PROFILE_SRV.Timezone"
        },
        "DESCRIPT": "UTC+03",
        "UTCSIGN": "+",
        "UTCDIFF": "PT03H00M00S",
        "TZONE": "UTC+3"
    },
    {
        "__metadata": {
            "id": "('UTC%2B33')",
            "uri": "('UTC%2B33')",
            "type": "SVT_USER_PROFILE_SRV.Timezone"
        },
        "DESCRIPT": "(obsolete)",
        "UTCSIGN": "+",
        "UTCDIFF": "PT03H30M00S",
        "TZONE": "UTC+33"
    },
    {
        "__metadata": {
            "id": "('UTC%2B4')",
            "uri": "('UTC%2B4')",
            "type": "SVT_USER_PROFILE_SRV.Timezone"
        },
        "DESCRIPT": "UTC+04",
        "UTCSIGN": "+",
        "UTCDIFF": "PT04H00M00S",
        "TZONE": "UTC+4"
    },
    {
        "__metadata": {
            "id": "('UTC%2B43')",
            "uri": "('UTC%2B43')",
            "type": "SVT_USER_PROFILE_SRV.Timezone"
        },
        "DESCRIPT": "(obsolete)",
        "UTCSIGN": "+",
        "UTCDIFF": "PT04H30M00S",
        "TZONE": "UTC+43"
    },
    {
        "__metadata": {
            "id": "('UTC%2B5')",
            "uri": "('UTC%2B5')",
            "type": "SVT_USER_PROFILE_SRV.Timezone"
        },
        "DESCRIPT": "UTC+05",
        "UTCSIGN": "+",
        "UTCDIFF": "PT05H00M00S",
        "TZONE": "UTC+5"
    },
    {
        "__metadata": {
            "id": "('UTC%2B53')",
            "uri": "('UTC%2B53')",
            "type": "SVT_USER_PROFILE_SRV.Timezone"
        },
        "DESCRIPT": "UTC+05:30",
        "UTCSIGN": "+",
        "UTCDIFF": "PT05H30M00S",
        "TZONE": "UTC+53"
    },
    {
        "__metadata": {
            "id": "('UTC%2B6')",
            "uri": "('UTC%2B6')",
            "type": "SVT_USER_PROFILE_SRV.Timezone"
        },
        "DESCRIPT": "UTC+06",
        "UTCSIGN": "+",
        "UTCDIFF": "PT06H00M00S",
        "TZONE": "UTC+6"
    },
    {
        "__metadata": {
            "id": "('UTC%2B63')",
            "uri": "('UTC%2B63')",
            "type": "SVT_USER_PROFILE_SRV.Timezone"
        },
        "DESCRIPT": "UTC+06:30",
        "UTCSIGN": "+",
        "UTCDIFF": "PT06H30M00S",
        "TZONE": "UTC+63"
    },
    {
        "__metadata": {
            "id": "('UTC%2B7')",
            "uri": "('UTC%2B7')",
            "type": "SVT_USER_PROFILE_SRV.Timezone"
        },
        "DESCRIPT": "UTC+07",
        "UTCSIGN": "+",
        "UTCDIFF": "PT07H00M00S",
        "TZONE": "UTC+7"
    },
    {
        "__metadata": {
            "id": "('UTC%2B8')",
            "uri": "('UTC%2B8')",
            "type": "SVT_USER_PROFILE_SRV.Timezone"
        },
        "DESCRIPT": "UTC+08",
        "UTCSIGN": "+",
        "UTCDIFF": "PT08H00M00S",
        "TZONE": "UTC+8"
    },
    {
        "__metadata": {
            "id": "('UTC%2B83')",
            "uri": "('UTC%2B83')",
            "type": "SVT_USER_PROFILE_SRV.Timezone"
        },
        "DESCRIPT": "(obsolete)",
        "UTCSIGN": "+",
        "UTCDIFF": "PT08H30M00S",
        "TZONE": "UTC+83"
    },
    {
        "__metadata": {
            "id": "('UTC%2B9')",
            "uri": "('UTC%2B9')",
            "type": "SVT_USER_PROFILE_SRV.Timezone"
        },
        "DESCRIPT": "UTC+09",
        "UTCSIGN": "+",
        "UTCDIFF": "PT09H00M00S",
        "TZONE": "UTC+9"
    },
    {
        "__metadata": {
            "id": "('UTC%2B93')",
            "uri": "('UTC%2B93')",
            "type": "SVT_USER_PROFILE_SRV.Timezone"
        },
        "DESCRIPT": "(obsolete)",
        "UTCSIGN": "+",
        "UTCDIFF": "PT09H30M00S",
        "TZONE": "UTC+93"
    },
    {
        "__metadata": {
            "id": "('UTC-1')",
            "uri": "('UTC-1')",
            "type": "SVT_USER_PROFILE_SRV.Timezone"
        },
        "DESCRIPT": "UTC-01",
        "UTCSIGN": "-",
        "UTCDIFF": "PT01H00M00S",
        "TZONE": "UTC-1"
    },
    {
        "__metadata": {
            "id": "('UTC-10')",
            "uri": "('UTC-10')",
            "type": "SVT_USER_PROFILE_SRV.Timezone"
        },
        "DESCRIPT": "UTC-10",
        "UTCSIGN": "-",
        "UTCDIFF": "PT10H00M00S",
        "TZONE": "UTC-10"
    },
    {
        "__metadata": {
            "id": "('UTC-11')",
            "uri": "('UTC-11')",
            "type": "SVT_USER_PROFILE_SRV.Timezone"
        },
        "DESCRIPT": "UTC-11",
        "UTCSIGN": "-",
        "UTCDIFF": "PT11H00M00S",
        "TZONE": "UTC-11"
    },
    {
        "__metadata": {
            "id": "('UTC-12')",
            "uri": "('UTC-12')",
            "type": "SVT_USER_PROFILE_SRV.Timezone"
        },
        "DESCRIPT": "UTC-12",
        "UTCSIGN": "-",
        "UTCDIFF": "PT12H00M00S",
        "TZONE": "UTC-12"
    },
    {
        "__metadata": {
            "id": "('UTC-13')",
            "uri": "('UTC-13')",
            "type": "SVT_USER_PROFILE_SRV.Timezone"
        },
        "DESCRIPT": "UTC-13",
        "UTCSIGN": "-",
        "UTCDIFF": "PT13H00M00S",
        "TZONE": "UTC-13"
    },
    {
        "__metadata": {
            "id": "('UTC-14')",
            "uri": "('UTC-14')",
            "type": "SVT_USER_PROFILE_SRV.Timezone"
        },
        "DESCRIPT": "UTC-14",
        "UTCSIGN": "-",
        "UTCDIFF": "PT14H00M00S",
        "TZONE": "UTC-14"
    },
    {
        "__metadata": {
            "id": "('UTC-2')",
            "uri": "('UTC-2')",
            "type": "SVT_USER_PROFILE_SRV.Timezone"
        },
        "DESCRIPT": "UTC-02",
        "UTCSIGN": "-",
        "UTCDIFF": "PT02H00M00S",
        "TZONE": "UTC-2"
    },
    {
        "__metadata": {
            "id": "('UTC-3')",
            "uri": "('UTC-3')",
            "type": "SVT_USER_PROFILE_SRV.Timezone"
        },
        "DESCRIPT": "UTC-03",
        "UTCSIGN": "-",
        "UTCDIFF": "PT03H00M00S",
        "TZONE": "UTC-3"
    },
    {
        "__metadata": {
            "id": "('UTC-33')",
            "uri": "('UTC-33')",
            "type": "SVT_USER_PROFILE_SRV.Timezone"
        },
        "DESCRIPT": "(obsolete)",
        "UTCSIGN": "-",
        "UTCDIFF": "PT03H30M00S",
        "TZONE": "UTC-33"
    },
    {
        "__metadata": {
            "id": "('UTC-4')",
            "uri": "('UTC-4')",
            "type": "SVT_USER_PROFILE_SRV.Timezone"
        },
        "DESCRIPT": "UTC-04",
        "UTCSIGN": "-",
        "UTCDIFF": "PT04H00M00S",
        "TZONE": "UTC-4"
    },
    {
        "__metadata": {
            "id": "('UTC-43')",
            "uri": "('UTC-43')",
            "type": "SVT_USER_PROFILE_SRV.Timezone"
        },
        "DESCRIPT": "(obsolete)",
        "UTCSIGN": "-",
        "UTCDIFF": "PT04H30M00S",
        "TZONE": "UTC-43"
    },
    {
        "__metadata": {
            "id": "('UTC-5')",
            "uri": "('UTC-5')",
            "type": "SVT_USER_PROFILE_SRV.Timezone"
        },
        "DESCRIPT": "UTC-05",
        "UTCSIGN": "-",
        "UTCDIFF": "PT05H00M00S",
        "TZONE": "UTC-5"
    },
    {
        "__metadata": {
            "id": "('UTC-6')",
            "uri": "('UTC-6')",
            "type": "SVT_USER_PROFILE_SRV.Timezone"
        },
        "DESCRIPT": "UTC-06",
        "UTCSIGN": "-",
        "UTCDIFF": "PT06H00M00S",
        "TZONE": "UTC-6"
    },
    {
        "__metadata": {
            "id": "('UTC-7')",
            "uri": "('UTC-7')",
            "type": "SVT_USER_PROFILE_SRV.Timezone"
        },
        "DESCRIPT": "UTC-07",
        "UTCSIGN": "-",
        "UTCDIFF": "PT07H00M00S",
        "TZONE": "UTC-7"
    },
    {
        "__metadata": {
            "id": "('UTC-8')",
            "uri": "('UTC-8')",
            "type": "SVT_USER_PROFILE_SRV.Timezone"
        },
        "DESCRIPT": "UTC-08",
        "UTCSIGN": "-",
        "UTCDIFF": "PT08H00M00S",
        "TZONE": "UTC-8"
    },
    {
        "__metadata": {
            "id": "('UTC-83')",
            "uri": "('UTC-83')",
            "type": "SVT_USER_PROFILE_SRV.Timezone"
        },
        "DESCRIPT": "(obsolete)",
        "UTCSIGN": "-",
        "UTCDIFF": "PT08H30M00S",
        "TZONE": "UTC-83"
    },
    {
        "__metadata": {
            "id": "('UTC-9')",
            "uri": "('UTC-9')",
            "type": "SVT_USER_PROFILE_SRV.Timezone"
        },
        "DESCRIPT": "UTC-09",
        "UTCSIGN": "-",
        "UTCDIFF": "PT09H00M00S",
        "TZONE": "UTC-9"
    },
    {
        "__metadata": {
            "id": "('UTC-93')",
            "uri": "('UTC-93')",
            "type": "SVT_USER_PROFILE_SRV.Timezone"
        },
        "DESCRIPT": "(obsolete)",
        "UTCSIGN": "-",
        "UTCDIFF": "PT09H30M00S",
        "TZONE": "UTC-93"
    },
    {
        "__metadata": {
            "id": "('WAT')",
            "uri": "('WAT')",
            "type": "SVT_USER_PROFILE_SRV.Timezone"
        },
        "DESCRIPT": "Western Africa",
        "UTCSIGN": "+",
        "UTCDIFF": "PT01H00M00S",
        "TZONE": "WAT"
    },
    {
        "__metadata": {
            "id": "('WET')",
            "uri": "('WET')",
            "type": "SVT_USER_PROFILE_SRV.Timezone"
        },
        "DESCRIPT": "Western Europe",
        "UTCSIGN": "+",
        "UTCDIFF": "PT01H00M00S",
        "TZONE": "WET"
    }
]