 [
        {
            "systemId": "A11",
            "systemNumber": "000000000311834471",
            "systemTxt": "A11 - (No system name)"
        },
        {
            "systemId": "A12",
            "systemNumber": "000000000800834669",
            "systemTxt": "A12 - (No system name)"
        },
        {
            "systemId": "A31",
            "systemNumber": "000000000850641080",
            "systemTxt": "A31 - (No system name)"
        },
        {
            "systemId": "A4H",
            "systemNumber": "000000000850644003",
            "systemTxt": "A4H - Fioneer Solution Manager Testsystem"
        },
        {
            "systemId": "A77",
            "systemNumber": "000000000850578104",
            "systemTxt": "A77 - My New Test"
        },
        {
            "systemId": "AA1",
            "systemNumber": "000000000900062670",
            "systemTxt": "AA1 - (No system name)"
        },
        {
            "systemId": "AA1",
            "systemNumber": "000000000800809527",
            "systemTxt": "AA1 - test"
        },
        {
            "systemId": "AA4",
            "systemNumber": "000000000312588965",
            "systemTxt": "AA4 - (No system name)"
        },
        {
            "systemId": "AA5",
            "systemNumber": "000000000312589039",
            "systemTxt": "AA5 - (No system name)"
        },
        {
            "systemId": "AAA",
            "systemNumber": "000000000800100888",
            "systemTxt": "AAA - (No system name)"
        },
        {
            "systemId": "AAA",
            "systemNumber": "000000000850059882",
            "systemTxt": "AAA - (No system name)"
        },
        {
            "systemId": "AAA",
            "systemNumber": "000000000850132303",
            "systemTxt": "AAA - (No system name)"
        },
        {
            "systemId": "AAA",
            "systemNumber": "000000000800434282",
            "systemTxt": "AAA - (No system name)"
        },
        {
            "systemId": "AAA",
            "systemNumber": "000000000800025935",
            "systemTxt": "AAA - (No system name)"
        },
        {
            "systemId": "AAA",
            "systemNumber": "000000000800434285",
            "systemTxt": "AAA - (No system name)"
        },
        {
            "systemId": "AAA",
            "systemNumber": "000000000800100894",
            "systemTxt": "AAA - (No system name)"
        },
        {
            "systemId": "AAA",
            "systemNumber": "000000000800100899",
            "systemTxt": "AAA - (No system name)"
        },
        {
            "systemId": "AAA",
            "systemNumber": "000000000800434272",
            "systemTxt": "AAA - (No system name)"
        },
        {
            "systemId": "AAA",
            "systemNumber": "000000000800064267",
            "systemTxt": "AAA - AAA"
        },
        {
            "systemId": "AAA",
            "systemNumber": "000000000800093680",
            "systemTxt": "AAA - Joris Test"
        },
        {
            "systemId": "AAA",
            "systemNumber": "000000000800093678",
            "systemTxt": "AAA - Joris Test"
        },
        {
            "systemId": "AAA",
            "systemNumber": "000000000311656809",
            "systemTxt": "AAA - Test AAA"
        },
        {
            "systemId": "AAA",
            "systemNumber": "000000000850682301",
            "systemTxt": "AAA - test database server"
        },
        {
            "systemId": "AB1",
            "systemNumber": "000000000850493900",
            "systemTxt": "AB1 - Ryan account test"
        },
        {
            "systemId": "AB1",
            "systemNumber": "000000000850721566",
            "systemTxt": "AB1 - test"
        },
        {
            "systemId": "ABC",
            "systemNumber": "000000000800733367",
            "systemTxt": "ABC - (No system name)"
        },
        {
            "systemId": "ABC",
            "systemNumber": "000000000850664820",
            "systemTxt": "ABC - (No system name)"
        },
        {
            "systemId": "ABC",
            "systemNumber": "000000000850000545",
            "systemTxt": "ABC - ABC License"
        },
        {
            "systemId": "ABC",
            "systemNumber": "000000000850000544",
            "systemTxt": "ABC - MySystem"
        },
        {
            "systemId": "ABC",
            "systemNumber": "000000000900065832",
            "systemTxt": "ABC - SCS_updatedd_1"
        },
        {
            "systemId": "ABC",
            "systemNumber": "000000000800092097",
            "systemTxt": "ABC - abc"
        },
        {
            "systemId": "ABC",
            "systemNumber": "000000000850000509",
            "systemTxt": "ABC - as123"
        },
        {
            "systemId": "ABD",
            "systemNumber": "000000000800616830",
            "systemTxt": "ABD - ABD - Test"
        },
        {
            "systemId": "ABD",
            "systemNumber": "000000000850000530",
            "systemTxt": "ABD - Bob"
        },
        {
            "systemId": "ABE",
            "systemNumber": "000000000800616836",
            "systemTxt": "ABE - ABE Test"
        },
        {
            "systemId": "AC0",
            "systemNumber": "000000000850000790",
            "systemTxt": "AC0 - Test Signatures"
        },
        {
            "systemId": "AC1",
            "systemNumber": "000000000800569463",
            "systemTxt": "AC1 - (No system name)"
        },
        {
            "systemId": "AC1",
            "systemNumber": "000000000800569390",
            "systemTxt": "AC1 - (No system name)"
        },
        {
            "systemId": "AC1",
            "systemNumber": "000000000800569391",
            "systemTxt": "AC1 - (No system name)"
        },
        {
            "systemId": "AC1",
            "systemNumber": "000000000800569454",
            "systemTxt": "AC1 - (No system name)"
        },
        {
            "systemId": "AC1",
            "systemNumber": "000000000850096711",
            "systemTxt": "AC1 - Demo Angelo"
        },
        {
            "systemId": "AC1",
            "systemNumber": "000000000850000552",
            "systemTxt": "AC1 - Test Excel Download ÜÄÖ"
        },
        {
            "systemId": "AC1",
            "systemNumber": "000000000850000521",
            "systemTxt": "AC1 - ac1"
        },
        {
            "systemId": "AC1",
            "systemNumber": "000000000850459466",
            "systemTxt": "AC1 - angelosfirstapicall"
        },
        {
            "systemId": "AC1",
            "systemNumber": "000000000850433575",
            "systemTxt": "AC1 - reassign test"
        },
        {
            "systemId": "AC2",
            "systemNumber": "000000000312554321",
            "systemTxt": "AC2 - (No system name)"
        },
        {
            "systemId": "AC2",
            "systemNumber": "000000000850244872",
            "systemTxt": "AC2 - Demo"
        },
        {
            "systemId": "AC2",
            "systemNumber": "000000000850001155",
            "systemTxt": "AC2 - uebers web"
        },
        {
            "systemId": "AC3",
            "systemNumber": "000000000850244875",
            "systemTxt": "AC3 - Demo"
        },
        {
            "systemId": "AC3",
            "systemNumber": "000000000850000522",
            "systemTxt": "AC3 - ac3"
        },
        {
            "systemId": "AC3",
            "systemNumber": "000000000800000127",
            "systemTxt": "AC3 - repl"
        },
        {
            "systemId": "AC4",
            "systemNumber": "000000000850000792",
            "systemTxt": "AC4 - Test Signatures"
        },
        {
            "systemId": "AES",
            "systemNumber": "000000000850000539",
            "systemTxt": "AES - (No system name)"
        },
        {
            "systemId": "AH1",
            "systemNumber": "000000000800025014",
            "systemTxt": "AH1 - AH001"
        },
        {
            "systemId": "AH2",
            "systemNumber": "000000000800417175",
            "systemTxt": "AH2 - AH002"
        },
        {
            "systemId": "ALD",
            "systemNumber": "000000000312340850",
            "systemTxt": "ALD - Test of Partner View on Portal"
        },
        {
            "systemId": "AO5",
            "systemNumber": "000000000311336783",
            "systemTxt": "AO5 - Solution Manager 51"
        },
        {
            "systemId": "AP1",
            "systemNumber": "000000000312108853",
            "systemTxt": "AP1 - Dublette von Inst 0020659001"
        },
        {
            "systemId": "AP1",
            "systemNumber": "000000000311656080",
            "systemTxt": "AP1 - Test System Overview"
        },
        {
            "systemId": "ASD",
            "systemNumber": "000000000900061042",
            "systemTxt": "ASD - test"
        },
        {
            "systemId": "ASE",
            "systemNumber": "000000000800721630",
            "systemTxt": "ASE - (No system name)"
        },
        {
            "systemId": "ASP",
            "systemNumber": "000000000850380425",
            "systemTxt": "ASP - (No system name)"
        },
        {
            "systemId": "ASP",
            "systemNumber": "000000000850321148",
            "systemTxt": "ASP - (No system name)"
        },
        {
            "systemId": "B02",
            "systemNumber": "000000000808080809",
            "systemTxt": "B02 - BEO02"
        },
        {
            "systemId": "BBB",
            "systemNumber": "000000000800345665",
            "systemTxt": "BBB - (No system name)"
        },
        {
            "systemId": "BBB",
            "systemNumber": "000000000850595977",
            "systemTxt": "BBB - BBB"
        },
        {
            "systemId": "BBB",
            "systemNumber": "000000000800093686",
            "systemTxt": "BBB - Joris Test"
        },
        {
            "systemId": "BBB",
            "systemNumber": "000000000850117875",
            "systemTxt": "BBB - joris test"
        },
        {
            "systemId": "BI4",
            "systemNumber": "000000000312308604",
            "systemTxt": "BI4 - My BI 4"
        },
        {
            "systemId": "BIP",
            "systemNumber": "000000000800034361",
            "systemTxt": "BIP - Optional"
        },
        {
            "systemId": "BOB",
            "systemNumber": "000000000800721901",
            "systemTxt": "BOB - (No system name)"
        },
        {
            "systemId": "BOB",
            "systemNumber": "000000000312721763",
            "systemTxt": "BOB - Reassign test"
        },
        {
            "systemId": "BOO",
            "systemNumber": "000000000850000540",
            "systemTxt": "BOO - RD02TEST"
        },
        {
            "systemId": "BQ7",
            "systemNumber": "000000000800000244",
            "systemTxt": "BQ7 - (No system name)"
        },
        {
            "systemId": "BQ7",
            "systemNumber": "000000000311471751",
            "systemTxt": "BQ7 - (No system name)"
        },
        {
            "systemId": "BQ7",
            "systemNumber": "000000000312373836",
            "systemTxt": "BQ7 - ST -CONT 710 Test system"
        },
        {
            "systemId": "BQ7",
            "systemNumber": "000000000311476634",
            "systemTxt": "BQ7 - ST-CONT 710 Test System"
        },
        {
            "systemId": "BXB",
            "systemNumber": "000000000312700701",
            "systemTxt": "BXB - Luisa Testing warranty portal"
        },
        {
            "systemId": "CCC",
            "systemNumber": "000000000800228854",
            "systemTxt": "CCC - (No system name)"
        },
        {
            "systemId": "CCC",
            "systemNumber": "000000000850000573",
            "systemTxt": "CCC - Hyprid"
        },
        {
            "systemId": "CCC",
            "systemNumber": "000000000850117885",
            "systemTxt": "CCC - hello test 2"
        },
        {
            "systemId": "CD1",
            "systemNumber": "000000000311653548",
            "systemTxt": "CD1 - AGS DATA QUALITY _repl"
        },
        {
            "systemId": "CLO",
            "systemNumber": "000000000741468211",
            "systemTxt": "CLO - ByD Prod 1"
        },
        {
            "systemId": "CLO",
            "systemNumber": "000000000740382726",
            "systemTxt": "CLO - C/4 Test"
        },
        {
            "systemId": "CLO",
            "systemNumber": "000000000740174333",
            "systemTxt": "CLO - C0020689359P"
        },
        {
            "systemId": "CLO",
            "systemNumber": "000000000742912710",
            "systemTxt": "CLO - 9"
        },
        {
            "systemId": "CLO",
            "systemNumber": "000000000741112186",
            "systemTxt": "CLO - 8"
        },
        {
            "systemId": "CLO",
            "systemNumber": "000000000741607884",
            "systemTxt": "CLO - 7"
        },
        {
            "systemId": "CLO",
            "systemNumber": "000000000742515478",
            "systemTxt": "CLO - 6"
        },
        {
            "systemId": "CLO",
            "systemNumber": "000000000742461671",
            "systemTxt": "CLO - 5"
        },
        {
            "systemId": "CLO",
            "systemNumber": "000000000741949618",
            "systemTxt": "CLO - 4"
        },
        {
            "systemId": "CLO",
            "systemNumber": "000000000743056087",
            "systemTxt": "CLO - 3"
        },
        {
            "systemId": "CLO",
            "systemNumber": "000000000741623611",
            "systemTxt": "CLO - 2"
        },
        {
            "systemId": "CLO",
            "systemNumber": "000000000741112985",
            "systemTxt": "CLO - 1"
        },
        {
            "systemId": "CLO",
            "systemNumber": "000000000742665816",
            "systemTxt": "CLO - SAP Cloud  ALM"
        },
        {
            "systemId": "CLO",
            "systemNumber": "000000000741911999",
            "systemTxt": "CLO - SAP Cloud ALM"
        },
        {
            "systemId": "CLO",
            "systemNumber": "000000000742787475",
            "systemTxt": "CLO - SAP Product Footprint Manageme"
        },
        {
            "systemId": "CLO",
            "systemNumber": "000000000742763196",
            "systemTxt": "CLO - SAP Test Account - aPaul Pharma Test-Ac"
        },
        {
            "systemId": "CLO",
            "systemNumber": "000000000743426020",
            "systemTxt": "CLO - Test_Service_Instance"
        },
        {
            "systemId": "CLO",
            "systemNumber": "000000000742746467",
            "systemTxt": "CLO - aPaul Pharma Test"
        },
        {
            "systemId": "CLO",
            "systemNumber": "000000000742746468",
            "systemTxt": "CLO - aPaul Pharma Test"
        },
        {
            "systemId": "CLO",
            "systemNumber": "000000000740489143",
            "systemTxt": "CLO - ajmq2vq8u"
        },
        {
            "systemId": "CLO",
            "systemNumber": "000000000741504440",
            "systemTxt": "CLO - cpw9pi7ed5-saptestac1-d1"
        },
        {
            "systemId": "CLO",
            "systemNumber": "000000000741512642",
            "systemTxt": "CLO - cpw9pi7ed5-saptestac1-s1"
        },
        {
            "systemId": "CLO",
            "systemNumber": "000000000742762963",
            "systemTxt": "CLO - cpw9pi7ed5-saptestac2-d1"
        },
        {
            "systemId": "CLO",
            "systemNumber": "000000000742896250",
            "systemTxt": "CLO - e701440"
        },
        {
            "systemId": "CLO",
            "systemNumber": "000000000742803550",
            "systemTxt": "CLO - 3"
        },
        {
            "systemId": "CLO",
            "systemNumber": "000000000742747301",
            "systemTxt": "CLO - 2"
        },
        {
            "systemId": "CLO",
            "systemNumber": "000000000742747322",
            "systemTxt": "CLO - 1"
        },
        {
            "systemId": "CLO",
            "systemNumber": "000000000740387407",
            "systemTxt": "CLO - l4243"
        },
        {
            "systemId": "CLO",
            "systemNumber": "000000000742652482",
            "systemTxt": "CLO - l761184"
        },
        {
            "systemId": "CLO",
            "systemNumber": "000000000740382723",
            "systemTxt": "CLO - my340274.sapbydesign.com"
        },
        {
            "systemId": "CLO",
            "systemNumber": "000000000740674260",
            "systemTxt": "CLO - my344791.sapbydesign.com"
        },
        {
            "systemId": "CLO",
            "systemNumber": "000000000740727297",
            "systemTxt": "CLO - my345759.crm.ondemand.com"
        },
        {
            "systemId": "CLO",
            "systemNumber": "000000000741207373",
            "systemTxt": "CLO - my351453.sapbydesign.com"
        },
        {
            "systemId": "CLO",
            "systemNumber": "000000000741468087",
            "systemTxt": "CLO - my354804.sapbydesign.com"
        },
        {
            "systemId": "CLO",
            "systemNumber": "000000000741903830",
            "systemTxt": "CLO - my358178.sapbydesign.com"
        },
        {
            "systemId": "CLO",
            "systemNumber": "000000000741828515",
            "systemTxt": "CLO - sap_test_paul_pharma01"
        },
        {
            "systemId": "CLO",
            "systemNumber": "000000000740674020",
            "systemTxt": "CLO - test"
        },
        {
            "systemId": "CRS",
            "systemNumber": "000000000312381918",
            "systemTxt": "CRS - My Crystal System"
        },
        {
            "systemId": "CSS",
            "systemNumber": "000000000311947290",
            "systemTxt": "CSS - CSS Next Generation Test ESupport"
        },
        {
            "systemId": "DDD",
            "systemNumber": "000000000850042348",
            "systemTxt": "DDD - (No system name)"
        },
        {
            "systemId": "DDD",
            "systemNumber": "000000000312694181",
            "systemTxt": "DDD - ddd"
        },
        {
            "systemId": "DDD",
            "systemNumber": "000000000850390277",
            "systemTxt": "DDD - reassign testing"
        },
        {
            "systemId": "DR2",
            "systemNumber": "000000000800671475",
            "systemTxt": "DR2 - test training"
        },
        {
            "systemId": "DSR",
            "systemNumber": "000000000850200644",
            "systemTxt": "DSR - test for demo"
        },
        {
            "systemId": "DUM",
            "systemNumber": "000000000000000001",
            "systemTxt": "DUM - DUM"
        },
        {
            "systemId": "DWC",
            "systemNumber": "000000000312720173",
            "systemTxt": "DWC - Data Warehouse Nora"
        },
        {
            "systemId": "EFG",
            "systemNumber": "000000000312855410",
            "systemTxt": "EFG - 123"
        },
        {
            "systemId": "ERG",
            "systemNumber": "000000000850605001",
            "systemTxt": "ERG - erg"
        },
        {
            "systemId": "ERP",
            "systemNumber": "000000000311548362",
            "systemTxt": "ERP - Testsystem AGS Sissi"
        },
        {
            "systemId": "ET7",
            "systemNumber": "000000000850531914",
            "systemTxt": "ET7 - Test Account Drei"
        },
        {
            "systemId": "FAS",
            "systemNumber": "000000000800000045",
            "systemTxt": "FAS - asd"
        },
        {
            "systemId": "FBB",
            "systemNumber": "000000000900063172",
            "systemTxt": "FBB - helloBaby"
        },
        {
            "systemId": "FDF",
            "systemNumber": "000000000800317677",
            "systemTxt": "FDF - (No system name)"
        },
        {
            "systemId": "FDF",
            "systemNumber": "000000000850610857",
            "systemTxt": "FDF - fd"
        },
        {
            "systemId": "FO7",
            "systemNumber": "000000000850696626",
            "systemTxt": "FO7 - (No system name)"
        },
        {
            "systemId": "FO7",
            "systemNumber": "000000000850743877",
            "systemTxt": "FO7 - (No system name)"
        },
        {
            "systemId": "FO7",
            "systemNumber": "000000000312534868",
            "systemTxt": "FO7 - test CRM"
        },
        {
            "systemId": "FQ4",
            "systemNumber": "000000000800291434",
            "systemTxt": "FQ4 - (No system name)"
        },
        {
            "systemId": "FQ4",
            "systemNumber": "000000000800338981",
            "systemTxt": "FQ4 - name"
        },
        {
            "systemId": "FQ4",
            "systemNumber": "000000000800338985",
            "systemTxt": "FQ4 - test S/4 HANA"
        },
        {
            "systemId": "HCI",
            "systemNumber": "000000000740385557",
            "systemTxt": "HCI - HCI_Sapp200"
        },
        {
            "systemId": "HN1",
            "systemNumber": "000000000311669898",
            "systemTxt": "HN1 - ERP&lt;324324532532>>"
        },
        {
            "systemId": "IBP",
            "systemNumber": "000000000740385559",
            "systemTxt": "IBP - IBP_Sapp300"
        },
        {
            "systemId": "INC",
            "systemNumber": "000000000312572456",
            "systemTxt": "INC - Incident form for testing"
        },
        {
            "systemId": "ISP",
            "systemNumber": "000000000850762584",
            "systemTxt": "ISP - test"
        },
        {
            "systemId": "J2E",
            "systemNumber": "000000000850644074",
            "systemTxt": "J2E - Fioneer Solution Manager Testsystem"
        },
        {
            "systemId": "JJJ",
            "systemNumber": "000000000800150930",
            "systemTxt": "JJJ - test 123"
        },
        {
            "systemId": "K9Y",
            "systemNumber": "000000000740681899",
            "systemTxt": "K9Y - K9Y265"
        },
        {
            "systemId": "LIN",
            "systemNumber": "000000000312265925",
            "systemTxt": "LIN - Pilotproject Tiles"
        },
        {
            "systemId": "LLL",
            "systemNumber": "000000000800247614",
            "systemTxt": "LLL - (No system name)"
        },
        {
            "systemId": "LT6",
            "systemNumber": "000000000800556787",
            "systemTxt": "LT6 - Exp Nov 2020"
        },
        {
            "systemId": "LT9",
            "systemNumber": "000000000800556795",
            "systemTxt": "LT9 - Exp Feb 2021"
        },
        {
            "systemId": "LUI",
            "systemNumber": "000000000800085531",
            "systemTxt": "LUI - LUI Test FH Technikum"
        },
        {
            "systemId": "MIL",
            "systemNumber": "000000000950009371",
            "systemTxt": "MIL - Miles Test Release Notes"
        },
        {
            "systemId": "MY1",
            "systemNumber": "000000000850459416",
            "systemTxt": "MY1 - DryRun(SFPART062399->customer-testing-)"
        },
        {
            "systemId": "NEW",
            "systemNumber": "000000000850235606",
            "systemTxt": "NEW - (No system name)"
        },
        {
            "systemId": "NEW",
            "systemNumber": "000000000800030813",
            "systemTxt": "NEW - (No system name)"
        },
        {
            "systemId": "NWP",
            "systemNumber": "000000000800445846",
            "systemTxt": "NWP - Netweaver"
        },
        {
            "systemId": "OZU",
            "systemNumber": "000000000743646686",
            "systemTxt": "OZU - OZU100"
        },
        {
            "systemId": "PI1",
            "systemNumber": "000000000800083307",
            "systemTxt": "PI1 - Process Integration (XI)"
        },
        {
            "systemId": "PLA",
            "systemNumber": "000000000800045218",
            "systemTxt": "PLA - My Pla"
        },
        {
            "systemId": "PR1",
            "systemNumber": "000000000850122522",
            "systemTxt": "PR1 - hello test again"
        },
        {
            "systemId": "PRD",
            "systemNumber": "000000000850000507",
            "systemTxt": "PRD - Production"
        },
        {
            "systemId": "QAS",
            "systemNumber": "000000000850006913",
            "systemTxt": "QAS - ERP Test System"
        },
        {
            "systemId": "R/2",
            "systemNumber": "000000000200000044",
            "systemTxt": "R/2 - System for R/2 remote connection"
        },
        {
            "systemId": "REA",
            "systemNumber": "000000000850390279",
            "systemTxt": "REA - reassign testing"
        },
        {
            "systemId": "RHU",
            "systemNumber": "000000000850195689",
            "systemTxt": "RHU - (No system name)"
        },
        {
            "systemId": "RRR",
            "systemNumber": "000000000850042780",
            "systemTxt": "RRR - rrrr"
        },
        {
            "systemId": "S11",
            "systemNumber": "000000000850638902",
            "systemTxt": "S11 - angelo demosystem"
        },
        {
            "systemId": "S4H",
            "systemNumber": "000000000800013201",
            "systemTxt": "S4H - (No system name)"
        },
        {
            "systemId": "S4H",
            "systemNumber": "000000000850644079",
            "systemTxt": "S4H - Fioneer Testsystem"
        },
        {
            "systemId": "S4_",
            "systemNumber": "000000000740385547",
            "systemTxt": "S4_ - my4096255.s4hana !&amp;! Changed by&lt;D043759>"
        },
        {
            "systemId": "JAM",
            "systemNumber": "000000000740172444",
            "systemTxt": "SAP Jam 1602 / Jam test"
        },
        {
            "systemId": "SFJ",
            "systemNumber": "000000000740172505",
            "systemTxt": "SAP Jam 1605 / C0012552195T2 - My Test 2 System"
        },
        {
            "systemId": "Rah",
            "systemNumber": "000000000740164564",
            "systemTxt": "SAP SuccessFactors HXM Core 2305 / C0012552195T1 - Test___1"
        },
        {
            "systemId": "HCM",
            "systemNumber": "000000000740164568",
            "systemTxt": "SAP SuccessFactors HXM Core 2305 / C0012552195T2 - Another Change"
        },
        {
            "systemId": "CLO",
            "systemNumber": "000000000740164789",
            "systemTxt": "SAP SuccessFactors HXM Core 2305 / C0012552195T3"
        },
        {
            "systemId": "CLO",
            "systemNumber": "000000000740174299",
            "systemTxt": "SAP SuccessFactors HXM Core 2305 / C0020689359T1"
        },
        {
            "systemId": "HCM",
            "systemNumber": "000000000740164664",
            "systemTxt": "SAP SuccessFactors HXM Core 2305 / SFHCMPRD_3<2195P!>"
        },
        {
            "systemId": "CLO",
            "systemNumber": "000000000740172620",
            "systemTxt": "SAP SuccessFactors Learning 2305 / MyProduction"
        },
        {
            "systemId": "cus",
            "systemNumber": "000000000740172597",
            "systemTxt": "SAP SuccessFactors Learning 2305 / custName"
        },
        {
            "systemId": "CLO",
            "systemNumber": "000000000740176955",
            "systemTxt": "SAP SuccessFactors Learning 2305 / prokesch"
        },
        {
            "systemId": "CLO",
            "systemNumber": "000000000740175781",
            "systemTxt": "SAP SuccessFactors Learning 2305 / prokesch-stage"
        },
        {
            "systemId": "CLO",
            "systemNumber": "000000000740276824",
            "systemTxt": "SAP SuccessFactors Recruiting Posting 1905 / MPOS"
        },
        {
            "systemId": "SCP",
            "systemNumber": "000000000741912880",
            "systemTxt": "SCP - SAP Cloud ALM"
        },
        {
            "systemId": "SCP",
            "systemNumber": "000000000740391316",
            "systemTxt": "SCP - SAP Test - Prokesch Pharma Dat"
        },
        {
            "systemId": "SCP",
            "systemNumber": "000000000740406666",
            "systemTxt": "SCP - SAP Test Account - aPaul Pharm"
        },
        {
            "systemId": "SCP",
            "systemNumber": "000000000740407221",
            "systemTxt": "SCP - SAP Test Account - aPaul Pharma Test-Acc"
        },
        {
            "systemId": "SCP",
            "systemNumber": "000000000740406667",
            "systemTxt": "SCP - SAP Test Account - aPaul Pharma Test-Acc"
        },
        {
            "systemId": "SCT",
            "systemNumber": "000000000850475235",
            "systemTxt": "SCT - SCT"
        },
        {
            "systemId": "SEM",
            "systemNumber": "000000000311628235",
            "systemTxt": "SEM - Test tier separation"
        },
        {
            "systemId": "SFS",
            "systemNumber": "000000000312544299",
            "systemTxt": "SFS - Wave Session"
        },
        {
            "systemId": "CLD",
            "systemNumber": "000000000740172443",
            "systemTxt": "SFSF 000000000740172443"
        },
        {
            "systemId": "myT",
            "systemNumber": "000000000740172504",
            "systemTxt": "SFSF 000000000740172504"
        },
        {
            "systemId": "CLO",
            "systemNumber": "000000000740174513",
            "systemTxt": "SFSF 000000000740174513"
        },
        {
            "systemId": "CLO",
            "systemNumber": "000000000740174664",
            "systemTxt": "SFSF 000000000740174664"
        },
        {
            "systemId": "SH1",
            "systemNumber": "000000000800199754",
            "systemTxt": "SH1 - test"
        },
        {
            "systemId": "SIS",
            "systemNumber": "000000000312250652",
            "systemTxt": "SIS - Test Meeting Michael"
        },
        {
            "systemId": "SLO",
            "systemNumber": "000000000850032278",
            "systemTxt": "SLO - Warren TEST i7 to ic"
        },
        {
            "systemId": "SM7",
            "systemNumber": "000000000800139345",
            "systemTxt": "SM7 - (No system name)"
        },
        {
            "systemId": "SOL",
            "systemNumber": "000000000850445862",
            "systemTxt": "SOL - (No system name)"
        },
        {
            "systemId": "SSS",
            "systemNumber": "000000000850661034",
            "systemTxt": "SSS - (No system name)"
        },
        {
            "systemId": "SSS",
            "systemNumber": "000000000850135176",
            "systemTxt": "SSS - (No system name)"
        },
        {
            "systemId": "SSS",
            "systemNumber": "000000000850623857",
            "systemTxt": "SSS - (No system name)"
        },
        {
            "systemId": "SSS",
            "systemNumber": "000000000850057265",
            "systemTxt": "SSS - Test_SSS"
        },
        {
            "systemId": "STE",
            "systemNumber": "000000000800273580",
            "systemTxt": "STE - (No system name)"
        },
        {
            "systemId": "SW1",
            "systemNumber": "000000000800048615",
            "systemTxt": "SW1 - Optional"
        },
        {
            "systemId": "SY0",
            "systemNumber": "000000000800311170",
            "systemTxt": "SY0 - Test TechEd 2018"
        },
        {
            "systemId": "SYS",
            "systemNumber": "000000000950008161",
            "systemTxt": "SYS - STSUP no change of Install name"
        },
        {
            "systemId": "TBL",
            "systemNumber": "000000000800669513",
            "systemTxt": "TBL - Bentley"
        },
        {
            "systemId": "TCG",
            "systemNumber": "000000000800669517",
            "systemTxt": "TCG - CadentGas"
        },
        {
            "systemId": "TKT",
            "systemNumber": "000000000900049621",
            "systemTxt": "TKT - SAP Event Ticketing Testsystem"
        },
        {
            "systemId": "TRM",
            "systemNumber": "000000000800669428",
            "systemTxt": "TRM - RoyalMail"
        },
        {
            "systemId": "TS1",
            "systemNumber": "000000000800311310",
            "systemTxt": "TS1 - Test Teched 2018"
        },
        {
            "systemId": "TSA",
            "systemNumber": "000000000850712456",
            "systemTxt": "TSA - SAP America"
        },
        {
            "systemId": "TST",
            "systemNumber": "000000000850000508",
            "systemTxt": "TST - Test1"
        },
        {
            "systemId": "TSU",
            "systemNumber": "000000000800669514",
            "systemTxt": "TSU - SAPUK"
        },
        {
            "systemId": "TTT",
            "systemNumber": "000000000850438487",
            "systemTxt": "TTT - (No system name)"
        },
        {
            "systemId": "TTT",
            "systemNumber": "000000000850445164",
            "systemTxt": "TTT - (No system name)"
        },
        {
            "systemId": "TTT",
            "systemNumber": "000000000850516384",
            "systemTxt": "TTT - (No system name)"
        },
        {
            "systemId": "TTT",
            "systemNumber": "000000000850404868",
            "systemTxt": "TTT - ttt"
        },
        {
            "systemId": "UL1",
            "systemNumber": "000000000800775688",
            "systemTxt": "UL1 - Uli 1"
        },
        {
            "systemId": "ULI",
            "systemNumber": "000000000800775650",
            "systemTxt": "ULI - ULI"
        },
        {
            "systemId": "VAT",
            "systemNumber": "000000000300045369",
            "systemTxt": "VAT - ERP Test System"
        },
        {
            "systemId": "WWW",
            "systemNumber": "000000000850002202",
            "systemTxt": "WWW - TEST NAME for System"
        },
        {
            "systemId": "WWW",
            "systemNumber": "000000000800213520",
            "systemTxt": "WWW - wwww"
        },
        {
            "systemId": "XXX",
            "systemNumber": "000000000800198630",
            "systemTxt": "XXX - (No system name)"
        },
        {
            "systemId": "XXX",
            "systemNumber": "000000000850000537",
            "systemTxt": "XXX - (No system name)"
        },
        {
            "systemId": "XYZ",
            "systemNumber": "000000000800000125",
            "systemTxt": "XYZ - SAPSA Demo System"
        },
        {
            "systemId": "YAN",
            "systemNumber": "000000000311938210",
            "systemTxt": "YAN - Enhancement test"
        },
        {
            "systemId": "YH3",
            "systemNumber": "000000000742759544",
            "systemTxt": "YH3 - my401062.s4hana.cloud.sap"
        },
        {
            "systemId": "ZD3",
            "systemNumber": "000000000740168248",
            "systemTxt": "ZD3 - ZD3_100"
        },
        {
            "systemId": "ZT1",
            "systemNumber": "000000000300047194",
            "systemTxt": "ZT1 - ERP Testsystem"
        },
        {
            "systemId": "ZZZ",
            "systemNumber": "000000000312340253",
            "systemTxt": "ZZZ - (No system name)"
        },
        {
            "systemId": "ZZZ",
            "systemNumber": "000000000950021468",
            "systemTxt": "ZZZ - Camilion Product"
        },
        {
            "systemId": "ZZZ",
            "systemNumber": "000000000312340313",
            "systemTxt": "ZZZ - R322"
        },
        {
            "systemId": "ZZZ",
            "systemNumber": "000000000312154295",
            "systemTxt": "ZZZ - test of CBP replication"
        }
    ]
