[
    {
      "ChannelID": "CHAT",
      "Rank": "1 ",
      "ChannelText": "[{\"LANG\":\"E\",\"TEXT\":\"Expert Chat\"}]",
      "ChannelData": "{\"ISREGIONALQUEQUE\":false,\"HOUR_COVERAGE\":\"YYYYYYYYYYYYYYYYYYYYYYYY\",\"DEPARTMENTID\":\"135256453542387272\",\"COMPAVA\":true,\"ESTWAITTIME\":0,\"BUSINESSHOURTO\":\"24\",\"BUSINESSHOURFROM\":\"00\",\"USERTIMEZONE\":\"UTC+2\",\"ESTOVERBUSINESS\":false,\"ISWORKTIME\":true,\"ISHOLIDAY\":false,\"ONLY_DRAFT\":\"\"}",
      "ModelNumber": "0000010055-0000000016-0000000306-0000000988",
      "Status": "A",
      "UseCaseID": "S4MSupportCreate",
      "CasePointer": "",
      "CaseTitle": "p",
      "CaseDescription": "p",
      "PriorityId": "3",
      "SystemNumber": "000000000311834471",
      "ChannelReason": "",
      "TagID": "#2",
      "AreaID": "55"
    },
    {
      "ChannelID": "SAE",
      "Rank": "2 ",
      "ChannelText": "[{\"LANG\":\"E\",\"TEXT\":\"Schedule an Expert\"}]",
      "ChannelData": "{\"Count\":317,\"Timezone\":\"CET\",\"TimezoneUTC\":\"UTC+1\",\"DAYS\":[{\"Date\":\"20230220\",\"WeekDay\":\"Monday\",\"Count\":0,\"SLOTS\":[]},{\"Date\":\"20230221\",\"WeekDay\":\"Tuesday\",\"Count\":16,\"SLOTS\":[{\"TimeStamp\":\"20230221090000\",\"StartTime\":\"10:00\",\"Timezone\":\"CET\"},{\"TimeStamp\":\"20230221093000\",\"StartTime\":\"10:30\",\"Timezone\":\"CET\"},{\"TimeStamp\":\"20230221100000\",\"StartTime\":\"11:00\",\"Timezone\":\"CET\"},{\"TimeStamp\":\"20230221103000\",\"StartTime\":\"11:30\",\"Timezone\":\"CET\"},{\"TimeStamp\":\"20230221110000\",\"StartTime\":\"12:00\",\"Timezone\":\"CET\"},{\"TimeStamp\":\"20230221113000\",\"StartTime\":\"12:30\",\"Timezone\":\"CET\"},{\"TimeStamp\":\"20230221120000\",\"StartTime\":\"13:00\",\"Timezone\":\"CET\"},{\"TimeStamp\":\"20230221123000\",\"StartTime\":\"13:30\",\"Timezone\":\"CET\"},{\"TimeStamp\":\"20230221130000\",\"StartTime\":\"14:00\",\"Timezone\":\"CET\"},{\"TimeStamp\":\"20230221133000\",\"StartTime\":\"14:30\",\"Timezone\":\"CET\"},{\"TimeStamp\":\"20230221140000\",\"StartTime\":\"15:00\",\"Timezone\":\"CET\"},{\"TimeStamp\":\"20230221143000\",\"StartTime\":\"15:30\",\"Timezone\":\"CET\"},{\"TimeStamp\":\"20230221150000\",\"StartTime\":\"16:00\",\"Timezone\":\"CET\"},{\"TimeStamp\":\"20230221153000\",\"StartTime\":\"16:30\",\"Timezone\":\"CET\"},{\"TimeStamp\":\"20230221160000\",\"StartTime\":\"17:00\",\"Timezone\":\"CET\"},{\"TimeStamp\":\"20230221163000\",\"StartTime\":\"17:30\",\"Timezone\":\"CET\"}]},{\"Date\":\"20230222\",\"WeekDay\":\"Wednesday\",\"Count\":16,\"SLOTS\":[{\"TimeStamp\":\"20230222090000\",\"StartTime\":\"10:00\",\"Timezone\":\"CET\"},{\"TimeStamp\":\"20230222093000\",\"StartTime\":\"10:30\",\"Timezone\":\"CET\"},{\"TimeStamp\":\"20230222100000\",\"StartTime\":\"11:00\",\"Timezone\":\"CET\"},{\"TimeStamp\":\"20230222103000\",\"StartTime\":\"11:30\",\"Timezone\":\"CET\"},{\"TimeStamp\":\"20230222110000\",\"StartTime\":\"12:00\",\"Timezone\":\"CET\"},{\"TimeStamp\":\"20230222113000\",\"StartTime\":\"12:30\",\"Timezone\":\"CET\"},{\"TimeStamp\":\"20230222120000\",\"StartTime\":\"13:00\",\"Timezone\":\"CET\"},{\"TimeStamp\":\"20230222123000\",\"StartTime\":\"13:30\",\"Timezone\":\"CET\"},{\"TimeStamp\":\"20230222130000\",\"StartTime\":\"14:00\",\"Timezone\":\"CET\"},{\"TimeStamp\":\"20230222133000\",\"StartTime\":\"14:30\",\"Timezone\":\"CET\"},{\"TimeStamp\":\"20230222140000\",\"StartTime\":\"15:00\",\"Timezone\":\"CET\"},{\"TimeStamp\":\"20230222143000\",\"StartTime\":\"15:30\",\"Timezone\":\"CET\"},{\"TimeStamp\":\"20230222150000\",\"StartTime\":\"16:00\",\"Timezone\":\"CET\"},{\"TimeStamp\":\"20230222153000\",\"StartTime\":\"16:30\",\"Timezone\":\"CET\"},{\"TimeStamp\":\"20230222160000\",\"StartTime\":\"17:00\",\"Timezone\":\"CET\"},{\"TimeStamp\":\"20230222163000\",\"StartTime\":\"17:30\",\"Timezone\":\"CET\"}]},{\"Date\":\"20230223\",\"WeekDay\":\"Thursday\",\"Count\":16,\"SLOTS\":[{\"TimeStamp\":\"20230223090000\",\"StartTime\":\"10:00\",\"Timezone\":\"CET\"},{\"TimeStamp\":\"20230223093000\",\"StartTime\":\"10:30\",\"Timezone\":\"CET\"},{\"TimeStamp\":\"20230223100000\",\"StartTime\":\"11:00\",\"Timezone\":\"CET\"},{\"TimeStamp\":\"20230223103000\",\"StartTime\":\"11:30\",\"Timezone\":\"CET\"},{\"TimeStamp\":\"20230223110000\",\"StartTime\":\"12:00\",\"Timezone\":\"CET\"},{\"TimeStamp\":\"20230223113000\",\"StartTime\":\"12:30\",\"Timezone\":\"CET\"},{\"TimeStamp\":\"20230223120000\",\"StartTime\":\"13:00\",\"Timezone\":\"CET\"},{\"TimeStamp\":\"20230223123000\",\"StartTime\":\"13:30\",\"Timezone\":\"CET\"},{\"TimeStamp\":\"20230223130000\",\"StartTime\":\"14:00\",\"Timezone\":\"CET\"},{\"TimeStamp\":\"20230223133000\",\"StartTime\":\"14:30\",\"Timezone\":\"CET\"},{\"TimeStamp\":\"20230223140000\",\"StartTime\":\"15:00\",\"Timezone\":\"CET\"},{\"TimeStamp\":\"20230223143000\",\"StartTime\":\"15:30\",\"Timezone\":\"CET\"},{\"TimeStamp\":\"20230223150000\",\"StartTime\":\"16:00\",\"Timezone\":\"CET\"},{\"TimeStamp\":\"20230223153000\",\"StartTime\":\"16:30\",\"Timezone\":\"CET\"},{\"TimeStamp\":\"20230223160000\",\"StartTime\":\"17:00\",\"Timezone\":\"CET\"},{\"TimeStamp\":\"20230223163000\",\"StartTime\":\"17:30\",\"Timezone\":\"CET\"}]},{\"Date\":\"20230224\",\"WeekDay\":\"Friday\",\"Count\":16,\"SLOTS\":[{\"TimeStamp\":\"20230224090000\",\"StartTime\":\"10:00\",\"Timezone\":\"CET\"},{\"TimeStamp\":\"20230224093000\",\"StartTime\":\"10:30\",\"Timezone\":\"CET\"},{\"TimeStamp\":\"20230224100000\",\"StartTime\":\"11:00\",\"Timezone\":\"CET\"},{\"TimeStamp\":\"20230224103000\",\"StartTime\":\"11:30\",\"Timezone\":\"CET\"},{\"TimeStamp\":\"20230224110000\",\"StartTime\":\"12:00\",\"Timezone\":\"CET\"},{\"TimeStamp\":\"20230224113000\",\"StartTime\":\"12:30\",\"Timezone\":\"CET\"},{\"TimeStamp\":\"20230224120000\",\"StartTime\":\"13:00\",\"Timezone\":\"CET\"},{\"TimeStamp\":\"20230224123000\",\"StartTime\":\"13:30\",\"Timezone\":\"CET\"},{\"TimeStamp\":\"20230224130000\",\"StartTime\":\"14:00\",\"Timezone\":\"CET\"},{\"TimeStamp\":\"20230224133000\",\"StartTime\":\"14:30\",\"Timezone\":\"CET\"},{\"TimeStamp\":\"20230224140000\",\"StartTime\":\"15:00\",\"Timezone\":\"CET\"},{\"TimeStamp\":\"20230224143000\",\"StartTime\":\"15:30\",\"Timezone\":\"CET\"},{\"TimeStamp\":\"20230224150000\",\"StartTime\":\"16:00\",\"Timezone\":\"CET\"},{\"TimeStamp\":\"20230224153000\",\"StartTime\":\"16:30\",\"Timezone\":\"CET\"},{\"TimeStamp\":\"20230224160000\",\"StartTime\":\"17:00\",\"Timezone\":\"CET\"},{\"TimeStamp\":\"20230224163000\",\"StartTime\":\"17:30\",\"Timezone\":\"CET\"}]},{\"Date\":\"20230227\",\"WeekDay\":\"Monday\",\"Count\":16,\"SLOTS\":[{\"TimeStamp\":\"20230227090000\",\"StartTime\":\"10:00\",\"Timezone\":\"CET\"},{\"TimeStamp\":\"20230227093000\",\"StartTime\":\"10:30\",\"Timezone\":\"CET\"},{\"TimeStamp\":\"20230227100000\",\"StartTime\":\"11:00\",\"Timezone\":\"CET\"},{\"TimeStamp\":\"20230227103000\",\"StartTime\":\"11:30\",\"Timezone\":\"CET\"},{\"TimeStamp\":\"20230227110000\",\"StartTime\":\"12:00\",\"Timezone\":\"CET\"},{\"TimeStamp\":\"20230227113000\",\"StartTime\":\"12:30\",\"Timezone\":\"CET\"},{\"TimeStamp\":\"20230227120000\",\"StartTime\":\"13:00\",\"Timezone\":\"CET\"},{\"TimeStamp\":\"20230227123000\",\"StartTime\":\"13:30\",\"Timezone\":\"CET\"},{\"TimeStamp\":\"20230227130000\",\"StartTime\":\"14:00\",\"Timezone\":\"CET\"},{\"TimeStamp\":\"20230227133000\",\"StartTime\":\"14:30\",\"Timezone\":\"CET\"},{\"TimeStamp\":\"20230227140000\",\"StartTime\":\"15:00\",\"Timezone\":\"CET\"},{\"TimeStamp\":\"20230227143000\",\"StartTime\":\"15:30\",\"Timezone\":\"CET\"},{\"TimeStamp\":\"20230227150000\",\"StartTime\":\"16:00\",\"Timezone\":\"CET\"},{\"TimeStamp\":\"20230227153000\",\"StartTime\":\"16:30\",\"Timezone\":\"CET\"},{\"TimeStamp\":\"20230227160000\",\"StartTime\":\"17:00\",\"Timezone\":\"CET\"},{\"TimeStamp\":\"20230227163000\",\"StartTime\":\"17:30\",\"Timezone\":\"CET\"}]},{\"Date\":\"20230228\",\"WeekDay\":\"Tuesday\",\"Count\":16,\"SLOTS\":[{\"TimeStamp\":\"20230228090000\",\"StartTime\":\"10:00\",\"Timezone\":\"CET\"},{\"TimeStamp\":\"20230228093000\",\"StartTime\":\"10:30\",\"Timezone\":\"CET\"},{\"TimeStamp\":\"20230228100000\",\"StartTime\":\"11:00\",\"Timezone\":\"CET\"},{\"TimeStamp\":\"20230228103000\",\"StartTime\":\"11:30\",\"Timezone\":\"CET\"},{\"TimeStamp\":\"20230228110000\",\"StartTime\":\"12:00\",\"Timezone\":\"CET\"},{\"TimeStamp\":\"20230228113000\",\"StartTime\":\"12:30\",\"Timezone\":\"CET\"},{\"TimeStamp\":\"20230228120000\",\"StartTime\":\"13:00\",\"Timezone\":\"CET\"},{\"TimeStamp\":\"20230228123000\",\"StartTime\":\"13:30\",\"Timezone\":\"CET\"},{\"TimeStamp\":\"20230228130000\",\"StartTime\":\"14:00\",\"Timezone\":\"CET\"},{\"TimeStamp\":\"20230228133000\",\"StartTime\":\"14:30\",\"Timezone\":\"CET\"},{\"TimeStamp\":\"20230228140000\",\"StartTime\":\"15:00\",\"Timezone\":\"CET\"},{\"TimeStamp\":\"20230228143000\",\"StartTime\":\"15:30\",\"Timezone\":\"CET\"},{\"TimeStamp\":\"20230228150000\",\"StartTime\":\"16:00\",\"Timezone\":\"CET\"},{\"TimeStamp\":\"20230228153000\",\"StartTime\":\"16:30\",\"Timezone\":\"CET\"},{\"TimeStamp\":\"20230228160000\",\"StartTime\":\"17:00\",\"Timezone\":\"CET\"},{\"TimeStamp\":\"20230228163000\",\"StartTime\":\"17:30\",\"Timezone\":\"CET\"}]},{\"Date\":\"20230301\",\"WeekDay\":\"Wednesday\",\"Count\":16,\"SLOTS\":[{\"TimeStamp\":\"20230301090000\",\"StartTime\":\"10:00\",\"Timezone\":\"CET\"},{\"TimeStamp\":\"20230301093000\",\"StartTime\":\"10:30\",\"Timezone\":\"CET\"},{\"TimeStamp\":\"20230301100000\",\"StartTime\":\"11:00\",\"Timezone\":\"CET\"},{\"TimeStamp\":\"20230301103000\",\"StartTime\":\"11:30\",\"Timezone\":\"CET\"},{\"TimeStamp\":\"20230301110000\",\"StartTime\":\"12:00\",\"Timezone\":\"CET\"},{\"TimeStamp\":\"20230301113000\",\"StartTime\":\"12:30\",\"Timezone\":\"CET\"},{\"TimeStamp\":\"20230301120000\",\"StartTime\":\"13:00\",\"Timezone\":\"CET\"},{\"TimeStamp\":\"20230301123000\",\"StartTime\":\"13:30\",\"Timezone\":\"CET\"},{\"TimeStamp\":\"20230301130000\",\"StartTime\":\"14:00\",\"Timezone\":\"CET\"},{\"TimeStamp\":\"20230301133000\",\"StartTime\":\"14:30\",\"Timezone\":\"CET\"},{\"TimeStamp\":\"20230301140000\",\"StartTime\":\"15:00\",\"Timezone\":\"CET\"},{\"TimeStamp\":\"20230301143000\",\"StartTime\":\"15:30\",\"Timezone\":\"CET\"},{\"TimeStamp\":\"20230301150000\",\"StartTime\":\"16:00\",\"Timezone\":\"CET\"},{\"TimeStamp\":\"20230301153000\",\"StartTime\":\"16:30\",\"Timezone\":\"CET\"},{\"TimeStamp\":\"20230301160000\",\"StartTime\":\"17:00\",\"Timezone\":\"CET\"},{\"TimeStamp\":\"20230301163000\",\"StartTime\":\"17:30\",\"Timezone\":\"CET\"}]},{\"Date\":\"20230302\",\"WeekDay\":\"Thursday\",\"Count\":16,\"SLOTS\":[{\"TimeStamp\":\"20230302090000\",\"StartTime\":\"10:00\",\"Timezone\":\"CET\"},{\"TimeStamp\":\"20230302093000\",\"StartTime\":\"10:30\",\"Timezone\":\"CET\"},{\"TimeStamp\":\"20230302100000\",\"StartTime\":\"11:00\",\"Timezone\":\"CET\"},{\"TimeStamp\":\"20230302103000\",\"StartTime\":\"11:30\",\"Timezone\":\"CET\"},{\"TimeStamp\":\"20230302110000\",\"StartTime\":\"12:00\",\"Timezone\":\"CET\"},{\"TimeStamp\":\"20230302113000\",\"StartTime\":\"12:30\",\"Timezone\":\"CET\"},{\"TimeStamp\":\"20230302120000\",\"StartTime\":\"13:00\",\"Timezone\":\"CET\"},{\"TimeStamp\":\"20230302123000\",\"StartTime\":\"13:30\",\"Timezone\":\"CET\"},{\"TimeStamp\":\"20230302130000\",\"StartTime\":\"14:00\",\"Timezone\":\"CET\"},{\"TimeStamp\":\"20230302133000\",\"StartTime\":\"14:30\",\"Timezone\":\"CET\"},{\"TimeStamp\":\"20230302140000\",\"StartTime\":\"15:00\",\"Timezone\":\"CET\"},{\"TimeStamp\":\"20230302143000\",\"StartTime\":\"15:30\",\"Timezone\":\"CET\"},{\"TimeStamp\":\"20230302150000\",\"StartTime\":\"16:00\",\"Timezone\":\"CET\"},{\"TimeStamp\":\"20230302153000\",\"StartTime\":\"16:30\",\"Timezone\":\"CET\"},{\"TimeStamp\":\"20230302160000\",\"StartTime\":\"17:00\",\"Timezone\":\"CET\"},{\"TimeStamp\":\"20230302163000\",\"StartTime\":\"17:30\",\"Timezone\":\"CET\"}]},{\"Date\":\"20230303\",\"WeekDay\":\"Friday\",\"Count\":16,\"SLOTS\":[{\"TimeStamp\":\"20230303090000\",\"StartTime\":\"10:00\",\"Timezone\":\"CET\"},{\"TimeStamp\":\"20230303093000\",\"StartTime\":\"10:30\",\"Timezone\":\"CET\"},{\"TimeStamp\":\"20230303100000\",\"StartTime\":\"11:00\",\"Timezone\":\"CET\"},{\"TimeStamp\":\"20230303103000\",\"StartTime\":\"11:30\",\"Timezone\":\"CET\"},{\"TimeStamp\":\"20230303110000\",\"StartTime\":\"12:00\",\"Timezone\":\"CET\"},{\"TimeStamp\":\"20230303113000\",\"StartTime\":\"12:30\",\"Timezone\":\"CET\"},{\"TimeStamp\":\"20230303120000\",\"StartTime\":\"13:00\",\"Timezone\":\"CET\"},{\"TimeStamp\":\"20230303123000\",\"StartTime\":\"13:30\",\"Timezone\":\"CET\"},{\"TimeStamp\":\"20230303130000\",\"StartTime\":\"14:00\",\"Timezone\":\"CET\"},{\"TimeStamp\":\"20230303133000\",\"StartTime\":\"14:30\",\"Timezone\":\"CET\"},{\"TimeStamp\":\"20230303140000\",\"StartTime\":\"15:00\",\"Timezone\":\"CET\"},{\"TimeStamp\":\"20230303143000\",\"StartTime\":\"15:30\",\"Timezone\":\"CET\"},{\"TimeStamp\":\"20230303150000\",\"StartTime\":\"16:00\",\"Timezone\":\"CET\"},{\"TimeStamp\":\"20230303153000\",\"StartTime\":\"16:30\",\"Timezone\":\"CET\"},{\"TimeStamp\":\"20230303160000\",\"StartTime\":\"17:00\",\"Timezone\":\"CET\"},{\"TimeStamp\":\"20230303163000\",\"StartTime\":\"17:30\",\"Timezone\":\"CET\"}]},{\"Date\":\"20230306\",\"WeekDay\":\"Monday\",\"Count\":16,\"SLOTS\":[{\"TimeStamp\":\"20230306090000\",\"StartTime\":\"10:00\",\"Timezone\":\"CET\"},{\"TimeStamp\":\"20230306093000\",\"StartTime\":\"10:30\",\"Timezone\":\"CET\"},{\"TimeStamp\":\"20230306100000\",\"StartTime\":\"11:00\",\"Timezone\":\"CET\"},{\"TimeStamp\":\"20230306103000\",\"StartTime\":\"11:30\",\"Timezone\":\"CET\"},{\"TimeStamp\":\"20230306110000\",\"StartTime\":\"12:00\",\"Timezone\":\"CET\"},{\"TimeStamp\":\"20230306113000\",\"StartTime\":\"12:30\",\"Timezone\":\"CET\"},{\"TimeStamp\":\"20230306120000\",\"StartTime\":\"13:00\",\"Timezone\":\"CET\"},{\"TimeStamp\":\"20230306123000\",\"StartTime\":\"13:30\",\"Timezone\":\"CET\"},{\"TimeStamp\":\"20230306130000\",\"StartTime\":\"14:00\",\"Timezone\":\"CET\"},{\"TimeStamp\":\"20230306133000\",\"StartTime\":\"14:30\",\"Timezone\":\"CET\"},{\"TimeStamp\":\"20230306140000\",\"StartTime\":\"15:00\",\"Timezone\":\"CET\"},{\"TimeStamp\":\"20230306143000\",\"StartTime\":\"15:30\",\"Timezone\":\"CET\"},{\"TimeStamp\":\"20230306150000\",\"StartTime\":\"16:00\",\"Timezone\":\"CET\"},{\"TimeStamp\":\"20230306153000\",\"StartTime\":\"16:30\",\"Timezone\":\"CET\"},{\"TimeStamp\":\"20230306160000\",\"StartTime\":\"17:00\",\"Timezone\":\"CET\"},{\"TimeStamp\":\"20230306163000\",\"StartTime\":\"17:30\",\"Timezone\":\"CET\"}]},{\"Date\":\"20230307\",\"WeekDay\":\"Tuesday\",\"Count\":0,\"SLOTS\":[]},{\"Date\":\"20230308\",\"WeekDay\":\"Wednesday\",\"Count\":0,\"SLOTS\":[]},{\"Date\":\"20230309\",\"WeekDay\":\"Thursday\",\"Count\":0,\"SLOTS\":[]},{\"Date\":\"20230310\",\"WeekDay\":\"Friday\",\"Count\":0,\"SLOTS\":[]}]}",
      "ModelNumber": "0000010055-0000000016-0000000306-0000000988",
      "Status": "A",
      "UseCaseID": "S4MSupportCreate",
      "CasePointer": "",
      "CaseTitle": "p",
      "CaseDescription": "p",
      "PriorityId": "3",
      "SystemNumber": "000000000311834471",
      "ChannelReason": "",
      "TagID": "#2",
      "AreaID": "22"
    },
    {
      "ChannelID": "CASE",
      "Rank": "3 ",
      "ChannelText": "[]",
      "ChannelData": "{\"ONLY_DRAFT\":\"\"}",
      "ModelNumber": "0000010055-0000000016-0000000306-0000000988",
      "Status": "A",
      "UseCaseID": "S4MSupportCreate",
      "CasePointer": "",
      "CaseTitle": "p",
      "CaseDescription": "p",
      "PriorityId": "3",
      "SystemNumber": "000000000311834471",
      "ChannelReason": "",
      "TagID": "#2",
      "AreaID": ""
    },
    {
        "ChannelID": "COM",
        "Rank": "3 ",
        "ChannelText": "[]",
        "ChannelData": "{\"SOURCE\":\"\"}",
        "ModelNumber": "0000010057-0000002851-0000000020-0000000209",
        "Status": "A",
        "UseCaseID": "S4MSupportCreate",
        "CasePointer": "",
        "CaseTitle": "t",
        "CaseDescription": "t",
        "PriorityId": "3",
        "SystemNumber": "000000000312572161",
        "ChannelReason": "",
        "TagID": "#3",
        "AreaID": "00109B36D6221EDBB0C0294B42E9A0E8"
    },
    {
        "ChannelID": "AEP",
        "Rank": "4",
        "ChannelText": "[{\"LANG\":\"E\",\"TEXT\":\"Expert Chat\"}]",
        "ChannelData": "{\"ISREGIONALQUEQUE\":false,\"HOUR_COVERAGE\":\"YYYYYYYYYYYYYYYYYYYYYYYY\",\"DEPARTMENTID\":\"135256453542387272\",\"COMPAVA\":true,\"ESTWAITTIME\":0,\"BUSINESSHOURTO\":\"24\",\"BUSINESSHOURFROM\":\"00\",\"USERTIMEZONE\":\"UTC+2\",\"ESTOVERBUSINESS\":false,\"ISWORKTIME\":true,\"ISHOLIDAY\":false,\"ONLY_DRAFT\":\"\"}",
        "ModelNumber": "0000010055-0000000016-0000000306-0000000988",
        "Status": "A",
        "UseCaseID": "S4MSupportCreate",
        "CasePointer": "",
        "CaseTitle": "p",
        "CaseDescription": "p",
        "PriorityId": "3",
        "SystemNumber": "000000000311834471",
        "ChannelReason": "",
        "TagID": "#2",
        "AreaID": "11"
      }
  ]