[
    {

        "SystemNumber": "000000000800002744",
        "ModelNumber": "0000010011",
        "ModelCategory": "Product",
        "RelationshipType": "Delivered by Software",
        "DisplayName": "SAP Customer Relationship Management",
        "FullName": "SAP Customer Relationship Management",
        "Name": "SAP Customer Relationship Management",
        "SoftwareProductNumber": "01200615320800000556",
        "SoftwareProduct": "SAP Customer Relationship Management",
        "SoftwareRelationship": "Delivered by SAP Customer Relationship Management",
        "Level": "1 ",
        "DrillState": "Expanded",
        "ParentModelNumber": "",
        "DefaultCompKey": "",
        "DefaultCompName": "",
        "DefaultCompPrioLimit": "",
        "AddSearchTerms": " ",
        "SortOrder": "30000",
        "compList": "[\"BI-BIP-ADM\",\"BI-BIP-AUT\"]"
    },
    {

        "SystemNumber": "000000000800002744",
        "ModelNumber": "0000010012",
        "ModelCategory": "Product",
        "RelationshipType": "Delivered by Software",
        "DisplayName": "SAP enhancement package for SAP CRM",
        "FullName": "SAP enhancement package for SAP CRM",
        "Name": "SAP enhancement package for SAP CRM",
        "SoftwareProductNumber": "01200314690800000700",
        "SoftwareProduct": "SAP enhancement package for SAP CRM",
        "SoftwareRelationship": "Delivered by SAP enhancement package for SAP CRM",
        "Level": "1 ",
        "DrillState": "Expanded",
        "ParentModelNumber": "",
        "DefaultCompKey": "",
        "DefaultCompName": "",
        "DefaultCompPrioLimit": "",
        "AddSearchTerms": " ",
        "SortOrder": "40000",
        "compList": "[\"BI-BIP-INS\",\"BI-RA-WBI\"]"

    },
    {

        "SystemNumber": "000000000800002744",
        "ModelNumber": "0000010053",
        "ModelCategory": "Product",
        "RelationshipType": "Delivered by Software",
        "DisplayName": "SAP Identity Management",
        "FullName": "SAP Identity Management",
        "Name": "SAP Identity Management",
        "SoftwareProductNumber": "01200615320800000556",
        "SoftwareProduct": "SAP Customer Relationship Management",
        "SoftwareRelationship": "Delivered by SAP Customer Relationship Management",
        "Level": "1 ",
        "DrillState": "Expanded",
        "ParentModelNumber": "",
        "DefaultCompKey": "",
        "DefaultCompName": "",
        "DefaultCompPrioLimit": "",
        "AddSearchTerms": " ",
        "SortOrder": "0",
        "compList": "[\"BI-BIP-SRV\",\"BI-BIP-IDT\"]"
    },
    {

        "SystemNumber": "000000000800002744",
        "ModelNumber": "0000010059",
        "ModelCategory": "Product",
        "RelationshipType": "Delivered by Software",
        "DisplayName": "SAP Identity Management",
        "FullName": "SAP Identity Management",
        "Name": "SAP Identity Management",
        "SoftwareProductNumber": "01200314690800000700",
        "SoftwareProduct": "SAP enhancement package for SAP CRM",
        "SoftwareRelationship": "Delivered by SAP enhancement package for SAP CRM",
        "Level": "1 ",
        "DrillState": "Expanded",
        "ParentModelNumber": "",
        "DefaultCompKey": "",
        "DefaultCompName": "",
        "DefaultCompPrioLimit": "",
        "AddSearchTerms": " ",
        "SortOrder": "0",
        "compList": "[\"BI-BIP-PER\",\"BI-BIP-DEP\",\"BI-BIP-LCM\",\"BI-DEV-JAV\",\"BI-DEV-NET\",\"BI-DEV-WEB\",\"BI-BIP-ST\"]"
    },
    {

        "SystemNumber": "000000000800002744",
        "ModelNumber": "0000010275",
        "ModelCategory": "Product",
        "RelationshipType": "Related Product",
        "DisplayName": "SAP Web Channel Experience Management",
        "FullName": "SAP Web Channel Experience Management",
        "Name": "SAP Web Channel Experience Management",
        "SoftwareProductNumber": "01200314690800000700",
        "SoftwareProduct": "SAP enhancement package for SAP CRM",
        "SoftwareRelationship": "Related to SAP enhancement package for SAP CRM",
        "Level": "1 ",
        "DrillState": "Expanded",
        "ParentModelNumber": "",
        "DefaultCompKey": "",
        "DefaultCompName": "",
        "DefaultCompPrioLimit": "",
        "AddSearchTerms": " ",
        "SortOrder": "0",
        "compList": "[\"BI-BIP-ADM\",\"BI-BIP-ST\"]"
    },
    {

        "SystemNumber": "000000000800002744",
        "ModelNumber": "0000010275",
        "ModelCategory": "Product",
        "RelationshipType": "Related Product",
        "DisplayName": "SAP Web Channel Experience Management",
        "FullName": "SAP Web Channel Experience Management",
        "Name": "SAP Web Channel Experience Management",
        "SoftwareProductNumber": "01200615320800000556",
        "SoftwareProduct": "SAP Customer Relationship Management",
        "SoftwareRelationship": "Related to SAP Customer Relationship Management",
        "Level": "1 ",
        "DrillState": "Expanded",
        "ParentModelNumber": "",
        "DefaultCompKey": "",
        "DefaultCompName": "",
        "DefaultCompPrioLimit": "",
        "AddSearchTerms": " ",
        "SortOrder": "0",
        "compList": "[\"BI-DEV-WEB\",\"BI-BIP-ST\"]"
    },
    {

        "SystemNumber": "000000000800002744",
        "ModelNumber": "0000010276",
        "ModelCategory": "Product",
        "RelationshipType": "Related Product",
        "DisplayName": "SAP Contact Center, on-premise edition",
        "FullName": "SAP Contact Center, on-premise edition",
        "Name": "SAP Contact Center, on-premise edition",
        "SoftwareProductNumber": "01200615320800000556",
        "SoftwareProduct": "SAP Customer Relationship Management",
        "SoftwareRelationship": "Related to SAP Customer Relationship Management",
        "Level": "1 ",
        "DrillState": "Expanded",
        "ParentModelNumber": "",
        "DefaultCompKey": "",
        "DefaultCompName": "",
        "DefaultCompPrioLimit": "",
        "AddSearchTerms": " ",
        "SortOrder": "0",
        "compList": "[\"BI-BIP-PUB\",\"BI-DEV-JAV\",\"BI-DEV-NET\"]"
    },
    {

        "SystemNumber": "000000000800002744",
        "ModelNumber": "0000010276",
        "ModelCategory": "Product",
        "RelationshipType": "Related Product",
        "DisplayName": "SAP Contact Center, on-premise edition",
        "FullName": "SAP Contact Center, on-premise edition",
        "Name": "SAP Contact Center, on-premise edition",
        "SoftwareProductNumber": "01200314690800000700",
        "SoftwareProduct": "SAP enhancement package for SAP CRM",
        "SoftwareRelationship": "Related to SAP enhancement package for SAP CRM",
        "Level": "1 ",
        "DrillState": "Expanded",
        "ParentModelNumber": "",
        "DefaultCompKey": "",
        "DefaultCompName": "",
        "DefaultCompPrioLimit": "",
        "AddSearchTerms": " ",
        "SortOrder": "0",
        "compList": "[\"BI-BIP-ADM\",\"BI-BIP-AUT\",\"BI-BIP-IDT\",\"BI-BIP-PUB\",\"BI-BIP-DEP\",\"BI-DEV-JAV\",\"BI-DEV-NET\"]"
    },
    {

        "SystemNumber": "000000000800002744",
        "ModelNumber": "0000010279",
        "ModelCategory": "Product",
        "RelationshipType": "Related Product",
        "DisplayName": "Desktop Connection for SAP CRM, enterprise edition",
        "FullName": "Desktop Connection for SAP CRM, enterprise edition",
        "Name": "Desktop Connection for SAP CRM, enterprise edition",
        "SoftwareProductNumber": "01200615320800000556",
        "SoftwareProduct": "SAP Customer Relationship Management",
        "SoftwareRelationship": "Related to SAP Customer Relationship Management",
        "Level": "1 ",
        "DrillState": "Expanded",
        "ParentModelNumber": "",
        "DefaultCompKey": "",
        "DefaultCompName": "",
        "DefaultCompPrioLimit": "",
        "AddSearchTerms": " ",
        "SortOrder": "60000",
        "compList": "[\"BI-BIP-INS\",\"BI-RA-WBI\",\"BI-BIP-PUB\",\"BI-BIP-PER\",\"BI-BIP-DEP\",\"BI-DEV-JAV\",\"BI-DEV-NET\"]"
    },
    {

        "SystemNumber": "000000000800002744",
        "ModelNumber": "0000010279",
        "ModelCategory": "Product",
        "RelationshipType": "Related Product",
        "DisplayName": "Desktop Connection for SAP CRM, enterprise edition",
        "FullName": "Desktop Connection for SAP CRM, enterprise edition",
        "Name": "Desktop Connection for SAP CRM, enterprise edition",
        "SoftwareProductNumber": "01200314690800000700",
        "SoftwareProduct": "SAP enhancement package for SAP CRM",
        "SoftwareRelationship": "Related to SAP enhancement package for SAP CRM",
        "Level": "1 ",
        "DrillState": "Expanded",
        "ParentModelNumber": "",
        "DefaultCompKey": "",
        "DefaultCompName": "",
        "DefaultCompPrioLimit": "",
        "AddSearchTerms": " ",
        "SortOrder": "60000",
        "compList": "[\"BI-BIP-PER\",\"BI-BIP-DEP\"]"
    },
    {

        "SystemNumber": "000000000800002744",
        "ModelNumber": "0000010298",
        "ModelCategory": "Product",
        "RelationshipType": "Related Product",
        "DisplayName": "SAP Fiori for SAP CRM",
        "FullName": "SAP Fiori for SAP CRM",
        "Name": "SAP Fiori for SAP CRM",
        "SoftwareProductNumber": "01200615320800000556",
        "SoftwareProduct": "SAP Customer Relationship Management",
        "SoftwareRelationship": "Related to SAP Customer Relationship Management",
        "Level": "1 ",
        "DrillState": "Expanded",
        "ParentModelNumber": "",
        "DefaultCompKey": "",
        "DefaultCompName": "",
        "DefaultCompPrioLimit": "",
        "AddSearchTerms": " ",
        "SortOrder": "60000",
        "compList": "[\"BI-BIP-ADM\"\"BI-BIP-PUB\",\"BI-BIP-ST\"]"
    },
    {

        "SystemNumber": "000000000800002744",
        "ModelNumber": "0000010298",
        "ModelCategory": "Product",
        "RelationshipType": "Related Product",
        "DisplayName": "SAP Fiori for SAP CRM",
        "FullName": "SAP Fiori for SAP CRM",
        "Name": "SAP Fiori for SAP CRM",
        "SoftwareProductNumber": "01200314690800000700",
        "SoftwareProduct": "SAP enhancement package for SAP CRM",
        "SoftwareRelationship": "Related to SAP enhancement package for SAP CRM",
        "Level": "1 ",
        "DrillState": "Expanded",
        "ParentModelNumber": "",
        "DefaultCompKey": "",
        "DefaultCompName": "",
        "DefaultCompPrioLimit": "",
        "AddSearchTerms": " ",
        "SortOrder": "60000",
        "compList":"[\"BI-BIP-AUT\",\"BI-DEV-WEB\",]"
    },
    {

        "SystemNumber": "000000000800002744",
        "ModelNumber": "0000010359",
        "ModelCategory": "Product",
        "RelationshipType": "Related Product",
        "DisplayName": "Desktop Connection for SAP CRM",
        "FullName": "Desktop Connection for SAP CRM",
        "Name": "Desktop Connection for SAP CRM",
        "SoftwareProductNumber": "01200615320800000556",
        "SoftwareProduct": "SAP Customer Relationship Management",
        "SoftwareRelationship": "Related to SAP Customer Relationship Management",
        "Level": "1 ",
        "DrillState": "Expanded",
        "ParentModelNumber": "",
        "DefaultCompKey": "",
        "DefaultCompName": "",
        "DefaultCompPrioLimit": "",
        "AddSearchTerms": " ",
        "SortOrder": "70000",
        "compList": "[\"BI-BIP-INS\",\"BI-DEV-NET\"]"
    },
    {

        "SystemNumber": "000000000800002744",
        "ModelNumber": "0000010359",
        "ModelCategory": "Product",
        "RelationshipType": "Related Product",
        "DisplayName": "Desktop Connection for SAP CRM",
        "FullName": "Desktop Connection for SAP CRM",
        "Name": "Desktop Connection for SAP CRM",
        "SoftwareProductNumber": "01200314690800000700",
        "SoftwareProduct": "SAP enhancement package for SAP CRM",
        "SoftwareRelationship": "Related to SAP enhancement package for SAP CRM",
        "Level": "1 ",
        "DrillState": "Expanded",
        "ParentModelNumber": "",
        "DefaultCompKey": "",
        "DefaultCompName": "",
        "DefaultCompPrioLimit": "",
        "AddSearchTerms": " ",
        "SortOrder": "70000",
        "compList":"[\"BI-RA-WBI\",\"BI-DEV-JAV\"]"
    },
    {

        "SystemNumber": "000000000800002744",
        "ModelNumber": "0000010360",
        "ModelCategory": "Product Function",
        "RelationshipType": "Related Product",
        "DisplayName": "SAP CRM Service Manager",
        "FullName": "SAP CRM Service Manager",
        "Name": "SAP CRM Service Manager",
        "SoftwareProductNumber": "01200314690800000700",
        "SoftwareProduct": "SAP enhancement package for SAP CRM",
        "SoftwareRelationship": "Related to SAP enhancement package for SAP CRM",
        "Level": "1 ",
        "DrillState": "Expanded",
        "ParentModelNumber": "",
        "DefaultCompKey": "",
        "DefaultCompName": "",
        "DefaultCompPrioLimit": "",
        "AddSearchTerms": " ",
        "SortOrder": "60000",
        "compList": "[\"BI-BIP-SRV\",\"BI-BIP-LCM\"]"
    },
    {

        "SystemNumber": "000000000800002744",
        "ModelNumber": "0000010360",
        "ModelCategory": "Product Function",
        "RelationshipType": "Related Product",
        "DisplayName": "SAP CRM Service Manager",
        "FullName": "SAP CRM Service Manager",
        "Name": "SAP CRM Service Manager",
        "SoftwareProductNumber": "01200615320800000556",
        "SoftwareProduct": "SAP Customer Relationship Management",
        "SoftwareRelationship": "Related to SAP Customer Relationship Management",
        "Level": "1 ",
        "DrillState": "Expanded",
        "ParentModelNumber": "",
        "DefaultCompKey": "",
        "DefaultCompName": "",
        "DefaultCompPrioLimit": "",
        "AddSearchTerms": " ",
        "SortOrder": "60000",
        "compList": "[\"BI-BIP-SRV\",\"BI-BIP-IDT\",\"BI-BIP-PER\",\"BI-BIP-DEP\",\"BI-BIP-LCM\"]"
    },
    {

        "SystemNumber": "000000000800002744",
        "ModelNumber": "0000010446",
        "ModelCategory": "Product Function",
        "RelationshipType": "Related Product",
        "DisplayName": "SAP HANA Live for SAP CRM",
        "FullName": "SAP HANA Live for SAP CRM",
        "Name": "SAP HANA Live for SAP CRM",
        "SoftwareProductNumber": "01200314690800000700",
        "SoftwareProduct": "SAP enhancement package for SAP CRM",
        "SoftwareRelationship": "Related to SAP enhancement package for SAP CRM",
        "Level": "1 ",
        "DrillState": "Expanded",
        "ParentModelNumber": "",
        "DefaultCompKey": "",
        "DefaultCompName": "",
        "DefaultCompPrioLimit": "",
        "AddSearchTerms": " ",
        "SortOrder": "60000",
        "compList": "[\"BI-BIP-DEP\",\"BI-BIP-LCM\",\"BI-DEV-JAV\"]"
    },
    {

        "SystemNumber": "000000000800002744",
        "ModelNumber": "0000010446",
        "ModelCategory": "Product Function",
        "RelationshipType": "Related Product",
        "DisplayName": "SAP HANA Live for SAP CRM",
        "FullName": "SAP HANA Live for SAP CRM",
        "Name": "SAP HANA Live for SAP CRM",
        "SoftwareProductNumber": "01200615320800000556",
        "SoftwareProduct": "SAP Customer Relationship Management",
        "SoftwareRelationship": "Related to SAP Customer Relationship Management",
        "Level": "1 ",
        "DrillState": "Expanded",
        "ParentModelNumber": "",
        "DefaultCompKey": "",
        "DefaultCompName": "",
        "DefaultCompPrioLimit": "",
        "AddSearchTerms": " ",
        "SortOrder": "60000",
        "compList": "[\"BI-BIP-DEP\",\"BI-BIP-LCM\"]"
    }
]