[
    {
        "pointer": "002075125200001638722022",
        "incidentNumber": "163872/2022",
        "source": "portal",
        "statusId": "S",
        "lastUpdate": "",
        "priorityId": "3",
        "createdAt": 1666865709000,
        "updatedAt": 1671774791000,
        "installationId": "0020659687",
        "systemNumber": "",
        "customerId": "0001208936",
        "reporterId": "S0009460456",
        "sapNumber": "163872",
        "sapYear": "2022",
        "subject": "test noattachments",
        "respITSM": "SNO",
        "statusTxt": "In Processing by SAP",
        "priorityTxt": "Medium",
        "installationTxt": "ERP Standard Support",
        "systemId": "AP1",
        "systemTxt": "Dublette von Inst 0020659001",
        "componentId": "",
        "componentKey": "XX-SER-SAPSMP-TEST",
        "componentTxt": "for SAP ONE Support Launchpad test purposes only",
        "reporterTxt": "Alexandra Paul",
        "customerTxt": "SAP Test Account - aPaul Pharma",
        "creationDate": "2022-10-27",
        "creationTime": "10:15:09",
        "createdBy": "S0009460456",
        "updateDate": "2022-12-23",
        "updateTime": "05:53:11",
        "autoConfirmDateTxt": "",
        "autoConfirmDate": 0,
        "productId": "",
        "productTxt": "",
        "userTimezone": "CET",
        "isFavorite": ""
    },
    {
        "pointer": "002075125200001961422022",
        "incidentNumber": "196142/2022",
        "source": "LOCAL",
        "statusId": "C",
        "lastUpdate": "",
        "priorityId": "1",
        "createdAt": 1670487603000,
        "updatedAt": 1673530845000,
        "installationId": "0020659687",
        "systemNumber": "000000000311628235",
        "customerId": "0001208936",
        "reporterId": "S0009460456",
        "sapNumber": "196142",
        "sapYear": "2022",
        "subject": "test by lly 1208 03",
        "respITSM": "",
        "statusTxt": "Sent to SAP",
        "priorityTxt": "Very High",
        "installationTxt": "0020659687 - ERP Standard Support",
        "systemId": "SEM",
        "systemTxt": "SEM - Test 21.9.2011 の…… ",
        "componentId": "105651",
        "componentKey": "XX-SER-SAPSMP-BC",
        "componentTxt": "SAP Internal testing, component reserved for BC",
        "reporterTxt": "Alexandra Paul",
        "customerTxt": "1208936 - aPaul Pharma Test-Account AGS Data Quality",
        "creationDate": "08.12.2022",
        "creationTime": "08:20:03",
        "createdBy": "S0009460456",
        "updateDate": "12.01.2023",
        "updateTime": "13:40:45",
        "autoConfirmDateTxt": "",
        "autoConfirmDate": 0,
        "productId": "01200615320800000659",
        "productTxt": "",
        "userTimezone": "INDIA",
        "isFavorite": "X"
    }
]
