[
    {
        "Date": "Mar 1",
        "time" : "10.00 - 10.30 (CET)"
    },
    {
        "Date": "Mar 1",
        "time" : "11.00 - 11.30 (CET)"
    },
    {
        "Date": "Mar 1",
        "time" : "12.00 - 12.30 (CET)"
    },
    {
        "Date": "Mar 1",
        "time" : "13.00 - 13.30 (CET)"
    },
    {
        "Date": "Mar 2",
        "time" : "14.00 - 14.30 (CET)"
    },
    {
        "Date": "Mar 2",
        "time" : "15.00 - 15.30 (CET)"
    },
    {
        "Date": "Mar 2",
        "time" : "16.00 - 16.30 (CET)"
    },
    {
        "Date": "Mar 2",
        "time" : "17.00 - 17.30 (CET)"
    },
    {
        "Date": "Mar 2",
        "time" : "18.00 - 18.30 (CET)"
    }
]