[
    {
        "Csinsta": "0020751295",
        "Mnumm": "0000132217",
        "Myear": "2024",
        "Uname": "",
        "Status": "1",
        "Priority": "3",
        "MnummNLZ": "132217",
        "Component": "PP-MRP",
        "Erftstmp": "/Date(1707285785000)/",
        "Aetstmp": "/Date(1707287040000)/",
        "Closetstmp": "/Date(0000)/",
        "Reporter": "S002016655",
        "EnteredBy": "S002016655",
        "LastChangedBy": "",
        "Processor": "",
        "Stext": "Planned independent requirements are not consumed by customer orders in MD04",
        "Sprsl": "E",
        "InputType": "",
        "Masterinst": "",
        "ServicetypTxt": "",
        "StatusTxt": "Not Sent to SAP",
        "PriorityTxt": "Medium",
        "CompKey": "PP-MRP",
        "ComponentTxt": "Material Requirements Planning",
        "CompPath": "",
        "Erfdate": "02-07-2024",
        "Erftime": "06:03:05",
        "Aedate": "02-07-2024",
        "Aetime": "06:24:00",
        "Closedate": "",
        "Closetime": "",
        "AutoConfirmDateText": "",
        "AutoConfirmDate": "",
        "ReporterTxt": "Demo User",
        "EnteredByTxt": "Demo User",
        "LastChangedTxt": "",
        "ProcessorTxt": "",
        "SprslTxt": "",
        "ContactsCnt": 0,
        "TextsCnt": 0,
        "AttxCnt": 0,
        "NotesCnt": 0,
        "AlogCnt": 0,
        "AplanCnt": 0,
        "LastText": "",
        "LastTextType": "",
        "LastTextTstmp": "/Date(0000)/",
        "LastTextDate": "",
        "LastTextTime": "",
        "LastTextCreator": "",
        "TextActive": "",
        "LastNoteNbr": "",
        "LastNoteTxt": "",
        "ProductTxt": "",
        "LastUpdate": "ALL",
        "IncSource": "003",
        "Source": "LOCAL",
        "UserTimezone": "UTC+8",
        "EUDPFlag": "",
        "OverruleAuth": false,
        "EditorType": "",
        "DraftFlag": "X",
        "AltCount": 393,
        "ServicedFlag": "",
        "ServiceByCustText": "",
        "Favorite": "",
        "Pointer": "002075129500001322172024",
        "Service": "3",
        "Servicetyp": "K",
        "FirstS2sap": "19700101000000",
        "LastS2sap": "19700101000000",
        "ProdRel": "",
        "Frontend": "",
        "OpSystem": "",
        "DbSystem": "",
        "RampupFlag": "",
        "DssClassified": "",
        "Blockattachments": "",
        "Customer": "0001208936",
        "CustomerTxt": "1208936 - SAP Test Account - aPaul Pharma Test-Account AGS Data Quality",
        "Installation": "0020659687",
        "InstallationTxt": "0020659687 - ERP Standard Support",
        "SystemNumber": "000000000850641080",
        "SystemId": "A31",
        "SystemType": "PROD",
        "SystemTxt": "A31 -  ",
        "Product": "01200615320800000659",
        "ProductVersion": "01200615320900001296",
        "SuppPartner": "",
        "SoftwPartner": "",
        "Swkla": "ERP",
        "APIKey": "",
        "Product1": "",
        "Product2": "",
        "Product3": "",
        "Help01": "",
        "Help02": "",
        "Help03": "",
        "RespITSM": "",
        "Searchterm": "",
        "SaeStartTime": "",
        "SaeStatus": "",
        "SaeGuid": "00000000-0000-0000-0000-000000000000",
        "SamStartTime": "",
        "SamStatus": "",
        "SamInfo": "",
        "AffectedURL": "",
        "RelevantID": "",
        "SWType": "ONPREM",
        "ProductSelected": "",
        "DataProtection": "",
        "AaEPQuesUUID": "",
        "AaEPSessStatus": "",
        "AaEPQuesStatus": "",
        "AaEPQuesEmail": "",
        "QuesDateCreated": "",
        "ExpirationDate": "",
        "AaEPDraftFlag": "",
        "AaEPFlag": "",
        "BusinessImpactTxt": "",
        "MessageTexts": {
            "__deferred": {
                "uri": ""
            }
        }
    },
    {
        "Csinsta": "0020751295",
        "Mnumm": "0000131508",
        "Myear": "2024",
        "Uname": "",
        "Status": "1",
        "Priority": "3",
        "MnummNLZ": "131508",
        "Component": "0000066678",
        "Erftstmp": "/Date(1707269293000)/",
        "Aetstmp": "/Date(1707269317000)/",
        "Closetstmp": "/Date(0000)/",
        "Reporter": "S002016655",
        "EnteredBy": "S002016655",
        "LastChangedBy": "",
        "Processor": "",
        "Stext": "test",
        "Sprsl": "E",
        "InputType": "",
        "Masterinst": "",
        "ServicetypTxt": "",
        "StatusTxt": "Not Sent to SAP",
        "PriorityTxt": "Medium",
        "CompKey": "LOD-SF-RPO-UMN",
        "ComponentTxt": "User Management",
        "CompPath": "",
        "Erfdate": "02-07-2024",
        "Erftime": "01:28:13",
        "Aedate": "02-07-2024",
        "Aetime": "01:28:37",
        "Closedate": "",
        "Closetime": "",
        "AutoConfirmDateText": "",
        "AutoConfirmDate": "",
        "ReporterTxt": "Larissa Rauzer",
        "EnteredByTxt": "Larissa Rauzer",
        "LastChangedTxt": "",
        "ProcessorTxt": "",
        "SprslTxt": "",
        "ContactsCnt": 0,
        "TextsCnt": 0,
        "AttxCnt": 0,
        "NotesCnt": 0,
        "AlogCnt": 0,
        "AplanCnt": 0,
        "LastText": "",
        "LastTextType": "",
        "LastTextTstmp": "/Date(0000)/",
        "LastTextDate": "",
        "LastTextTime": "",
        "LastTextCreator": "",
        "TextActive": "",
        "LastNoteNbr": "",
        "LastNoteTxt": "",
        "ProductTxt": "",
        "LastUpdate": "ALL",
        "IncSource": "003",
        "Source": "LOCAL",
        "UserTimezone": "UTC+8",
        "EUDPFlag": "",
        "OverruleAuth": false,
        "EditorType": "",
        "DraftFlag": "X",
        "AltCount": 393,
        "ServicedFlag": "",
        "ServiceByCustText": "",
        "Favorite": "",
        "Pointer": "002075129500001315082024",
        "Service": "3",
        "Servicetyp": "K",
        "FirstS2sap": "19700101000000",
        "LastS2sap": "19700101000000",
        "ProdRel": "",
        "Frontend": "",
        "OpSystem": "",
        "DbSystem": "",
        "RampupFlag": "",
        "DssClassified": "",
        "Blockattachments": "",
        "Customer": "0001208936",
        "CustomerTxt": "1208936 - SAP Test Account - aPaul Pharma Test-Account AGS Data Quality",
        "Installation": "0090119095",
        "InstallationTxt": "0090119095 - SFSF - Edit",
        "SystemNumber": "000000000740276824",
        "SystemId": "CLO",
        "SystemType": "PROD",
        "SystemTxt": "SAP SuccessFactors Recruiting Posting 1905 / MPOS",
        "Product": "SFSF",
        "ProductVersion": "73554900100900003786",
        "SuppPartner": "",
        "SoftwPartner": "",
        "Swkla": "SFSF",
        "APIKey": "",
        "Product1": "",
        "Product2": "",
        "Product3": "",
        "Help01": "",
        "Help02": "",
        "Help03": "",
        "RespITSM": "",
        "Searchterm": "",
        "SaeStartTime": "",
        "SaeStatus": "",
        "SaeGuid": "00000000-0000-0000-0000-000000000000",
        "SamStartTime": "",
        "SamStatus": "",
        "SamInfo": "",
        "AffectedURL": "",
        "RelevantID": "",
        "SWType": "CLOUD",
        "ProductSelected": "",
        "DataProtection": "NONE",
        "AaEPQuesUUID": "",
        "AaEPSessStatus": "",
        "AaEPQuesStatus": "",
        "AaEPQuesEmail": "",
        "QuesDateCreated": "",
        "ExpirationDate": "",
        "AaEPDraftFlag": "",
        "AaEPFlag": "",
        "BusinessImpactTxt": "",
        "MessageTexts": {
            "__deferred": {
                "uri": ""
            }
        }
    },
    {
        "Csinsta": "0020751295",
        "Mnumm": "0000125310",
        "Myear": "2024",
        "Uname": "",
        "Status": "1",
        "Priority": "3",
        "MnummNLZ": "125310",
        "Component": "100237",
        "Erftstmp": "/Date(1707172261000)/",
        "Aetstmp": "/Date(1707172294000)/",
        "Closetstmp": "/Date(0000)/",
        "Reporter": "S002016655",
        "EnteredBy": "S002016655",
        "LastChangedBy": "",
        "Processor": "",
        "Stext": "Can not logon to my SAP Cloud ALM tenant",
        "Sprsl": "E",
        "InputType": "",
        "Masterinst": "",
        "ServicetypTxt": "",
        "StatusTxt": "Not Sent to SAP",
        "PriorityTxt": "Medium",
        "CompKey": "SV-CLM-INF-UAM",
        "ComponentTxt": "User Management for SAP Cloud ALM",
        "CompPath": "",
        "Erfdate": "02-05-2024",
        "Erftime": "22:31:01",
        "Aedate": "02-05-2024",
        "Aetime": "22:31:34",
        "Closedate": "",
        "Closetime": "",
        "AutoConfirmDateText": "",
        "AutoConfirmDate": "",
        "ReporterTxt": "Thomas Stein",
        "EnteredByTxt": "Thomas Stein",
        "LastChangedTxt": "",
        "ProcessorTxt": "",
        "SprslTxt": "",
        "ContactsCnt": 0,
        "TextsCnt": 0,
        "AttxCnt": 0,
        "NotesCnt": 0,
        "AlogCnt": 0,
        "AplanCnt": 0,
        "LastText": "",
        "LastTextType": "",
        "LastTextTstmp": "/Date(0000)/",
        "LastTextDate": "",
        "LastTextTime": "",
        "LastTextCreator": "",
        "TextActive": "",
        "LastNoteNbr": "",
        "LastNoteTxt": "",
        "ProductTxt": "",
        "LastUpdate": "ALL",
        "IncSource": "003",
        "Source": "LOCAL",
        "UserTimezone": "UTC+8",
        "EUDPFlag": "",
        "OverruleAuth": false,
        "EditorType": "",
        "DraftFlag": "X",
        "AltCount": 393,
        "ServicedFlag": "",
        "ServiceByCustText": "",
        "Favorite": "",
        "Pointer": "002075129500001253102024",
        "Service": "3",
        "Servicetyp": "K",
        "FirstS2sap": "19700101000000",
        "LastS2sap": "19700101000000",
        "ProdRel": "",
        "Frontend": "",
        "OpSystem": "",
        "DbSystem": "",
        "RampupFlag": "",
        "DssClassified": "",
        "Blockattachments": "",
        "Customer": "0001208936",
        "CustomerTxt": "1208936 - SAP Test Account - aPaul Pharma Test-Account AGS Data Quality",
        "Installation": "0090463457",
        "InstallationTxt": "0090463457 - SAP CLOUD ALM",
        "SystemNumber": "000000000742665816",
        "SystemId": "CLO",
        "SystemType": "PROD",
        "SystemTxt": "CLO - SAP Cloud  ALM - EU20 myfs9aku ",
        "Product": "73554900100800002513",
        "ProductVersion": "",
        "SuppPartner": "",
        "SoftwPartner": "",
        "Swkla": "CALM",
        "APIKey": "",
        "Product1": "",
        "Product2": "",
        "Product3": "",
        "Help01": "",
        "Help02": "",
        "Help03": "",
        "RespITSM": "",
        "Searchterm": "",
        "SaeStartTime": "",
        "SaeStatus": "",
        "SaeGuid": "00000000-0000-0000-0000-000000000000",
        "SamStartTime": "",
        "SamStatus": "",
        "SamInfo": "",
        "AffectedURL": "",
        "RelevantID": "",
        "SWType": "ONPREM",
        "ProductSelected": "",
        "DataProtection": "NONE",
        "AaEPQuesUUID": "",
        "AaEPSessStatus": "",
        "AaEPQuesStatus": "",
        "AaEPQuesEmail": "",
        "QuesDateCreated": "",
        "ExpirationDate": "",
        "AaEPDraftFlag": "",
        "AaEPFlag": "",
        "BusinessImpactTxt": "",
        "MessageTexts": {
            "__deferred": {
                "uri": ""
            }
        }
    },
    {
        "Csinsta": "0020751294",
        "Mnumm": "0000119192",
        "Myear": "2024",
        "Uname": "",
        "Status": "1",
        "Priority": "3",
        "MnummNLZ": "119192",
        "Component": "100237",
        "Erftstmp": "/Date(1706903787000)/",
        "Aetstmp": "/Date(1706903787000)/",
        "Closetstmp": "/Date(0000)/",
        "Reporter": "S002016655",
        "EnteredBy": "S002016655",
        "LastChangedBy": "",
        "Processor": "",
        "Stext": "I can not logon to my SAP Cloud ALM Tenant.",
        "Sprsl": "E",
        "InputType": "",
        "Masterinst": "",
        "ServicetypTxt": "",
        "StatusTxt": "Not Sent to SAP",
        "PriorityTxt": "Medium",
        "CompKey": "SV-CLM-INF-UAM",
        "ComponentTxt": "User Management for SAP Cloud ALM",
        "CompPath": "",
        "Erfdate": "02-02-2024",
        "Erftime": "19:56:27",
        "Aedate": "02-02-2024",
        "Aetime": "19:56:27",
        "Closedate": "",
        "Closetime": "",
        "AutoConfirmDateText": "",
        "AutoConfirmDate": "",
        "ReporterTxt": "Thomas Stein",
        "EnteredByTxt": "Thomas Stein",
        "LastChangedTxt": "",
        "ProcessorTxt": "",
        "SprslTxt": "",
        "ContactsCnt": 0,
        "TextsCnt": 0,
        "AttxCnt": 0,
        "NotesCnt": 0,
        "AlogCnt": 0,
        "AplanCnt": 0,
        "LastText": "",
        "LastTextType": "",
        "LastTextTstmp": "/Date(0000)/",
        "LastTextDate": "",
        "LastTextTime": "",
        "LastTextCreator": "",
        "TextActive": "",
        "LastNoteNbr": "",
        "LastNoteTxt": "",
        "ProductTxt": "",
        "LastUpdate": "ALL",
        "IncSource": "003",
        "Source": "LOCAL",
        "UserTimezone": "UTC+8",
        "EUDPFlag": "",
        "OverruleAuth": false,
        "EditorType": "",
        "DraftFlag": "X",
        "AltCount": 393,
        "ServicedFlag": "",
        "ServiceByCustText": "",
        "Favorite": "",
        "Pointer": "002075129400001191922024",
        "Service": "3",
        "Servicetyp": "K",
        "FirstS2sap": "19700101000000",
        "LastS2sap": "19700101000000",
        "ProdRel": "",
        "Frontend": "",
        "OpSystem": "",
        "DbSystem": "",
        "RampupFlag": "",
        "DssClassified": "",
        "Blockattachments": "",
        "Customer": "0001208936",
        "CustomerTxt": "1208936 - SAP Test Account - aPaul Pharma Test-Account AGS Data Quality",
        "Installation": "0090463457",
        "InstallationTxt": "0090463457 - SAP CLOUD ALM",
        "SystemNumber": "000000000742665816",
        "SystemId": "CLO",
        "SystemType": "PROD",
        "SystemTxt": "CLO - SAP Cloud  ALM - EU20 myfs9aku ",
        "Product": "73554900100800002513",
        "ProductVersion": "",
        "SuppPartner": "",
        "SoftwPartner": "",
        "Swkla": "CALM",
        "APIKey": "",
        "Product1": "",
        "Product2": "",
        "Product3": "",
        "Help01": "",
        "Help02": "",
        "Help03": "",
        "RespITSM": "",
        "Searchterm": "",
        "SaeStartTime": "",
        "SaeStatus": "",
        "SaeGuid": "00000000-0000-0000-0000-000000000000",
        "SamStartTime": "",
        "SamStatus": "",
        "SamInfo": "",
        "AffectedURL": "",
        "RelevantID": "",
        "SWType": "ONPREM",
        "ProductSelected": "",
        "DataProtection": "NONE",
        "AaEPQuesUUID": "",
        "AaEPSessStatus": "",
        "AaEPQuesStatus": "",
        "AaEPQuesEmail": "",
        "QuesDateCreated": "",
        "ExpirationDate": "",
        "AaEPDraftFlag": "",
        "AaEPFlag": "",
        "BusinessImpactTxt": "",
        "MessageTexts": {
            "__deferred": {
                "uri": ""
            }
        }
    }
]
