[
    {
        "Date": "20210301072925",
        "Count": "2"
    },
    {
        "Date": "20210302072926",
        "Count": "4"
    },
    {
        "Date": "20210303072927",
        "Count": "6"
    },
    {
        "Date": "20210304072925",
        "Count": "8"
    },
    {
        "Date": "20210305072926",
        "Count": "10"
    },
    {
        "Date": "20210308072926",
        "Count": ""
    },
    {
        "Date": "20210309072927",
        "Count": " "
    },
    {
        "Date": "20210310072925",
        "Count": "8"
    },
    {
        "Date": "20210311072926",
        "Count": "9"
    },
    {
        "Date": "20210312072927",
        "Count": "2"
    }
]