[
    {
        "systemNumber": "000000000740812801",
        "uname": "S002016655",
        "customerNumber": "0001208936",
        "productNumber": "ARIBA",
        "productText": "ARIBA",
        "productVersionNumber": "",
        "productVersionText": "",
        "installationNumber": "0090280714",
        "searchText": "Ariba",
        "matchScore": "0.85",
        "systemId": "CLO",
        "systemName": "saec",
        "systemType": "Production",
        "supportPartnerNumber": "",
        "supportPartnerName": "",
        "supportPartnerURL": "",
        "notSelectable": "",
        "customerName": "South32 Group Operations Pty Ltd",
        "installationName": "ARIBA",
        "softwareClass": "ARIBA",
        "softwareType": "ARIBA",
        "dataProcessRestriction": "",
        "dataCenterText": "Germany: Frankfurt",
        "isSystemCloud": "X",
        "cloudURL": "",
        "mainSystemNbr": "",
        "mainSystemName": "",
        "isOutOfRange": false,
        "isFavorite": false,
        "leadingProduct": "SAP Ariba Sourcing, cloud edition"
    },
    {
        "systemNumber": "000000000800100894",
        "uname": "S002016655",
        "customerNumber": "0001208936",
        "productNumber": "BOBJ",
        "productText": "SAP BusinessObjects",
        "productVersionNumber": "73555000100900000046",
        "productVersionText": "SBOP BI PLATFORM 4.2",
        "installationNumber": "0090119716",
        "searchText": "",
        "matchScore": "0.00",
        "systemId": "AAA",
        "systemName": "",
        "systemType": "DEVELOP",
        "supportPartnerNumber": "",
        "supportPartnerName": "",
        "supportPartnerURL": "",
        "notSelectable": "",
        "customerName": "SAP Test Account - aPaul Pharma Test-Account AGS Data Qualit",
        "installationName": "SAP BUSINESS OBJECTS",
        "softwareClass": "BOBJ",
        "softwareType": "ONPREM",
        "dataProcessRestriction": "",
        "dataCenterText": "",
        "isSystemCloud": "",
        "cloudURL": "",
        "mainSystemNbr": "",
        "mainSystemName": "",
        "isOutOfRange": false,
        "isFavorite": false,
        "leadingProduct": "SAP BusinessObjects Business Intelligence platform 4.2"
    },
    {
        "systemNumber": "000000000850682301",
        "uname": "S002016655",
        "customerNumber": "0001208936",
        "productNumber": "01200615320800000659",
        "productText": "SAP ERP",
        "productVersionNumber": "01200615320900001396",
        "productVersionText": "EXP: SAP CONTENT SERVER 6.40",
        "installationNumber": "0020659001",
        "searchText": "",
        "matchScore": "0.00",
        "systemId": "AAA",
        "systemName": "test database server",
        "systemType": "ARCHIVE",
        "supportPartnerNumber": "",
        "supportPartnerName": "",
        "supportPartnerURL": "",
        "notSelectable": "",
        "customerName": "SAP Test Account - aPaul Pharma Test-Account AGS Data Qualit",
        "installationName": "Installation AH1",
        "softwareClass": "ERP",
        "softwareType": "ONPREM",
        "dataProcessRestriction": "",
        "dataCenterText": "",
        "isSystemCloud": "",
        "cloudURL": "",
        "mainSystemNbr": "",
        "mainSystemName": "",
        "isOutOfRange": false,
        "isFavorite": false,
        "leadingProduct": "SAP Content Server 6.40"
    },
    {
        "systemNumber": "000000000800092097",
        "uname": "S002016655",
        "customerNumber": "0001208936",
        "productNumber": "BOBJ",
        "productText": "SAP BusinessObjects",
        "productVersionNumber": "73554900100900000326",
        "productVersionText": "SAP CRYSTAL REPORTS 2016",
        "installationNumber": "0090119716",
        "searchText": "",
        "matchScore": "0.00",
        "systemId": "ABC",
        "systemName": "abc",
        "systemType": "PROD",
        "supportPartnerNumber": "",
        "supportPartnerName": "",
        "supportPartnerURL": "",
        "notSelectable": "",
        "customerName": "SAP Test Account - aPaul Pharma Test-Account AGS Data Qualit",
        "installationName": "SAP BUSINESS OBJECTS",
        "softwareClass": "BOBJ",
        "softwareType": "ONPREM",
        "dataProcessRestriction": "",
        "dataCenterText": "",
        "isSystemCloud": "",
        "cloudURL": "",
        "mainSystemNbr": "",
        "mainSystemName": "",
        "isOutOfRange": false,
        "isFavorite": false,
        "leadingProduct": "SAP Crystal Reports 2016"
    },
    {
        "systemNumber": "000000000800733367",
        "uname": "S002016655",
        "customerNumber": "0001208936",
        "productNumber": "01200615320800000659",
        "productText": "SAP ERP",
        "productVersionNumber": "73555000100900001819",
        "productVersionText": "SBOP BI PLATFORM 4.3",
        "installationNumber": "0020659687",
        "searchText": "",
        "matchScore": "0.00",
        "systemId": "ABC",
        "systemName": "",
        "systemType": "TEST",
        "supportPartnerNumber": "",
        "supportPartnerName": "",
        "supportPartnerURL": "",
        "notSelectable": "",
        "customerName": "SAP Test Account - aPaul Pharma Test-Account AGS Data Qualit",
        "installationName": "ERP Standard Support",
        "softwareClass": "ERP",
        "softwareType": "ONPREM",
        "dataProcessRestriction": "",
        "dataCenterText": "",
        "isSystemCloud": "",
        "cloudURL": "",
        "mainSystemNbr": "",
        "mainSystemName": "",
        "isOutOfRange": false,
        "isFavorite": false,
        "leadingProduct": "SAP BusinessObjects Business Intelligence platform 4.3"
    },
    {
        "systemNumber": "000000000800885433",
        "uname": "S002016655",
        "customerNumber": "0001208936",
        "productNumber": "SYBASE",
        "productText": "Sybase",
        "productVersionNumber": "73555000100900001851",
        "productVersionText": "SAP CRYSTAL REPORTS 2020",
        "installationNumber": "0020982420",
        "searchText": "",
        "matchScore": "0.00",
        "systemId": "ABC",
        "systemName": "",
        "systemType": "PROD",
        "supportPartnerNumber": "",
        "supportPartnerName": "",
        "supportPartnerURL": "",
        "notSelectable": "",
        "customerName": "SAP Test Account - aPaul Pharma Test-Account AGS Data Qualit",
        "installationName": "Test Installation OM",
        "softwareClass": "SYBASE",
        "softwareType": "ONPREM",
        "dataProcessRestriction": "",
        "dataCenterText": "",
        "isSystemCloud": "",
        "cloudURL": "",
        "mainSystemNbr": "",
        "mainSystemName": "",
        "isOutOfRange": false,
        "isFavorite": false,
        "leadingProduct": "SAP Crystal Reports 2020"
    },
    {
        "systemNumber": "000000000850000544",
        "uname": "S002016655",
        "customerNumber": "0001208936",
        "productNumber": "01200615320800000659",
        "productText": "SAP ERP",
        "productVersionNumber": "73554900100900001750",
        "productVersionText": "ABAP FND 1709 ON HANA",
        "installationNumber": "0020659687",
        "searchText": "",
        "matchScore": "0.00",
        "systemId": "ABC",
        "systemName": "MySystem",
        "systemType": "PROD",
        "supportPartnerNumber": "",
        "supportPartnerName": "",
        "supportPartnerURL": "",
        "notSelectable": "",
        "customerName": "SAP Test Account - aPaul Pharma Test-Account AGS Data Qualit",
        "installationName": "ERP Standard Support",
        "softwareClass": "ERP",
        "softwareType": "ONPREM",
        "dataProcessRestriction": "EUDP",
        "dataCenterText": "",
        "isSystemCloud": "",
        "cloudURL": "",
        "mainSystemNbr": "",
        "mainSystemName": "",
        "isOutOfRange": false,
        "isFavorite": false,
        "leadingProduct": "foundation on SAP NetWeaver Application Server for ABAP, version for SAP HANA 1709"
    },
    {
        "systemNumber": "000000000850000545",
        "uname": "S002016655",
        "customerNumber": "0001208936",
        "productNumber": "01200615320800000659",
        "productText": "SAP ERP",
        "productVersionNumber": "01200615320900001296",
        "productVersionText": "SAP ERP 6.0",
        "installationNumber": "0020659687",
        "searchText": "",
        "matchScore": "0.00",
        "systemId": "ABC",
        "systemName": "ABC License",
        "systemType": "DEVELOP",
        "supportPartnerNumber": "",
        "supportPartnerName": "",
        "supportPartnerURL": "",
        "notSelectable": "",
        "customerName": "SAP Test Account - aPaul Pharma Test-Account AGS Data Qualit",
        "installationName": "ERP Standard Support",
        "softwareClass": "ERP",
        "softwareType": "ONPREM",
        "dataProcessRestriction": "",
        "dataCenterText": "",
        "isSystemCloud": "",
        "cloudURL": "",
        "mainSystemNbr": "",
        "mainSystemName": "",
        "isOutOfRange": false,
        "isFavorite": false,
        "leadingProduct": "SAP ERP 6.0"
    },
    {
        "systemNumber": "000000000850516632",
        "uname": "S002016655",
        "customerNumber": "0001208936",
        "productNumber": "BOBJ",
        "productText": "SAP BusinessObjects",
        "productVersionNumber": "73555000100900001851",
        "productVersionText": "SAP CRYSTAL REPORTS 2020",
        "installationNumber": "0090119716",
        "searchText": "",
        "matchScore": "0.00",
        "systemId": "ABC",
        "systemName": "Just a test system",
        "systemType": "TEST",
        "supportPartnerNumber": "",
        "supportPartnerName": "",
        "supportPartnerURL": "",
        "notSelectable": "",
        "customerName": "SAP Test Account - aPaul Pharma Test-Account AGS Data Qualit",
        "installationName": "SAP BUSINESS OBJECTS",
        "softwareClass": "BOBJ",
        "softwareType": "ONPREM",
        "dataProcessRestriction": "",
        "dataCenterText": "",
        "isSystemCloud": "",
        "cloudURL": "",
        "mainSystemNbr": "",
        "mainSystemName": "",
        "isOutOfRange": false,
        "isFavorite": false,
        "leadingProduct": "SAP Crystal Reports 2020"
    },
    {
        "systemNumber": "000000000850680166",
        "uname": "S002016655",
        "customerNumber": "0001208936",
        "productNumber": "01200615320800000636",
        "productText": "SAP SOLUTION MANAGER",
        "productVersionNumber": "01200615320900006067",
        "productVersionText": "SAP SOLUTION MANAGER 7.2",
        "installationNumber": "0090119717",
        "searchText": "",
        "matchScore": "0.00",
        "systemId": "ABC",
        "systemName": "ASADF",
        "systemType": "PROD",
        "supportPartnerNumber": "",
        "supportPartnerName": "",
        "supportPartnerURL": "",
        "notSelectable": "",
        "customerName": "SAP Test Account - aPaul Pharma Test-Account AGS Data Qualit",
        "installationName": "SAP SOLUTION MANAGER",
        "softwareClass": "SOLMAN",
        "softwareType": "ONPREM",
        "dataProcessRestriction": "",
        "dataCenterText": "",
        "isSystemCloud": "",
        "cloudURL": "",
        "mainSystemNbr": "",
        "mainSystemName": "",
        "isOutOfRange": false,
        "isFavorite": false,
        "leadingProduct": "SAP Solution Manager 7.2"
    },
    {
        "systemNumber": "000000000850720250",
        "uname": "S002016655",
        "customerNumber": "0001208936",
        "productNumber": "01200615320800000659",
        "productText": "SAP ERP",
        "productVersionNumber": "01200615320900001296",
        "productVersionText": "SAP ERP 6.0",
        "installationNumber": "0020689660",
        "searchText": "",
        "matchScore": "0.00",
        "systemId": "ABC",
        "systemName": "",
        "systemType": "PROD",
        "supportPartnerNumber": "",
        "supportPartnerName": "",
        "supportPartnerURL": "",
        "notSelectable": "",
        "customerName": "SAP Test Account - aPaul Pharma Test-Account AGS Data Qualit",
        "installationName": "ERP ESupport",
        "softwareClass": "ERP",
        "softwareType": "ONPREM",
        "dataProcessRestriction": "",
        "dataCenterText": "",
        "isSystemCloud": "",
        "cloudURL": "",
        "mainSystemNbr": "",
        "mainSystemName": "",
        "isOutOfRange": false,
        "isFavorite": false,
        "leadingProduct": "SAP ERP 6.0"
    },
    {
        "systemNumber": "000000000850797553",
        "uname": "S002016655",
        "customerNumber": "0001208936",
        "productNumber": "67838200100800006884",
        "productText": "SAP ANALYTICS CLOUD",
        "productVersionNumber": "73554900100900001033",
        "productVersionText": "SAP ANALYTICS CLOUD CONN 1.0",
        "installationNumber": "0090415505",
        "searchText": "",
        "matchScore": "0.00",
        "systemId": "ABC",
        "systemName": "",
        "systemType": "DEMO",
        "supportPartnerNumber": "",
        "supportPartnerName": "",
        "supportPartnerURL": "",
        "notSelectable": "",
        "customerName": "SAP Test Account - aPaul Pharma Test-Account AGS Data Qualit",
        "installationName": "SAP ANALYTICS CLOUD",
        "softwareClass": "SAC",
        "softwareType": "ONPREM",
        "dataProcessRestriction": "",
        "dataCenterText": "",
        "isSystemCloud": "",
        "cloudURL": "",
        "mainSystemNbr": "",
        "mainSystemName": "",
        "isOutOfRange": false,
        "isFavorite": false,
        "leadingProduct": "SAP Analytics Cloud connectors 1.0"
    },
    {
        "systemNumber": "000000000850151225",
        "uname": "S002016655",
        "customerNumber": "0001208936",
        "productNumber": "67837800100800007389",
        "productText": "SAP S/4HANA CLOUD",
        "productVersionNumber": "73554900100900005332",
        "productVersionText": "SAP S/4HANA Cloud",
        "installationNumber": "0090316691",
        "searchText": "",
        "matchScore": "0.00",
        "systemId": "ABC",
        "systemName": "",
        "systemType": "PROD",
        "supportPartnerNumber": "",
        "supportPartnerName": "",
        "supportPartnerURL": "",
        "notSelectable": "",
        "customerName": "SAP Test Account - aPaul Pharma Test-Account AGS Data Qualit",
        "installationName": "S/4HANA",
        "softwareClass": "S/4HCE",
        "softwareType": "ONPREM",
        "dataProcessRestriction": "",
        "dataCenterText": "",
        "isSystemCloud": "",
        "cloudURL": "",
        "mainSystemNbr": "",
        "mainSystemName": "",
        "isOutOfRange": false,
        "isFavorite": true,
        "leadingProduct": "SAP S/4HANA Cloud"
    },
    {
        "systemNumber": "000000000900065832",
        "uname": "S002016655",
        "customerNumber": "0001208936",
        "productNumber": "01200615320800000659",
        "productText": "SAP ERP",
        "productVersionNumber": "67837800100900007887",
        "productVersionText": "SAP CRYSTAL SERVER 2013",
        "installationNumber": "0020659001",
        "searchText": "",
        "matchScore": "0.00",
        "systemId": "ABC",
        "systemName": "SCS_updatedd_1",
        "systemType": "PROD",
        "supportPartnerNumber": "",
        "supportPartnerName": "",
        "supportPartnerURL": "",
        "notSelectable": "",
        "customerName": "SAP Test Account - aPaul Pharma Test-Account AGS Data Qualit",
        "installationName": "Installation AH1",
        "softwareClass": "ERP",
        "softwareType": "ONPREM",
        "dataProcessRestriction": "",
        "dataCenterText": "",
        "isSystemCloud": "",
        "cloudURL": "",
        "mainSystemNbr": "",
        "mainSystemName": "",
        "isOutOfRange": false,
        "isFavorite": false,
        "leadingProduct": "SAP Crystal Server 2013"
    },
    {
        "systemNumber": "000000000800616830",
        "uname": "S002016655",
        "customerNumber": "0001208936",
        "productNumber": "BOBJ",
        "productText": "SAP BusinessObjects",
        "productVersionNumber": "73555000100900001851",
        "productVersionText": "SAP CRYSTAL REPORTS 2020",
        "installationNumber": "0090119716",
        "searchText": "",
        "matchScore": "0.00",
        "systemId": "ABD",
        "systemName": "ABD - Test",
        "systemType": "TEST",
        "supportPartnerNumber": "",
        "supportPartnerName": "",
        "supportPartnerURL": "",
        "notSelectable": "",
        "customerName": "SAP Test Account - aPaul Pharma Test-Account AGS Data Qualit",
        "installationName": "SAP BUSINESS OBJECTS",
        "softwareClass": "BOBJ",
        "softwareType": "ONPREM",
        "dataProcessRestriction": "",
        "dataCenterText": "",
        "isSystemCloud": "",
        "cloudURL": "",
        "mainSystemNbr": "",
        "mainSystemName": "",
        "isOutOfRange": false,
        "isFavorite": false,
        "leadingProduct": "SAP Crystal Reports 2020"
    },
    {
        "systemNumber": "000000000800616836",
        "uname": "S002016655",
        "customerNumber": "0001208936",
        "productNumber": "BOBJ",
        "productText": "SAP BusinessObjects",
        "productVersionNumber": "73555000100900001851",
        "productVersionText": "SAP CRYSTAL REPORTS 2020",
        "installationNumber": "0090119716",
        "searchText": "",
        "matchScore": "0.00",
        "systemId": "ABE",
        "systemName": "ABE Test",
        "systemType": "TEST",
        "supportPartnerNumber": "",
        "supportPartnerName": "",
        "supportPartnerURL": "",
        "notSelectable": "",
        "customerName": "SAP Test Account - aPaul Pharma Test-Account AGS Data Qualit",
        "installationName": "SAP BUSINESS OBJECTS",
        "softwareClass": "BOBJ",
        "softwareType": "ONPREM",
        "dataProcessRestriction": "",
        "dataCenterText": "",
        "isSystemCloud": "",
        "cloudURL": "",
        "mainSystemNbr": "",
        "mainSystemName": "",
        "isOutOfRange": false,
        "isFavorite": false,
        "leadingProduct": "SAP Crystal Reports 2020"
    },
    {
        "systemNumber": "000000000800569390",
        "uname": "S002016655",
        "customerNumber": "0001208936",
        "productNumber": "01200615320800000659",
        "productText": "SAP ERP",
        "productVersionNumber": "67838200100900005868",
        "productVersionText": "SAP NETWEAVER 7.4",
        "installationNumber": "0020659687",
        "searchText": "",
        "matchScore": "0.00",
        "systemId": "AC1",
        "systemName": "",
        "systemType": "PROD",
        "supportPartnerNumber": "",
        "supportPartnerName": "",
        "supportPartnerURL": "",
        "notSelectable": "",
        "customerName": "SAP Test Account - aPaul Pharma Test-Account AGS Data Qualit",
        "installationName": "ERP Standard Support",
        "softwareClass": "ERP",
        "softwareType": "ONPREM",
        "dataProcessRestriction": "",
        "dataCenterText": "",
        "isSystemCloud": "",
        "cloudURL": "",
        "mainSystemNbr": "",
        "mainSystemName": "",
        "isOutOfRange": false,
        "isFavorite": false,
        "leadingProduct": "SAP NetWeaver 7.4"
    },
    {
        "systemNumber": "000000000800569391",
        "uname": "S002016655",
        "customerNumber": "0001208936",
        "productNumber": "01200615320800000659",
        "productText": "SAP ERP",
        "productVersionNumber": "67838200100900005868",
        "productVersionText": "SAP NETWEAVER 7.4",
        "installationNumber": "0020659687",
        "searchText": "",
        "matchScore": "0.00",
        "systemId": "AC1",
        "systemName": "",
        "systemType": "PROD",
        "supportPartnerNumber": "",
        "supportPartnerName": "",
        "supportPartnerURL": "",
        "notSelectable": "",
        "customerName": "SAP Test Account - aPaul Pharma Test-Account AGS Data Qualit",
        "installationName": "ERP Standard Support",
        "softwareClass": "ERP",
        "softwareType": "ONPREM",
        "dataProcessRestriction": "EUDP",
        "dataCenterText": "",
        "isSystemCloud": "",
        "cloudURL": "",
        "mainSystemNbr": "",
        "mainSystemName": "",
        "isOutOfRange": false,
        "isFavorite": false,
        "leadingProduct": "SAP NetWeaver 7.4"
    },
    {
        "systemNumber": "000000000800569432",
        "uname": "S002016655",
        "customerNumber": "0001208936",
        "productNumber": "01200615320800000659",
        "productText": "SAP ERP",
        "productVersionNumber": "67838200100900005868",
        "productVersionText": "SAP NETWEAVER 7.4",
        "installationNumber": "0020659687",
        "searchText": "",
        "matchScore": "0.00",
        "systemId": "AC1",
        "systemName": "",
        "systemType": "PROD",
        "supportPartnerNumber": "",
        "supportPartnerName": "",
        "supportPartnerURL": "",
        "notSelectable": "",
        "customerName": "SAP Test Account - aPaul Pharma Test-Account AGS Data Qualit",
        "installationName": "ERP Standard Support",
        "softwareClass": "ERP",
        "softwareType": "ONPREM",
        "dataProcessRestriction": "EUDP",
        "dataCenterText": "",
        "isSystemCloud": "",
        "cloudURL": "",
        "mainSystemNbr": "",
        "mainSystemName": "",
        "isOutOfRange": false,
        "isFavorite": false,
        "leadingProduct": "SAP NetWeaver 7.4"
    },
    {
        "systemNumber": "000000000800569454",
        "uname": "S002016655",
        "customerNumber": "0001208936",
        "productNumber": "01200615320800000659",
        "productText": "SAP ERP",
        "productVersionNumber": "67838200100900005868",
        "productVersionText": "SAP NETWEAVER 7.4",
        "installationNumber": "0020659687",
        "searchText": "",
        "matchScore": "0.00",
        "systemId": "AC1",
        "systemName": "",
        "systemType": "PROD",
        "supportPartnerNumber": "",
        "supportPartnerName": "",
        "supportPartnerURL": "",
        "notSelectable": "",
        "customerName": "SAP Test Account - aPaul Pharma Test-Account AGS Data Qualit",
        "installationName": "ERP Standard Support",
        "softwareClass": "ERP",
        "softwareType": "ONPREM",
        "dataProcessRestriction": "",
        "dataCenterText": "",
        "isSystemCloud": "",
        "cloudURL": "",
        "mainSystemNbr": "",
        "mainSystemName": "",
        "isOutOfRange": false,
        "isFavorite": false,
        "leadingProduct": "SAP NetWeaver 7.4"
    },
    {
        "systemNumber": "000000000800569460",
        "uname": "S002016655",
        "customerNumber": "0001208936",
        "productNumber": "01200615320800000659",
        "productText": "SAP ERP",
        "productVersionNumber": "67838200100900005868",
        "productVersionText": "SAP NETWEAVER 7.4",
        "installationNumber": "0020659687",
        "searchText": "",
        "matchScore": "0.00",
        "systemId": "AC1",
        "systemName": "",
        "systemType": "PROD",
        "supportPartnerNumber": "",
        "supportPartnerName": "",
        "supportPartnerURL": "",
        "notSelectable": "",
        "customerName": "SAP Test Account - aPaul Pharma Test-Account AGS Data Qualit",
        "installationName": "ERP Standard Support",
        "softwareClass": "ERP",
        "softwareType": "ONPREM",
        "dataProcessRestriction": "",
        "dataCenterText": "",
        "isSystemCloud": "",
        "cloudURL": "",
        "mainSystemNbr": "",
        "mainSystemName": "",
        "isOutOfRange": false,
        "isFavorite": false,
        "leadingProduct": "SAP NetWeaver 7.4"
    },
    {
        "systemNumber": "000000000800569463",
        "uname": "S002016655",
        "customerNumber": "0001208936",
        "productNumber": "01200615320800000659",
        "productText": "SAP ERP",
        "productVersionNumber": "67838200100900005868",
        "productVersionText": "SAP NETWEAVER 7.4",
        "installationNumber": "0020659687",
        "searchText": "",
        "matchScore": "0.00",
        "systemId": "AC1",
        "systemName": "",
        "systemType": "PROD",
        "supportPartnerNumber": "",
        "supportPartnerName": "",
        "supportPartnerURL": "",
        "notSelectable": "",
        "customerName": "SAP Test Account - aPaul Pharma Test-Account AGS Data Qualit",
        "installationName": "ERP Standard Support",
        "softwareClass": "ERP",
        "softwareType": "ONPREM",
        "dataProcessRestriction": "",
        "dataCenterText": "",
        "isSystemCloud": "",
        "cloudURL": "",
        "mainSystemNbr": "",
        "mainSystemName": "",
        "isOutOfRange": false,
        "isFavorite": false,
        "leadingProduct": "SAP NetWeaver 7.4"
    },
    {
        "systemNumber": "000000000800585599",
        "uname": "S002016655",
        "customerNumber": "0001208936",
        "productNumber": "01200615320800000659",
        "productText": "SAP ERP",
        "productVersionNumber": "67838200100900005868",
        "productVersionText": "SAP NETWEAVER 7.4",
        "installationNumber": "0020659687",
        "searchText": "",
        "matchScore": "0.00",
        "systemId": "AC1",
        "systemName": "",
        "systemType": "PROD",
        "supportPartnerNumber": "",
        "supportPartnerName": "",
        "supportPartnerURL": "",
        "notSelectable": "",
        "customerName": "SAP Test Account - aPaul Pharma Test-Account AGS Data Qualit",
        "installationName": "ERP Standard Support",
        "softwareClass": "ERP",
        "softwareType": "ONPREM",
        "dataProcessRestriction": "",
        "dataCenterText": "",
        "isSystemCloud": "",
        "cloudURL": "",
        "mainSystemNbr": "",
        "mainSystemName": "",
        "isOutOfRange": false,
        "isFavorite": false,
        "leadingProduct": "SAP NetWeaver 7.4"
    },
    {
        "systemNumber": "000000000800677346",
        "uname": "S002016655",
        "customerNumber": "0001208936",
        "productNumber": "01200615320800000659",
        "productText": "SAP ERP",
        "productVersionNumber": "67838200100900005868",
        "productVersionText": "SAP NETWEAVER 7.4",
        "installationNumber": "0020659687",
        "searchText": "",
        "matchScore": "0.00",
        "systemId": "AC1",
        "systemName": "",
        "systemType": "PROD",
        "supportPartnerNumber": "",
        "supportPartnerName": "",
        "supportPartnerURL": "",
        "notSelectable": "",
        "customerName": "SAP Test Account - aPaul Pharma Test-Account AGS Data Qualit",
        "installationName": "ERP Standard Support",
        "softwareClass": "ERP",
        "softwareType": "ONPREM",
        "dataProcessRestriction": "",
        "dataCenterText": "",
        "isSystemCloud": "",
        "cloudURL": "",
        "mainSystemNbr": "",
        "mainSystemName": "",
        "isOutOfRange": false,
        "isFavorite": false,
        "leadingProduct": "SAP NetWeaver 7.4"
    },
    {
        "systemNumber": "000000000800677745",
        "uname": "S002016655",
        "customerNumber": "0001208936",
        "productNumber": "01200615320800000659",
        "productText": "SAP ERP",
        "productVersionNumber": "67838200100900005868",
        "productVersionText": "SAP NETWEAVER 7.4",
        "installationNumber": "0020659687",
        "searchText": "",
        "matchScore": "0.00",
        "systemId": "AC1",
        "systemName": "",
        "systemType": "PROD",
        "supportPartnerNumber": "",
        "supportPartnerName": "",
        "supportPartnerURL": "",
        "notSelectable": "",
        "customerName": "SAP Test Account - aPaul Pharma Test-Account AGS Data Qualit",
        "installationName": "ERP Standard Support",
        "softwareClass": "ERP",
        "softwareType": "ONPREM",
        "dataProcessRestriction": "",
        "dataCenterText": "",
        "isSystemCloud": "",
        "cloudURL": "",
        "mainSystemNbr": "",
        "mainSystemName": "",
        "isOutOfRange": false,
        "isFavorite": false,
        "leadingProduct": "SAP NetWeaver 7.4"
    },
    {
        "systemNumber": "000000000800677747",
        "uname": "S002016655",
        "customerNumber": "0001208936",
        "productNumber": "01200615320800000659",
        "productText": "SAP ERP",
        "productVersionNumber": "67838200100900005868",
        "productVersionText": "SAP NETWEAVER 7.4",
        "installationNumber": "0020659687",
        "searchText": "",
        "matchScore": "0.00",
        "systemId": "AC1",
        "systemName": "",
        "systemType": "PROD",
        "supportPartnerNumber": "",
        "supportPartnerName": "",
        "supportPartnerURL": "",
        "notSelectable": "",
        "customerName": "SAP Test Account - aPaul Pharma Test-Account AGS Data Qualit",
        "installationName": "ERP Standard Support",
        "softwareClass": "ERP",
        "softwareType": "ONPREM",
        "dataProcessRestriction": "",
        "dataCenterText": "",
        "isSystemCloud": "",
        "cloudURL": "",
        "mainSystemNbr": "",
        "mainSystemName": "",
        "isOutOfRange": false,
        "isFavorite": false,
        "leadingProduct": "SAP NetWeaver 7.4"
    },
    {
        "systemNumber": "000000000800677749",
        "uname": "S002016655",
        "customerNumber": "0001208936",
        "productNumber": "01200615320800000659",
        "productText": "SAP ERP",
        "productVersionNumber": "67838200100900005868",
        "productVersionText": "SAP NETWEAVER 7.4",
        "installationNumber": "0020659687",
        "searchText": "",
        "matchScore": "0.00",
        "systemId": "AC1",
        "systemName": "",
        "systemType": "PROD",
        "supportPartnerNumber": "",
        "supportPartnerName": "",
        "supportPartnerURL": "",
        "notSelectable": "",
        "customerName": "SAP Test Account - aPaul Pharma Test-Account AGS Data Qualit",
        "installationName": "ERP Standard Support",
        "softwareClass": "ERP",
        "softwareType": "ONPREM",
        "dataProcessRestriction": "",
        "dataCenterText": "",
        "isSystemCloud": "",
        "cloudURL": "",
        "mainSystemNbr": "",
        "mainSystemName": "",
        "isOutOfRange": false,
        "isFavorite": false,
        "leadingProduct": "SAP NetWeaver 7.4"
    },
    {
        "systemNumber": "000000000800677751",
        "uname": "S002016655",
        "customerNumber": "0001208936",
        "productNumber": "01200615320800000659",
        "productText": "SAP ERP",
        "productVersionNumber": "67838200100900005868",
        "productVersionText": "SAP NETWEAVER 7.4",
        "installationNumber": "0020659687",
        "searchText": "",
        "matchScore": "0.00",
        "systemId": "AC1",
        "systemName": "",
        "systemType": "PROD",
        "supportPartnerNumber": "",
        "supportPartnerName": "",
        "supportPartnerURL": "",
        "notSelectable": "",
        "customerName": "SAP Test Account - aPaul Pharma Test-Account AGS Data Qualit",
        "installationName": "ERP Standard Support",
        "softwareClass": "ERP",
        "softwareType": "ONPREM",
        "dataProcessRestriction": "",
        "dataCenterText": "",
        "isSystemCloud": "",
        "cloudURL": "",
        "mainSystemNbr": "",
        "mainSystemName": "",
        "isOutOfRange": false,
        "isFavorite": false,
        "leadingProduct": "SAP NetWeaver 7.4"
    },
    {
        "systemNumber": "000000000800677760",
        "uname": "S002016655",
        "customerNumber": "0001208936",
        "productNumber": "01200615320800000659",
        "productText": "SAP ERP",
        "productVersionNumber": "67838200100900005868",
        "productVersionText": "SAP NETWEAVER 7.4",
        "installationNumber": "0020659687",
        "searchText": "",
        "matchScore": "0.00",
        "systemId": "AC1",
        "systemName": "",
        "systemType": "PROD",
        "supportPartnerNumber": "",
        "supportPartnerName": "",
        "supportPartnerURL": "",
        "notSelectable": "",
        "customerName": "SAP Test Account - aPaul Pharma Test-Account AGS Data Qualit",
        "installationName": "ERP Standard Support",
        "softwareClass": "ERP",
        "softwareType": "ONPREM",
        "dataProcessRestriction": "",
        "dataCenterText": "",
        "isSystemCloud": "",
        "cloudURL": "",
        "mainSystemNbr": "",
        "mainSystemName": "",
        "isOutOfRange": false,
        "isFavorite": false,
        "leadingProduct": "SAP NetWeaver 7.4"
    },
    {
        "systemNumber": "000000000800772063",
        "uname": "S002016655",
        "customerNumber": "0001208936",
        "productNumber": "01200615320800000659",
        "productText": "SAP ERP",
        "productVersionNumber": "67838200100900005868",
        "productVersionText": "SAP NETWEAVER 7.4",
        "installationNumber": "0020659687",
        "searchText": "",
        "matchScore": "0.00",
        "systemId": "AC1",
        "systemName": "",
        "systemType": "PROD",
        "supportPartnerNumber": "",
        "supportPartnerName": "",
        "supportPartnerURL": "",
        "notSelectable": "",
        "customerName": "SAP Test Account - aPaul Pharma Test-Account AGS Data Qualit",
        "installationName": "ERP Standard Support",
        "softwareClass": "ERP",
        "softwareType": "ONPREM",
        "dataProcessRestriction": "",
        "dataCenterText": "",
        "isSystemCloud": "",
        "cloudURL": "",
        "mainSystemNbr": "",
        "mainSystemName": "",
        "isOutOfRange": false,
        "isFavorite": false,
        "leadingProduct": "SAP NetWeaver 7.4"
    },
    {
        "systemNumber": "000000000800772074",
        "uname": "S002016655",
        "customerNumber": "0001208936",
        "productNumber": "01200615320800000659",
        "productText": "SAP ERP",
        "productVersionNumber": "67838200100900005868",
        "productVersionText": "SAP NETWEAVER 7.4",
        "installationNumber": "0020659687",
        "searchText": "",
        "matchScore": "0.00",
        "systemId": "AC1",
        "systemName": "",
        "systemType": "PROD",
        "supportPartnerNumber": "",
        "supportPartnerName": "",
        "supportPartnerURL": "",
        "notSelectable": "",
        "customerName": "SAP Test Account - aPaul Pharma Test-Account AGS Data Qualit",
        "installationName": "ERP Standard Support",
        "softwareClass": "ERP",
        "softwareType": "ONPREM",
        "dataProcessRestriction": "",
        "dataCenterText": "",
        "isSystemCloud": "",
        "cloudURL": "",
        "mainSystemNbr": "",
        "mainSystemName": "",
        "isOutOfRange": false,
        "isFavorite": false,
        "leadingProduct": "SAP NetWeaver 7.4"
    },
    {
        "systemNumber": "000000000850000552",
        "uname": "S002016655",
        "customerNumber": "0001208936",
        "productNumber": "01200615320800000659",
        "productText": "SAP ERP",
        "productVersionNumber": "67838200100900005868",
        "productVersionText": "SAP NETWEAVER 7.4",
        "installationNumber": "0020659001",
        "searchText": "",
        "matchScore": "0.00",
        "systemId": "AC1",
        "systemName": "Test Excel Download ÜÄÖ",
        "systemType": "TRAIN",
        "supportPartnerNumber": "",
        "supportPartnerName": "",
        "supportPartnerURL": "",
        "notSelectable": "",
        "customerName": "SAP Test Account - aPaul Pharma Test-Account AGS Data Qualit",
        "installationName": "Installation AH1",
        "softwareClass": "ERP",
        "softwareType": "ONPREM",
        "dataProcessRestriction": "",
        "dataCenterText": "",
        "isSystemCloud": "",
        "cloudURL": "",
        "mainSystemNbr": "",
        "mainSystemName": "",
        "isOutOfRange": false,
        "isFavorite": false,
        "leadingProduct": "SAP NetWeaver 7.4"
    },
    {
        "systemNumber": "000000000850096711",
        "uname": "S002016655",
        "customerNumber": "0001208936",
        "productNumber": "01200615320800000659",
        "productText": "SAP ERP",
        "productVersionNumber": "01200314690900002540",
        "productVersionText": "SAP NETWEAVER 7.3",
        "installationNumber": "0020659001",
        "searchText": "",
        "matchScore": "0.00",
        "systemId": "AC1",
        "systemName": "Demo Angelo",
        "systemType": "DEVELOP",
        "supportPartnerNumber": "",
        "supportPartnerName": "",
        "supportPartnerURL": "",
        "notSelectable": "",
        "customerName": "SAP Test Account - aPaul Pharma Test-Account AGS Data Qualit",
        "installationName": "Installation AH1",
        "softwareClass": "ERP",
        "softwareType": "ONPREM",
        "dataProcessRestriction": "",
        "dataCenterText": "",
        "isSystemCloud": "",
        "cloudURL": "",
        "mainSystemNbr": "",
        "mainSystemName": "",
        "isOutOfRange": false,
        "isFavorite": false,
        "leadingProduct": "SAP NetWeaver 7.3"
    },
    {
        "systemNumber": "000000000850433575",
        "uname": "S002016655",
        "customerNumber": "0001208936",
        "productNumber": "HEC",
        "productText": "Hana Enterprise Cloud",
        "productVersionNumber": "73555000100900000046",
        "productVersionText": "SBOP BI PLATFORM 4.2",
        "installationNumber": "0021104094",
        "searchText": "",
        "matchScore": "0.00",
        "systemId": "AC1",
        "systemName": "reassign test",
        "systemType": "PROD",
        "supportPartnerNumber": "",
        "supportPartnerName": "",
        "supportPartnerURL": "",
        "notSelectable": "",
        "customerName": "SAP Test Account - aPaul Pharma Test-Account AGS Data Qualit",
        "installationName": "HANA Enterprise Cloud",
        "softwareClass": "HEC",
        "softwareType": "ONPREM",
        "dataProcessRestriction": "EUDP",
        "dataCenterText": "",
        "isSystemCloud": "",
        "cloudURL": "",
        "mainSystemNbr": "",
        "mainSystemName": "",
        "isOutOfRange": false,
        "isFavorite": false,
        "leadingProduct": "SAP BusinessObjects Business Intelligence platform 4.2"
    },
    {
        "systemNumber": "000000000850459466",
        "uname": "S002016655",
        "customerNumber": "0001208936",
        "productNumber": "01200615320800000659",
        "productText": "SAP ERP",
        "productVersionNumber": "73554900100900001301",
        "productVersionText": "SAP HANA PLATFORM EDITION 2.0",
        "installationNumber": "0020659001",
        "searchText": "",
        "matchScore": "0.00",
        "systemId": "AC1",
        "systemName": "angelosfirstapicall",
        "systemType": "DEVELOP",
        "supportPartnerNumber": "",
        "supportPartnerName": "",
        "supportPartnerURL": "",
        "notSelectable": "",
        "customerName": "SAP Test Account - aPaul Pharma Test-Account AGS Data Qualit",
        "installationName": "Installation AH1",
        "softwareClass": "ERP",
        "softwareType": "ONPREM",
        "dataProcessRestriction": "",
        "dataCenterText": "",
        "isSystemCloud": "",
        "cloudURL": "",
        "mainSystemNbr": "",
        "mainSystemName": "",
        "isOutOfRange": false,
        "isFavorite": false,
        "leadingProduct": "SAP HANA, platform edition 2.0"
    },
    {
        "systemNumber": "000000000850459469",
        "uname": "S002016655",
        "customerNumber": "0001208936",
        "productNumber": "01200615320800000659",
        "productText": "SAP ERP",
        "productVersionNumber": "73554900100900001301",
        "productVersionText": "SAP HANA PLATFORM EDITION 2.0",
        "installationNumber": "0020659001",
        "searchText": "",
        "matchScore": "0.00",
        "systemId": "AC1",
        "systemName": "angelosfirstapicall",
        "systemType": "DEVELOP",
        "supportPartnerNumber": "",
        "supportPartnerName": "",
        "supportPartnerURL": "",
        "notSelectable": "",
        "customerName": "SAP Test Account - aPaul Pharma Test-Account AGS Data Qualit",
        "installationName": "Installation AH1",
        "softwareClass": "ERP",
        "softwareType": "ONPREM",
        "dataProcessRestriction": "",
        "dataCenterText": "",
        "isSystemCloud": "",
        "cloudURL": "",
        "mainSystemNbr": "",
        "mainSystemName": "",
        "isOutOfRange": false,
        "isFavorite": false,
        "leadingProduct": "SAP HANA, platform edition 2.0"
    },
    {
        "systemNumber": "000000000850526947",
        "uname": "S002016655",
        "customerNumber": "0001208936",
        "productNumber": "01200314690800000134",
        "productText": "SAP NETWEAVER",
        "productVersionNumber": "67838200100900005868",
        "productVersionText": "SAP NETWEAVER 7.4",
        "installationNumber": "0020700116",
        "searchText": "",
        "matchScore": "0.00",
        "systemId": "AC1",
        "systemName": "",
        "systemType": "PROD",
        "supportPartnerNumber": "",
        "supportPartnerName": "",
        "supportPartnerURL": "",
        "notSelectable": "",
        "customerName": "SAP Test Account - aPaul Pharma Test-Account AGS Data Qualit",
        "installationName": "NW Standard Support",
        "softwareClass": "NW",
        "softwareType": "ONPREM",
        "dataProcessRestriction": "",
        "dataCenterText": "",
        "isSystemCloud": "",
        "cloudURL": "",
        "mainSystemNbr": "",
        "mainSystemName": "",
        "isOutOfRange": false,
        "isFavorite": false,
        "leadingProduct": "SAP NetWeaver 7.4"
    },
    {
        "systemNumber": "000000000850244872",
        "uname": "S002016655",
        "customerNumber": "0001208936",
        "productNumber": "SYBASE",
        "productText": "Sybase",
        "productVersionNumber": "67838200100900005868",
        "productVersionText": "SAP NETWEAVER 7.4",
        "installationNumber": "0020984431",
        "searchText": "",
        "matchScore": "0.00",
        "systemId": "AC2",
        "systemName": "Demo",
        "systemType": "DEVELOP",
        "supportPartnerNumber": "",
        "supportPartnerName": "",
        "supportPartnerURL": "",
        "notSelectable": "",
        "customerName": "SAP Test Account - aPaul Pharma Test-Account AGS Data Qualit",
        "installationName": "Sybase",
        "softwareClass": "SYBASE",
        "softwareType": "ONPREM",
        "dataProcessRestriction": "",
        "dataCenterText": "",
        "isSystemCloud": "",
        "cloudURL": "",
        "mainSystemNbr": "",
        "mainSystemName": "",
        "isOutOfRange": false,
        "isFavorite": false,
        "leadingProduct": "SAP NetWeaver 7.4"
    },
    {
        "systemNumber": "000000000850000539",
        "uname": "S002016655",
        "customerNumber": "0001208936",
        "productNumber": "01200615320800000659",
        "productText": "SAP ERP",
        "productVersionNumber": "01200615320900001296",
        "productVersionText": "SAP ERP 6.0",
        "installationNumber": "0020659687",
        "searchText": "",
        "matchScore": "0.00",
        "systemId": "AES",
        "systemName": "",
        "systemType": "PROD",
        "supportPartnerNumber": "",
        "supportPartnerName": "",
        "supportPartnerURL": "",
        "notSelectable": "",
        "customerName": "SAP Test Account - aPaul Pharma Test-Account AGS Data Qualit",
        "installationName": "ERP Standard Support",
        "softwareClass": "ERP",
        "softwareType": "ONPREM",
        "dataProcessRestriction": "CNDP",
        "dataCenterText": "",
        "isSystemCloud": "",
        "cloudURL": "",
        "mainSystemNbr": "",
        "mainSystemName": "",
        "isOutOfRange": false,
        "isFavorite": false,
        "leadingProduct": "SAP ERP 6.0"
    },
    {
        "systemNumber": "000000000800025014",
        "uname": "S002016655",
        "customerNumber": "0001208936",
        "productNumber": "01200615320800000659",
        "productText": "SAP ERP",
        "productVersionNumber": "01200615320900001508",
        "productVersionText": "SAP NETWEAVER MDM 7.1",
        "installationNumber": "0020659001",
        "searchText": "",
        "matchScore": "0.00",
        "systemId": "AH1",
        "systemName": "AH001",
        "systemType": "DEMO",
        "supportPartnerNumber": "",
        "supportPartnerName": "",
        "supportPartnerURL": "",
        "notSelectable": "",
        "customerName": "SAP Test Account - aPaul Pharma Test-Account AGS Data Qualit",
        "installationName": "Installation AH1",
        "softwareClass": "ERP",
        "softwareType": "ONPREM",
        "dataProcessRestriction": "",
        "dataCenterText": "",
        "isSystemCloud": "",
        "cloudURL": "",
        "mainSystemNbr": "",
        "mainSystemName": "",
        "isOutOfRange": false,
        "isFavorite": false,
        "leadingProduct": "SAP NetWeaver Master Data Management 7.1"
    },
    {
        "systemNumber": "000000000800417175",
        "uname": "S002016655",
        "customerNumber": "0001208936",
        "productNumber": "01200615320800000691",
        "productText": "SAP BUSINESS BYDESIGN",
        "productVersionNumber": "73555000100900003371",
        "productVersionText": "SAP BUSINESS BYDESIGN 1905",
        "installationNumber": "0090316619",
        "searchText": "",
        "matchScore": "0.00",
        "systemId": "AH2",
        "systemName": "AH002",
        "systemType": "DEMO",
        "supportPartnerNumber": "",
        "supportPartnerName": "",
        "supportPartnerURL": "",
        "notSelectable": "",
        "customerName": "SAP Test Account - aPaul Pharma Test-Account AGS Data Qualit",
        "installationName": "BYD INSTALLATION name LENGTH changed 40p",
        "softwareClass": "A1S",
        "softwareType": "ONPREM",
        "dataProcessRestriction": "",
        "dataCenterText": "",
        "isSystemCloud": "",
        "cloudURL": "",
        "mainSystemNbr": "",
        "mainSystemName": "",
        "isOutOfRange": false,
        "isFavorite": false,
        "leadingProduct": "SAP Business ByDesign 1905"
    }
]