{
    "conf_threshold_met": false,
    "processing_time": "0.04",
    "results": [
        {
            "product_simcat_node_id": "0000010000",
            "product_simcat_node_text": "SAP S/4HANA"
        },
        {
            "product_simcat_node_id": "0000101477",
            "product_simcat_node_text": "SAP Ariba Sourcing, cloud edition"
        },
        {
            "product_simcat_node_id": "0000010057",
            "product_simcat_node_text": "SAP ERP"
        },
        {
            "product_simcat_node_id": "0000010507",
            "product_simcat_node_text": "SAP Support Portal"
        },
        {
            "product_simcat_node_id": "0000010506",
            "product_simcat_node_text": "SAP for Me"
        },
        {
            "product_simcat_node_id": "0000010509",
            "product_simcat_node_text": "SAP Universal ID"
        }
    ],
    "version": "2.0.0"
}