[
    {
        "Uname": "S0013833540",
        "ShortText": "",
        "LongText": "",
        "SWType": "",
        "Category": "LEVEL1",
        "CompKey": "0000030257",
        "CompName": "AC",
        "CompDesc": "[DO NOT SELECT] Activity Items - Documentation Request",
        "CompPath": "[DO NOT SELECT] Activity Items - Documentation Request",
        "PrioLimit": "",
        "NotSelectable": "X",
        "Installation": "",
        "ChatDepartmentId": "",
        "HasChild": "X"
    },
    {
        "Uname": "S0013833540",
        "ShortText": "",
        "LongText": "",
        "SWType": "",
        "Category": "LEVEL1",
        "CompKey": "0000039696",
        "CompName": "AIE",
        "CompDesc": "Auto-ID Enterprise",
        "CompPath": "Auto-ID Enterprise",
        "PrioLimit": "",
        "NotSelectable": "X",
        "Installation": "",
        "ChatDepartmentId": "",
        "HasChild": "X"
    },
    {
        "Uname": "S0013833540",
        "ShortText": "",
        "LongText": "",
        "SWType": "",
        "Category": "LEVEL1",
        "CompKey": "0000039757",
        "CompName": "AP",
        "CompDesc": "Application Platform",
        "CompPath": "Application Platform",
        "PrioLimit": "",
        "NotSelectable": "X",
        "Installation": "",
        "ChatDepartmentId": "",
        "HasChild": "X"
    },
    {
        "Uname": "S0013833540",
        "ShortText": "",
        "LongText": "",
        "SWType": "",
        "Category": "LEVEL1",
        "CompKey": "106705",
        "CompName": "APA",
        "CompDesc": "ABAP Platform Add-On",
        "CompPath": "ABAP Platform Add-On",
        "PrioLimit": "",
        "NotSelectable": "X",
        "Installation": "",
        "ChatDepartmentId": "",
        "HasChild": ""
    },
    {
        "Uname": "S0013833540",
        "ShortText": "",
        "LongText": "",
        "SWType": "",
        "Category": "LEVEL1",
        "CompKey": "105752",
        "CompName": "APM",
        "CompDesc": "Asset Performance Management",
        "CompPath": "Asset Performance Management",
        "PrioLimit": "",
        "NotSelectable": "X",
        "Installation": "",
        "ChatDepartmentId": "",
        "HasChild": "X"
    },
    {
        "Uname": "S0013833540",
        "ShortText": "",
        "LongText": "",
        "SWType": "",
        "Category": "LEVEL1",
        "CompKey": "102385",
        "CompName": "BAF",
        "CompDesc": "Business Application Factory",
        "CompPath": "Business Application Factory",
        "PrioLimit": "",
        "NotSelectable": "X",
        "Installation": "",
        "ChatDepartmentId": "",
        "HasChild": "X"
    },
    {
        "Uname": "S0013833540",
        "ShortText": "",
        "LongText": "",
        "SWType": "",
        "Category": "LEVEL1",
        "CompKey": "BC",
        "CompName": "BC",
        "CompDesc": "Basis Components",
        "CompPath": "Basis Components",
        "PrioLimit": "",
        "NotSelectable": "X",
        "Installation": "",
        "ChatDepartmentId": "",
        "HasChild": "X"
    },
    {
        "Uname": "S0013833540",
        "ShortText": "",
        "LongText": "",
        "SWType": "",
        "Category": "LEVEL1",
        "CompKey": "0000049524",
        "CompName": "BI",
        "CompDesc": "Business intelligence solutions",
        "CompPath": "Business intelligence solutions",
        "PrioLimit": "",
        "NotSelectable": "X",
        "Installation": "",
        "ChatDepartmentId": "",
        "HasChild": "X"
    },
    {
        "Uname": "S0013833540",
        "ShortText": "",
        "LongText": "",
        "SWType": "",
        "Category": "LEVEL1",
        "CompKey": "0000056938",
        "CompName": "BNS",
        "CompDesc": "Business Network Solutions",
        "CompPath": "Business Network Solutions",
        "PrioLimit": "",
        "NotSelectable": "X",
        "Installation": "",
        "ChatDepartmentId": "",
        "HasChild": "X"
    },
    {
        "Uname": "S0013833540",
        "ShortText": "",
        "LongText": "",
        "SWType": "",
        "Category": "LEVEL1",
        "CompKey": "104587",
        "CompName": "BPI",
        "CompDesc": "Business Process Intelligence",
        "CompPath": "Business Process Intelligence",
        "PrioLimit": "",
        "NotSelectable": "X",
        "Installation": "",
        "ChatDepartmentId": "",
        "HasChild": "X"
    },
    {
        "Uname": "S0013833540",
        "ShortText": "",
        "LongText": "",
        "SWType": "",
        "Category": "LEVEL1",
        "CompKey": "0000000049",
        "CompName": "BW",
        "CompDesc": "SAP Business Warehouse",
        "CompPath": "SAP Business Warehouse",
        "PrioLimit": "",
        "NotSelectable": "X",
        "Installation": "",
        "ChatDepartmentId": "",
        "HasChild": "X"
    },
    {
        "Uname": "S0013833540",
        "ShortText": "",
        "LongText": "",
        "SWType": "",
        "Category": "LEVEL1",
        "CompKey": "0000067772",
        "CompName": "BW4",
        "CompDesc": "SAP BW/4HANA",
        "CompPath": "SAP BW/4HANA",
        "PrioLimit": "",
        "NotSelectable": "X",
        "Installation": "",
        "ChatDepartmentId": "",
        "HasChild": "X"
    },
    {
        "Uname": "S0013833540",
        "ShortText": "",
        "LongText": "",
        "SWType": "",
        "Category": "LEVEL1",
        "CompKey": "107284",
        "CompName": "C4B",
        "CompDesc": "Create Top-Level Component C4B",
        "CompPath": "Create Top-Level Component C4B",
        "PrioLimit": "",
        "NotSelectable": "X",
        "Installation": "",
        "ChatDepartmentId": "",
        "HasChild": ""
    },
    {
        "Uname": "S0013833540",
        "ShortText": "",
        "LongText": "",
        "SWType": "",
        "Category": "LEVEL1",
        "CompKey": "CA",
        "CompName": "CA",
        "CompDesc": "Cross-Application Components",
        "CompPath": "Cross-Application Components",
        "PrioLimit": "",
        "NotSelectable": "X",
        "Installation": "",
        "ChatDepartmentId": "",
        "HasChild": "X"
    },
    {
        "Uname": "S0013833540",
        "ShortText": "",
        "LongText": "",
        "SWType": "",
        "Category": "LEVEL1",
        "CompKey": "0000064219",
        "CompName": "CEC",
        "CompDesc": "Customer Engagement and Commerce",
        "CompPath": "Customer Engagement and Commerce",
        "PrioLimit": "",
        "NotSelectable": "X",
        "Installation": "",
        "ChatDepartmentId": "",
        "HasChild": "X"
    },
    {
        "Uname": "S0013833540",
        "ShortText": "",
        "LongText": "",
        "SWType": "",
        "Category": "LEVEL1",
        "CompKey": "0000067879",
        "CompName": "CM",
        "CompDesc": "Enterprise Contract Management",
        "CompPath": "Enterprise Contract Management",
        "PrioLimit": "",
        "NotSelectable": "X",
        "Installation": "",
        "ChatDepartmentId": "",
        "HasChild": "X"
    },
    {
        "Uname": "S0013833540",
        "ShortText": "",
        "LongText": "",
        "SWType": "",
        "Category": "LEVEL1",
        "CompKey": "CO",
        "CompName": "CO",
        "CompDesc": "Controlling",
        "CompPath": "Controlling",
        "PrioLimit": "",
        "NotSelectable": "X",
        "Installation": "",
        "ChatDepartmentId": "",
        "HasChild": "X"
    },
    {
        "Uname": "S0013833540",
        "ShortText": "",
        "LongText": "",
        "SWType": "",
        "Category": "LEVEL1",
        "CompKey": "0000030683",
        "CompName": "CRM",
        "CompDesc": "Customer Relationship Management",
        "CompPath": "Customer Relationship Management",
        "PrioLimit": "",
        "NotSelectable": "X",
        "Installation": "",
        "ChatDepartmentId": "",
        "HasChild": "X"
    },
    {
        "Uname": "S0013833540",
        "ShortText": "",
        "LongText": "",
        "SWType": "",
        "Category": "LEVEL1",
        "CompKey": "PM-SMA",
        "CompName": "CS",
        "CompDesc": "Customer Service (formerly: PM-SM)",
        "CompPath": "Customer Service (formerly: PM-SM)",
        "PrioLimit": "",
        "NotSelectable": "",
        "Installation": "",
        "ChatDepartmentId": "135611563198711850",
        "HasChild": "X"
    },
    {
        "Uname": "S0013833540",
        "ShortText": "",
        "LongText": "",
        "SWType": "",
        "Category": "LEVEL1",
        "CompKey": "109596",
        "CompName": "CX",
        "CompDesc": "SAP Customer Experience (CX)",
        "CompPath": "SAP Customer Experience (CX)",
        "PrioLimit": "",
        "NotSelectable": "",
        "Installation": "",
        "ChatDepartmentId": "",
        "HasChild": "X"
    },
    {
        "Uname": "S0013833540",
        "ShortText": "",
        "LongText": "",
        "SWType": "",
        "Category": "LEVEL1",
        "CompKey": "100881",
        "CompName": "DS",
        "CompDesc": "SAP Datasphere",
        "CompPath": "SAP Datasphere",
        "PrioLimit": "",
        "NotSelectable": "X",
        "Installation": "",
        "ChatDepartmentId": "",
        "HasChild": "X"
    },
    {
        "Uname": "S0013833540",
        "ShortText": "",
        "LongText": "",
        "SWType": "",
        "Category": "LEVEL1",
        "CompKey": "EC",
        "CompName": "EC",
        "CompDesc": "Enterprise Controlling",
        "CompPath": "Enterprise Controlling",
        "PrioLimit": "",
        "NotSelectable": "X",
        "Installation": "",
        "ChatDepartmentId": "",
        "HasChild": "X"
    },
    {
        "Uname": "S0013833540",
        "ShortText": "",
        "LongText": "",
        "SWType": "",
        "Category": "LEVEL1",
        "CompKey": "109606",
        "CompName": "ECW",
        "CompDesc": "Cross-Company Workflow Orechestration",
        "CompPath": "Cross-Company Workflow Orechestration",
        "PrioLimit": "",
        "NotSelectable": "X",
        "Installation": "",
        "ChatDepartmentId": "",
        "HasChild": ""
    },
    {
        "Uname": "S0013833540",
        "ShortText": "",
        "LongText": "",
        "SWType": "",
        "Category": "LEVEL1",
        "CompKey": "LO-EHS",
        "CompName": "EHS",
        "CompDesc": "Environment, Health, and Safety / Product Compliance",
        "CompPath": "Environment, Health, and Safety / Product Compliance",
        "PrioLimit": "",
        "NotSelectable": "",
        "Installation": "",
        "ChatDepartmentId": "",
        "HasChild": "X"
    },
    {
        "Uname": "S0013833540",
        "ShortText": "",
        "LongText": "",
        "SWType": "",
        "Category": "LEVEL1",
        "CompKey": "0000049589",
        "CompName": "EIM",
        "CompDesc": "Enterprise information management solutions",
        "CompPath": "Enterprise information management solutions",
        "PrioLimit": "",
        "NotSelectable": "X",
        "Installation": "",
        "ChatDepartmentId": "",
        "HasChild": "X"
    },
    {
        "Uname": "S0013833540",
        "ShortText": "",
        "LongText": "",
        "SWType": "",
        "Category": "LEVEL1",
        "CompKey": "0000034552",
        "CompName": "EP",
        "CompDesc": "Enterprise Portal",
        "CompPath": "Enterprise Portal",
        "PrioLimit": "",
        "NotSelectable": "X",
        "Installation": "",
        "ChatDepartmentId": "",
        "HasChild": "X"
    },
    {
        "Uname": "S0013833540",
        "ShortText": "",
        "LongText": "",
        "SWType": "",
        "Category": "LEVEL1",
        "CompKey": "0000046951",
        "CompName": "EPM",
        "CompDesc": "Enterprise Performance Management",
        "CompPath": "Enterprise Performance Management",
        "PrioLimit": "",
        "NotSelectable": "X",
        "Installation": "",
        "ChatDepartmentId": "",
        "HasChild": "X"
    },
    {
        "Uname": "S0013833540",
        "ShortText": "",
        "LongText": "",
        "SWType": "",
        "Category": "LEVEL1",
        "CompKey": "FI",
        "CompName": "FI",
        "CompDesc": "Financial Accounting",
        "CompPath": "Financial Accounting",
        "PrioLimit": "",
        "NotSelectable": "X",
        "Installation": "",
        "ChatDepartmentId": "",
        "HasChild": "X"
    },
    {
        "Uname": "S0013833540",
        "ShortText": "",
        "LongText": "",
        "SWType": "",
        "Category": "LEVEL1",
        "CompKey": "0000035807",
        "CompName": "FIN",
        "CompDesc": "Financials",
        "CompPath": "Financials",
        "PrioLimit": "",
        "NotSelectable": "X",
        "Installation": "",
        "ChatDepartmentId": "",
        "HasChild": "X"
    },
    {
        "Uname": "S0013833540",
        "ShortText": "",
        "LongText": "",
        "SWType": "",
        "Category": "LEVEL1",
        "CompKey": "0000033869",
        "CompName": "FS",
        "CompDesc": "Financial Services",
        "CompPath": "Financial Services",
        "PrioLimit": "",
        "NotSelectable": "X",
        "Installation": "",
        "ChatDepartmentId": "",
        "HasChild": "X"
    },
    {
        "Uname": "S0013833540",
        "ShortText": "",
        "LongText": "",
        "SWType": "",
        "Category": "LEVEL1",
        "CompKey": "108110",
        "CompName": "FT",
        "CompDesc": "Foreign Trade",
        "CompPath": "Foreign Trade",
        "PrioLimit": "",
        "NotSelectable": "X",
        "Installation": "",
        "ChatDepartmentId": "",
        "HasChild": "X"
    },
    {
        "Uname": "S0013833540",
        "ShortText": "",
        "LongText": "",
        "SWType": "",
        "Category": "LEVEL1",
        "CompKey": "102907",
        "CompName": "GCS",
        "CompDesc": "Global Cloud Services",
        "CompPath": "Global Cloud Services",
        "PrioLimit": "",
        "NotSelectable": "",
        "Installation": "",
        "ChatDepartmentId": "",
        "HasChild": "X"
    },
    {
        "Uname": "S0013833540",
        "ShortText": "",
        "LongText": "",
        "SWType": "",
        "Category": "LEVEL1",
        "CompKey": "0000044695",
        "CompName": "GRC",
        "CompDesc": "Governance, Risk and Compliance",
        "CompPath": "Governance, Risk and Compliance",
        "PrioLimit": "",
        "NotSelectable": "X",
        "Installation": "",
        "ChatDepartmentId": "",
        "HasChild": "X"
    },
    {
        "Uname": "S0013833540",
        "ShortText": "",
        "LongText": "",
        "SWType": "",
        "Category": "LEVEL1",
        "CompKey": "0000054574",
        "CompName": "HAN",
        "CompDesc": "SAP HANA",
        "CompPath": "SAP HANA",
        "PrioLimit": "",
        "NotSelectable": "X",
        "Installation": "",
        "ChatDepartmentId": "",
        "HasChild": "X"
    },
    {
        "Uname": "S0013833540",
        "ShortText": "",
        "LongText": "",
        "SWType": "",
        "Category": "LEVEL1",
        "CompKey": "0000035812",
        "CompName": "ICM",
        "CompDesc": "Incentive and Commission Management (ICM)",
        "CompPath": "Incentive and Commission Management (ICM)",
        "PrioLimit": "",
        "NotSelectable": "",
        "Installation": "",
        "ChatDepartmentId": "",
        "HasChild": "X"
    },
    {
        "Uname": "S0013833540",
        "ShortText": "",
        "LongText": "",
        "SWType": "",
        "Category": "LEVEL1",
        "CompKey": "IM",
        "CompName": "IM",
        "CompDesc": "Investment Management",
        "CompPath": "Investment Management",
        "PrioLimit": "",
        "NotSelectable": "X",
        "Installation": "",
        "ChatDepartmentId": "",
        "HasChild": "X"
    },
    {
        "Uname": "S0013833540",
        "ShortText": "",
        "LongText": "",
        "SWType": "",
        "Category": "LEVEL1",
        "CompKey": "0000069831",
        "CompName": "IOT",
        "CompDesc": "SAP Leonardo Internet of Things",
        "CompPath": "SAP Leonardo Internet of Things",
        "PrioLimit": "",
        "NotSelectable": "X",
        "Installation": "",
        "ChatDepartmentId": "",
        "HasChild": "X"
    },
    {
        "Uname": "S0013833540",
        "ShortText": "",
        "LongText": "",
        "SWType": "",
        "Category": "LEVEL1",
        "CompKey": "IS",
        "CompName": "IS",
        "CompDesc": "Industry-Specific Components",
        "CompPath": "Industry-Specific Components",
        "PrioLimit": "",
        "NotSelectable": "X",
        "Installation": "",
        "ChatDepartmentId": "",
        "HasChild": "X"
    },
    {
        "Uname": "S0013833540",
        "ShortText": "",
        "LongText": "",
        "SWType": "",
        "Category": "LEVEL1",
        "CompKey": "0000031284",
        "CompName": "KM",
        "CompDesc": "SAP Knowledge Management",
        "CompPath": "SAP Knowledge Management",
        "PrioLimit": "",
        "NotSelectable": "X",
        "Installation": "",
        "ChatDepartmentId": "",
        "HasChild": "X"
    },
    {
        "Uname": "S0013833540",
        "ShortText": "",
        "LongText": "",
        "SWType": "",
        "Category": "LEVEL1",
        "CompKey": "0000030237",
        "CompName": "LE",
        "CompDesc": "Logistics Execution",
        "CompPath": "Logistics Execution",
        "PrioLimit": "",
        "NotSelectable": "X",
        "Installation": "",
        "ChatDepartmentId": "",
        "HasChild": "X"
    },
    {
        "Uname": "S0013833540",
        "ShortText": "",
        "LongText": "",
        "SWType": "",
        "Category": "LEVEL1",
        "CompKey": "LO",
        "CompName": "LO",
        "CompDesc": "Logistics - General",
        "CompPath": "Logistics - General",
        "PrioLimit": "",
        "NotSelectable": "X",
        "Installation": "",
        "ChatDepartmentId": "",
        "HasChild": "X"
    },
    {
        "Uname": "S0013833540",
        "ShortText": "",
        "LongText": "",
        "SWType": "",
        "Category": "LEVEL1",
        "CompKey": "0000052127",
        "CompName": "LOD",
        "CompDesc": "OnDemand",
        "CompPath": "OnDemand",
        "PrioLimit": "",
        "NotSelectable": "X",
        "Installation": "",
        "ChatDepartmentId": "",
        "HasChild": "X"
    },
    {
        "Uname": "S0013833540",
        "ShortText": "",
        "LongText": "",
        "SWType": "",
        "Category": "LEVEL1",
        "CompKey": "109600",
        "CompName": "MA",
        "CompDesc": "Micro-App Hub",
        "CompPath": "Micro-App Hub",
        "PrioLimit": "XX",
        "NotSelectable": "",
        "Installation": "",
        "ChatDepartmentId": "",
        "HasChild": "X"
    },
    {
        "Uname": "S0013833540",
        "ShortText": "",
        "LongText": "",
        "SWType": "",
        "Category": "LEVEL1",
        "CompKey": "0000037162",
        "CompName": "MDM",
        "CompDesc": "SAP NetWeaver Master Data Management",
        "CompPath": "SAP NetWeaver Master Data Management",
        "PrioLimit": "",
        "NotSelectable": "X",
        "Installation": "",
        "ChatDepartmentId": "135293456157753786",
        "HasChild": "X"
    },
    {
        "Uname": "S0013833540",
        "ShortText": "",
        "LongText": "",
        "SWType": "",
        "Category": "LEVEL1",
        "CompKey": "0000050122",
        "CompName": "MFG",
        "CompDesc": "SAP Manufacturing",
        "CompPath": "SAP Manufacturing",
        "PrioLimit": "",
        "NotSelectable": "X",
        "Installation": "",
        "ChatDepartmentId": "",
        "HasChild": "X"
    },
    {
        "Uname": "S0013833540",
        "ShortText": "",
        "LongText": "",
        "SWType": "",
        "Category": "LEVEL1",
        "CompKey": "MM",
        "CompName": "MM",
        "CompDesc": "Materials Management",
        "CompPath": "Materials Management",
        "PrioLimit": "",
        "NotSelectable": "X",
        "Installation": "",
        "ChatDepartmentId": "",
        "HasChild": "X"
    },
    {
        "Uname": "S0013833540",
        "ShortText": "",
        "LongText": "",
        "SWType": "",
        "Category": "LEVEL1",
        "CompKey": "0000055784",
        "CompName": "MOB",
        "CompDesc": "Business Mobile",
        "CompPath": "Business Mobile",
        "PrioLimit": "",
        "NotSelectable": "X",
        "Installation": "",
        "ChatDepartmentId": "",
        "HasChild": "X"
    },
    {
        "Uname": "S0013833540",
        "ShortText": "",
        "LongText": "",
        "SWType": "",
        "Category": "LEVEL1",
        "CompKey": "106687",
        "CompName": "NVT",
        "CompDesc": "New Ventures and Technologies",
        "CompPath": "New Ventures and Technologies",
        "PrioLimit": "",
        "NotSelectable": "X",
        "Installation": "",
        "ChatDepartmentId": "",
        "HasChild": "X"
    },
    {
        "Uname": "S0013833540",
        "ShortText": "",
        "LongText": "",
        "SWType": "",
        "Category": "LEVEL1",
        "CompKey": "0000039437",
        "CompName": "OBSOLETE",
        "CompDesc": "Please use component XX-PROJ-CLM  (Contract Lifcycle Mngmt.)",
        "CompPath": "Please use component XX-PROJ-CLM  (Contract Lifcycle Mngmt.)",
        "PrioLimit": "",
        "NotSelectable": "X",
        "Installation": "",
        "ChatDepartmentId": "",
        "HasChild": ""
    },
    {
        "Uname": "S0013833540",
        "ShortText": "",
        "LongText": "",
        "SWType": "",
        "Category": "LEVEL1",
        "CompKey": "0000050048",
        "CompName": "OPU",
        "CompDesc": "Occasional Platform User",
        "CompPath": "Occasional Platform User",
        "PrioLimit": "",
        "NotSelectable": "X",
        "Installation": "",
        "ChatDepartmentId": "",
        "HasChild": "X"
    },
    {
        "Uname": "S0013833540",
        "ShortText": "",
        "LongText": "",
        "SWType": "",
        "Category": "LEVEL1",
        "CompKey": "0000000158",
        "CompName": "PA",
        "CompDesc": "Personnel Management",
        "CompPath": "Personnel Management",
        "PrioLimit": "",
        "NotSelectable": "X",
        "Installation": "",
        "ChatDepartmentId": "",
        "HasChild": "X"
    },
    {
        "Uname": "S0013833540",
        "ShortText": "",
        "LongText": "",
        "SWType": "",
        "Category": "LEVEL1",
        "CompKey": "HR-SCM",
        "CompName": "PE",
        "CompDesc": "Training and Event Management",
        "CompPath": "Training and Event Management",
        "PrioLimit": "",
        "NotSelectable": "X",
        "Installation": "",
        "ChatDepartmentId": "135293442027695660",
        "HasChild": "X"
    },
    {
        "Uname": "S0013833540",
        "ShortText": "",
        "LongText": "",
        "SWType": "",
        "Category": "LEVEL1",
        "CompKey": "0000034623",
        "CompName": "PLM",
        "CompDesc": "Product Lifecycle Management",
        "CompPath": "Product Lifecycle Management",
        "PrioLimit": "",
        "NotSelectable": "X",
        "Installation": "",
        "ChatDepartmentId": "",
        "HasChild": "X"
    },
    {
        "Uname": "S0013833540",
        "ShortText": "",
        "LongText": "",
        "SWType": "",
        "Category": "LEVEL1",
        "CompKey": "PM",
        "CompName": "PM",
        "CompDesc": "Plant Maintenance",
        "CompPath": "Plant Maintenance",
        "PrioLimit": "",
        "NotSelectable": "",
        "Installation": "",
        "ChatDepartmentId": "135611563198711850",
        "HasChild": "X"
    },
    {
        "Uname": "S0013833540",
        "ShortText": "",
        "LongText": "",
        "SWType": "",
        "Category": "LEVEL1",
        "CompKey": "PP",
        "CompName": "PP",
        "CompDesc": "Production Planning and Control",
        "CompPath": "Production Planning and Control",
        "PrioLimit": "",
        "NotSelectable": "X",
        "Installation": "",
        "ChatDepartmentId": "",
        "HasChild": "X"
    },
    {
        "Uname": "S0013833540",
        "ShortText": "",
        "LongText": "",
        "SWType": "",
        "Category": "LEVEL1",
        "CompKey": "0000050625",
        "CompName": "PPM",
        "CompDesc": "Portfolio and Project Management",
        "CompPath": "Portfolio and Project Management",
        "PrioLimit": "",
        "NotSelectable": "X",
        "Installation": "",
        "ChatDepartmentId": "",
        "HasChild": "X"
    },
    {
        "Uname": "S0013833540",
        "ShortText": "",
        "LongText": "",
        "SWType": "",
        "Category": "LEVEL1",
        "CompKey": "PS",
        "CompName": "PS",
        "CompDesc": "Project System",
        "CompPath": "Project System",
        "PrioLimit": "",
        "NotSelectable": "",
        "Installation": "",
        "ChatDepartmentId": "135608157904811509",
        "HasChild": "X"
    },
    {
        "Uname": "S0013833540",
        "ShortText": "",
        "LongText": "",
        "SWType": "",
        "Category": "LEVEL1",
        "CompKey": "IS-PS",
        "CompName": "PSM",
        "CompDesc": "Public Sector Management",
        "CompPath": "Public Sector Management",
        "PrioLimit": "",
        "NotSelectable": "",
        "Installation": "",
        "ChatDepartmentId": "",
        "HasChild": "X"
    },
    {
        "Uname": "S0013833540",
        "ShortText": "",
        "LongText": "",
        "SWType": "",
        "Category": "LEVEL1",
        "CompKey": "HR-TIM",
        "CompName": "PT",
        "CompDesc": "Personnel Time Management",
        "CompPath": "Personnel Time Management",
        "PrioLimit": "",
        "NotSelectable": "X",
        "Installation": "",
        "ChatDepartmentId": "",
        "HasChild": "X"
    },
    {
        "Uname": "S0013833540",
        "ShortText": "",
        "LongText": "",
        "SWType": "",
        "Category": "LEVEL1",
        "CompKey": "0000000222",
        "CompName": "PY",
        "CompDesc": "Payroll",
        "CompPath": "Payroll",
        "PrioLimit": "",
        "NotSelectable": "X",
        "Installation": "",
        "ChatDepartmentId": "",
        "HasChild": "X"
    },
    {
        "Uname": "S0013833540",
        "ShortText": "",
        "LongText": "",
        "SWType": "",
        "Category": "LEVEL1",
        "CompKey": "QM",
        "CompName": "QM",
        "CompDesc": "Quality Management",
        "CompPath": "Quality Management",
        "PrioLimit": "",
        "NotSelectable": "",
        "Installation": "",
        "ChatDepartmentId": "135293445300044933",
        "HasChild": "X"
    },
    {
        "Uname": "S0013833540",
        "ShortText": "",
        "LongText": "",
        "SWType": "",
        "Category": "LEVEL1",
        "CompKey": "IS-RE",
        "CompName": "RE",
        "CompDesc": "Real Estate Management",
        "CompPath": "Real Estate Management",
        "PrioLimit": "",
        "NotSelectable": "X",
        "Installation": "",
        "ChatDepartmentId": "",
        "HasChild": "X"
    },
    {
        "Uname": "S0013833540",
        "ShortText": "",
        "LongText": "",
        "SWType": "",
        "Category": "LEVEL1",
        "CompKey": "100107",
        "CompName": "S2P",
        "CompDesc": "Purchasing SAP Cloud",
        "CompPath": "Purchasing SAP Cloud",
        "PrioLimit": "",
        "NotSelectable": "X",
        "Installation": "",
        "ChatDepartmentId": "",
        "HasChild": "X"
    },
    {
        "Uname": "S0013833540",
        "ShortText": "",
        "LongText": "",
        "SWType": "",
        "Category": "LEVEL1",
        "CompKey": "105646",
        "CompName": "SBN",
        "CompDesc": "SAP Business Network",
        "CompPath": "SAP Business Network",
        "PrioLimit": "",
        "NotSelectable": "X",
        "Installation": "",
        "ChatDepartmentId": "",
        "HasChild": "X"
    },
    {
        "Uname": "S0013833540",
        "ShortText": "",
        "LongText": "",
        "SWType": "",
        "Category": "LEVEL1",
        "CompKey": "0000035704",
        "CompName": "SCM",
        "CompDesc": "Supply Chain Management",
        "CompPath": "Supply Chain Management",
        "PrioLimit": "",
        "NotSelectable": "X",
        "Installation": "",
        "ChatDepartmentId": "",
        "HasChild": "X"
    },
    {
        "Uname": "S0013833540",
        "ShortText": "",
        "LongText": "",
        "SWType": "",
        "Category": "LEVEL1",
        "CompKey": "SD",
        "CompName": "SD",
        "CompDesc": "Sales and Distribution",
        "CompPath": "Sales and Distribution",
        "PrioLimit": "",
        "NotSelectable": "X",
        "Installation": "",
        "ChatDepartmentId": "",
        "HasChild": "X"
    },
    {
        "Uname": "S0013833540",
        "ShortText": "",
        "LongText": "",
        "SWType": "",
        "Category": "LEVEL1",
        "CompKey": "0000055577",
        "CompName": "SLC",
        "CompDesc": "SAP Supplier Lifecycle Management",
        "CompPath": "SAP Supplier Lifecycle Management",
        "PrioLimit": "",
        "NotSelectable": "X",
        "Installation": "",
        "ChatDepartmentId": "",
        "HasChild": "X"
    },
    {
        "Uname": "S0013833540",
        "ShortText": "",
        "LongText": "",
        "SWType": "",
        "Category": "LEVEL1",
        "CompKey": "0000035275",
        "CompName": "SLL",
        "CompDesc": "Global Trade Services / Logistics Services",
        "CompPath": "Global Trade Services / Logistics Services",
        "PrioLimit": "",
        "NotSelectable": "X",
        "Installation": "",
        "ChatDepartmentId": "135293448517456623",
        "HasChild": "X"
    },
    {
        "Uname": "S0013833540",
        "ShortText": "",
        "LongText": "",
        "SWType": "",
        "Category": "LEVEL1",
        "CompKey": "0000035581",
        "CompName": "SRM",
        "CompDesc": "Supplier Relationship Management",
        "CompPath": "Supplier Relationship Management",
        "PrioLimit": "",
        "NotSelectable": "X",
        "Installation": "",
        "ChatDepartmentId": "",
        "HasChild": "X"
    },
    {
        "Uname": "S0013833540",
        "ShortText": "",
        "LongText": "",
        "SWType": "",
        "Category": "LEVEL1",
        "CompKey": "103651",
        "CompName": "SUS",
        "CompDesc": "Sustainability Management",
        "CompPath": "Sustainability Management",
        "PrioLimit": "",
        "NotSelectable": "X",
        "Installation": "",
        "ChatDepartmentId": "",
        "HasChild": "X"
    },
    {
        "Uname": "S0013833540",
        "ShortText": "",
        "LongText": "",
        "SWType": "",
        "Category": "LEVEL1",
        "CompKey": "0000030968",
        "CompName": "SV",
        "CompDesc": "Service",
        "CompPath": "Service",
        "PrioLimit": "",
        "NotSelectable": "X",
        "Installation": "",
        "ChatDepartmentId": "",
        "HasChild": "X"
    },
    {
        "Uname": "S0013833540",
        "ShortText": "",
        "LongText": "",
        "SWType": "",
        "Category": "LEVEL1",
        "CompKey": "105898",
        "CompName": "SVM",
        "CompDesc": "Service Management",
        "CompPath": "Service Management",
        "PrioLimit": "",
        "NotSelectable": "X",
        "Installation": "",
        "ChatDepartmentId": "",
        "HasChild": "X"
    },
    {
        "Uname": "S0013833540",
        "ShortText": "",
        "LongText": "",
        "SWType": "",
        "Category": "LEVEL1",
        "CompKey": "109775",
        "CompName": "TAU",
        "CompDesc": "Taulia Working Capital Management Platform",
        "CompPath": "Taulia Working Capital Management Platform",
        "PrioLimit": "",
        "NotSelectable": "X",
        "Installation": "",
        "ChatDepartmentId": "",
        "HasChild": "X"
    },
    {
        "Uname": "S0013833540",
        "ShortText": "",
        "LongText": "",
        "SWType": "",
        "Category": "LEVEL1",
        "CompKey": "0000053255",
        "CompName": "TM",
        "CompDesc": "Transportation Management (no software transports)",
        "CompPath": "Transportation Management (no software transports)",
        "PrioLimit": "",
        "NotSelectable": "X",
        "Installation": "",
        "ChatDepartmentId": "",
        "HasChild": "X"
    },
    {
        "Uname": "S0013833540",
        "ShortText": "",
        "LongText": "",
        "SWType": "",
        "Category": "LEVEL1",
        "CompKey": "TR",
        "CompName": "TR",
        "CompDesc": "Treasury",
        "CompPath": "Treasury",
        "PrioLimit": "",
        "NotSelectable": "X",
        "Installation": "",
        "ChatDepartmentId": "",
        "HasChild": "X"
    },
    {
        "Uname": "S0013833540",
        "ShortText": "",
        "LongText": "",
        "SWType": "",
        "Category": "LEVEL1",
        "CompKey": "0000068728",
        "CompName": "UA",
        "CompDesc": "User Assistance",
        "CompPath": "User Assistance",
        "PrioLimit": "",
        "NotSelectable": "X",
        "Installation": "",
        "ChatDepartmentId": "",
        "HasChild": "X"
    },
    {
        "Uname": "S0013833540",
        "ShortText": "",
        "LongText": "",
        "SWType": "",
        "Category": "LEVEL1",
        "CompKey": "103545",
        "CompName": "UTL",
        "CompDesc": "Utilities Business Applications",
        "CompPath": "Utilities Business Applications",
        "PrioLimit": "",
        "NotSelectable": "X",
        "Installation": "",
        "ChatDepartmentId": "",
        "HasChild": "X"
    },
    {
        "Uname": "S0013833540",
        "ShortText": "",
        "LongText": "",
        "SWType": "",
        "Category": "LEVEL1",
        "CompKey": "0000050318",
        "CompName": "WEC",
        "CompDesc": "Web Channel Experience Management",
        "CompPath": "Web Channel Experience Management",
        "PrioLimit": "",
        "NotSelectable": "X",
        "Installation": "",
        "ChatDepartmentId": "",
        "HasChild": "X"
    },
    {
        "Uname": "S0013833540",
        "ShortText": "",
        "LongText": "",
        "SWType": "",
        "Category": "LEVEL1",
        "CompKey": "0000031893",
        "CompName": "WP",
        "CompDesc": "Obsolete product: mySAP.com Workplace",
        "CompPath": "Obsolete product: mySAP.com Workplace",
        "PrioLimit": "",
        "NotSelectable": "X",
        "Installation": "",
        "ChatDepartmentId": "",
        "HasChild": "X"
    },
    {
        "Uname": "S0013833540",
        "ShortText": "",
        "LongText": "",
        "SWType": "",
        "Category": "LEVEL1",
        "CompKey": "100106",
        "CompName": "X4",
        "CompDesc": "SAP Cloud SME Solutions & Content",
        "CompPath": "SAP Cloud SME Solutions & Content",
        "PrioLimit": "",
        "NotSelectable": "X",
        "Installation": "",
        "ChatDepartmentId": "",
        "HasChild": "X"
    },
    {
        "Uname": "S0013833540",
        "ShortText": "",
        "LongText": "",
        "SWType": "",
        "Category": "LEVEL1",
        "CompKey": "0000036374",
        "CompName": "XAP",
        "CompDesc": "Collaborative Cross Applications",
        "CompPath": "Collaborative Cross Applications",
        "PrioLimit": "",
        "NotSelectable": "X",
        "Installation": "",
        "ChatDepartmentId": "",
        "HasChild": "X"
    },
    {
        "Uname": "S0013833540",
        "ShortText": "",
        "LongText": "",
        "SWType": "",
        "Category": "LEVEL1",
        "CompKey": "0000071345",
        "CompName": "XM",
        "CompDesc": "Qualtrics Experience Management",
        "CompPath": "Qualtrics Experience Management",
        "PrioLimit": "",
        "NotSelectable": "X",
        "Installation": "",
        "ChatDepartmentId": "",
        "HasChild": "X"
    },
    {
        "Uname": "S0013833540",
        "ShortText": "",
        "LongText": "",
        "SWType": "",
        "Category": "LEVEL1",
        "CompKey": "XX",
        "CompName": "XX",
        "CompDesc": "Miscellaneous",
        "CompPath": "Miscellaneous",
        "PrioLimit": "",
        "NotSelectable": "X",
        "Installation": "",
        "ChatDepartmentId": "",
        "HasChild": "X"
    }
]