[
    {
        "Pointer": "002075129200002155712024",
        "Hash": "OSwb5cghhDwOrQUCmAeVfyJQFuA=",
        "Hash40": "3",
        "Service": "3",
        "Servicetyp": "K",
        "Filename": "attachment_compare.png",
        "Text": "",
        "Type": "PNG",
        "Merftstmp": "20240328180823",
        "Merfnam": "S0018132425",
        "Maetstmp": "20240328090823",
        "Maenam": "S0018132425",
        "Internal": "",
        "Flag01": "",
        "Flag02": "",
        "Flag03": "",
        "Flag04": "",
        "Isurl": "X",
        "Url": "",
        "Cpocd": "",
        "Dprest": "NONE",
        "FilelengthTxt": "250.0 KB",
        "CreatedBy": "Test Hybrid (S0018132425)",
        "CreatedOn": "2024.03.28 18:08:23 JAPAN",
        "UserTimezone": "",
        "DraftFlag": "X"
    },
    {
        "Pointer": "002075129200002155712024",
        "Hash": "fhbi/NkHLmjaEgaOBpEwiBZLUh0=",
        "Hash40": "7",
        "Service": "3",
        "Servicetyp": "K",
        "Filename": "attachment.PNG",
        "Text": "",
        "Type": "PNG",
        "Merftstmp": "20240328180823",
        "Merfnam": "S0018132425",
        "Maetstmp": "20240328090823",
        "Maenam": "S0018132425",
        "Internal": "",
        "Flag01": "",
        "Flag02": "",
        "Flag03": "",
        "Flag04": "",
        "Isurl": "X",
        "Url": "",
        "Cpocd": "",
        "Dprest": "NONE",
        "FilelengthTxt": "76.9 KB",
        "CreatedBy": "Test Hybrid (S0018132425)",
        "CreatedOn": "2024.03.28 18:08:23 JAPAN",
        "UserTimezone": "",
        "DraftFlag": "X"
    },
    {
        "Pointer": "002075129200002155712024",
        "Hash": "u0luZ/CAZGLgJkpFVpX8vlu4TEg=",
        "Hash40": "B",
        "Service": "3",
        "Servicetyp": "K",
        "Filename": "123.txt",
        "Text": "",
        "Type": "TXT",
        "Merftstmp": "20240328180823",
        "Merfnam": "S0018132425",
        "Maetstmp": "20240328090823",
        "Maenam": "S0018132425",
        "Internal": "",
        "Flag01": "",
        "Flag02": "",
        "Flag03": "",
        "Flag04": "",
        "Isurl": "X",
        "Url": "",
        "Cpocd": "",
        "Dprest": "NONE",
        "FilelengthTxt": "2.0 KB",
        "CreatedBy": "Test Hybrid (S0018132425)",
        "CreatedOn": "2024.03.28 18:08:23 JAPAN",
        "UserTimezone": "",
        "DraftFlag": "X"
    }
]