[
    {
        "Category": "ALL",
        "Name": "0000202418",
        "Type": "CUSTOMER",
        "KeyValue": "",
        "KeyType": "",
        "SWClass": "",
        "SWType": "",
        "Uname": "S002016655",
        "Value": "202418 - OSS Test function #1 OSS corp. funktion*",
        "Desc1": "Serviced Customer",
        "Desc2": "SERVICED",
        "NotSelectFlag": "",
        "CustomerNbr": ""
    },
    {
        "Category": "ALL",
        "Name": "0001208936",
        "Type": "CUSTOMER",
        "KeyValue": "",
        "KeyType": "",
        "SWClass": "",
        "SWType": "",
        "Uname": "S002016655",
        "Value": "1208936 - SAP Test Account - aPaul Pharma Test-Account AGS Data Quality",
        "Desc1": "",
        "Desc2": "",
        "NotSelectFlag": "",
        "CustomerNbr": ""
    },
    {
        "Category": "ALL",
        "Name": "0001249792",
        "Type": "CUSTOMER",
        "KeyValue": "",
        "KeyType": "",
        "SWClass": "",
        "SWType": "",
        "Uname": "S002016655",
        "Value": "1249792 - SAP Test Account - Prokesch Pharma Test-Account AGS Data Quality",
        "Desc1": "CCC Customer",
        "Desc2": "CCC",
        "NotSelectFlag": "",
        "CustomerNbr": ""
    },
    {
        "Category": "ALL",
        "Name": "0001272047",
        "Type": "CUSTOMER",
        "KeyValue": "",
        "KeyType": "",
        "SWClass": "",
        "SWType": "",
        "Uname": "S002016655",
        "Value": "1272047 - Aldinger Cosmetics Test-Account AGS Data Quality",
        "Desc1": "Supported Customer",
        "Desc2": "SUPPORTED",
        "NotSelectFlag": "",
        "CustomerNbr": ""
    },
    {
        "Category": "RECENT",
        "Name": "0001208936",
        "Type": "CUSTOMER",
        "KeyValue": "",
        "KeyType": "",
        "SWClass": "",
        "SWType": "",
        "Uname": "S002016655",
        "Value": "1208936 - SAP Test Account - aPaul Pharma Test-Account AGS Data Quality",
        "Desc1": "",
        "Desc2": "",
        "NotSelectFlag": "",
        "CustomerNbr": ""
    },
    {
        "Category": "RECENT",
        "Name": "0001272047",
        "Type": "CUSTOMER",
        "KeyValue": "",
        "KeyType": "",
        "SWClass": "",
        "SWType": "",
        "Uname": "S002016655",
        "Value": "1272047 - Aldinger Cosmetics Test-Account AGS Data Quality",
        "Desc1": "Supported Customer",
        "Desc2": "SUPPORTED",
        "NotSelectFlag": "",
        "CustomerNbr": ""
    },
    {
        "Category": "RECENT",
        "Name": "0001249792",
        "Type": "CUSTOMER",
        "KeyValue": "",
        "KeyType": "",
        "SWClass": "",
        "SWType": "",
        "Uname": "S002016655",
        "Value": "1249792 - SAP Test Account - Prokesch Pharma Test-Account AGS Data Quality",
        "Desc1": "CCC Customer",
        "Desc2": "CCC",
        "NotSelectFlag": "",
        "CustomerNbr": ""
    },
    {
        "Category": "RECENT",
        "Name": "0000202418",
        "Type": "CUSTOMER",
        "KeyValue": "",
        "KeyType": "",
        "SWClass": "",
        "SWType": "",
        "Uname": "S002016655",
        "Value": "202418 - OSS Test function #1 OSS corp. funktion*",
        "Desc1": "Serviced Customer",
        "Desc2": "SERVICED",
        "NotSelectFlag": "",
        "CustomerNbr": ""
    },
    {
        "Category": "FAVORITE",
        "Name": "0001208936",
        "Type": "CUSTOMER",
        "KeyValue": "",
        "KeyType": "",
        "SWClass": "",
        "SWType": "",
        "Uname": "S002016655",
        "Value": "1208936 - SAP Test Account - aPaul Pharma Test-Account AGS Data Quality",
        "Desc1": "",
        "Desc2": "",
        "NotSelectFlag": "",
        "CustomerNbr": ""
    }
]