[
        {
            "ID": "1"
            , "title": "2577716 - How to add your company to the new Successfactors App's authentication method? [SF MOB]"
            , "summary": "The summary \"...Invalid Company Name...\" or...\"Sorry, we couldn't find a match for <company name>\"...is received on the SuccessFactors mobile app when search for your company name."
            , "component": "SV-SMG-OST-FB"
            , "type": "Note"
            , "category": "Problem"
            , "url" : "1"
            , "external_url": "https://launchpad.support.sap.com/#/notes/2824924"
            , "release_on" : "1 year ago"
            , "created_on" : "2021-01-28T05:00:09.000Z"
        }
        , {
            "ID": "2"
            , "title": "Lorem dolor sit amet, consectetur adipisici elit, …“ ist ein Blindtext, der nichts bedeuten soll, sondern als Platzhalter im Layout verwendet wird, um einen Eindruck vom fertigen Dokument zu erhalten."
            , "summary": "ipsum dolor sit amet, consectetur adipisici elit, …“ ist ein Blindtext, der nichts bedeuten soll, sondern als Platzhalter im Layout verwendet wird, um einen Eindruck vom fertigen Dokument zu erhalten."
            , "component": "SV-SMG-OST-FB"
            , "type": "Note"
            , "category": "Problem"
            , "url" : "2"
            , "external_url": "https://launchpad.support.sap.com/#/notes/2824924"
            , "release_on" : "1 year ago"
            , "created_on" : "2021-01-28T05:00:09.000Z"
        }
        , {
            "ID": "3"
            , "title": "ipsum dolor sit amet, consectetur adipisici elit, …“ ist ein Blindtext, der nichts bedeuten soll, sondern als Platzhalter im Layout verwendet wird, um einen Eindruck vom fertigen Dokument zu erhalten."
            , "summary": "dolor sit amet, consectetur adipisici elit, …“ ist ein Blindtext, der nichts bedeuten soll, sondern als Platzhalter im Layout verwendet wird, um einen Eindruck vom fertigen Dokument zu erhalten."
            , "component": "SV-SMG-OST-FB"
            , "type": "Note"
            , "category": "Problem"
            , "url" : "3"
            , "external_url": "https://launchpad.support.sap.com/#/notes/2824924"
            , "release_on" : "1 year ago"
            , "created_on" : "2021-01-28T05:00:09.000Z"
        }
        , {
            "ID": "4"
            , "title": "dolor sit amet, consectetur adipisici elit, …“ ist ein Blindtext, der nichts bedeuten soll, sondern als Platzhalter im Layout verwendet wird, um einen Eindruck vom fertigen Dokument zu erhalten."
            , "summary": "sit amet, consectetur adipisici elit, …“ ist ein Blindtext, der nichts bedeuten soll, sondern als Platzhalter im Layout verwendet wird, um einen Eindruck vom fertigen Dokument zu erhalten."
            , "component": "SV-SMG-OST-FB"
            , "type": "Note"
            , "category": "Problem"
            , "url" : "4"
            , "external_url": "https://launchpad.support.sap.com/#/notes/2824924"
            , "release_on" : "1 year ago"
            , "created_on" : "2021-01-28T05:00:09.000Z"
        }
        , {
            "ID": "5"
            , "title": "sit amet, consectetur adipisici elit, …“ ist ein Blindtext, der nichts bedeuten soll, sondern als Platzhalter im Layout verwendet wird, um einen Eindruck vom fertigen Dokument zu erhalten."
            , "summary": "amet, consectetur adipisici elit, …“ ist ein Blindtext, der nichts bedeuten soll, sondern als Platzhalter im Layout verwendet wird, um einen Eindruck vom fertigen Dokument zu erhalten."
            , "component": "SV-SMG-OST-FB"
            , "type": "Note"
            , "category": "Problem"
            , "url" : "5"
            , "external_url": "https://launchpad.support.sap.com/#/notes/2824924"
            , "release_on" : "1 year ago"
            , "created_on" : "2021-01-28T05:00:09.000Z"
        }
        , {
            "ID": "6"
            , "title": "amet, consectetur adipisici elit, …“ ist ein Blindtext, der nichts bedeuten soll, sondern als Platzhalter im Layout verwendet wird, um einen Eindruck vom fertigen Dokument zu erhalten."
            , "summary": "consectetur adipisici elit, …“ ist ein Blindtext, der nichts bedeuten soll, sondern als Platzhalter im Layout verwendet wird, um einen Eindruck vom fertigen Dokument zu erhalten."
            , "component": "SV-SMG-OST-FB"
            , "type": "Note"
            , "category": "Problem"
            , "url" : "6"
            , "external_url": "https://launchpad.support.sap.com/#/notes/2824924"
            , "release_on" : "1 year ago"
            , "created_on" : "2021-01-28T05:00:09.000Z"
        }
        , {
            "ID": "7"
            , "title": "consectetur adipisici elit, …“ ist ein Blindtext, der nichts bedeuten soll, sondern als Platzhalter im Layout verwendet wird, um einen Eindruck vom fertigen Dokument zu erhalten."
            , "summary": "adipisici elit, …“ ist ein Blindtext, der nichts bedeuten soll, sondern als Platzhalter im Layout verwendet wird, um einen Eindruck vom fertigen Dokument zu erhalten."
            , "component": "SV-SMG-OST-FB"
            , "type": "Note"
            , "category": "Problem"
            , "url" : "7"
            , "external_url": "https://launchpad.support.sap.com/#/notes/2824924"
            , "release_on" : "1 year ago"
            , "created_on" : "2021-01-28T05:00:09.000Z"
        }
        , {
            "ID": "8"
            , "title": "adipisici elit, …“ ist ein Blindtext, der nichts bedeuten soll, sondern als Platzhalter im Layout verwendet wird, um einen Eindruck vom fertigen Dokument zu erhalten."
            , "summary": "elit, …“ ist ein Blindtext, der nichts bedeuten soll, sondern als Platzhalter im Layout verwendet wird, um einen Eindruck vom fertigen Dokument zu erhalten."
            , "component": "SV-SMG-OST-FB"
            , "type": "Note"
            , "category": "Problem"
            , "url" : "8"
            , "external_url": "https://launchpad.support.sap.com/#/notes/2824924"
            , "release_on" : "1 year ago"
            , "created_on" : "2021-01-28T05:00:09.000Z"
        }
        , {
            "ID": "9"
            , "title": "elit, …“ ist ein Blindtext, der nichts bedeuten soll, sondern als Platzhalter im Layout verwendet wird, um einen Eindruck vom fertigen Dokument zu erhalten."
            , "summary": "ist ein Blindtext, der nichts bedeuten soll, sondern als Platzhalter im Layout verwendet wird, um einen Eindruck vom fertigen Dokument zu erhalten."
            , "component": "SV-SMG-OST-FB"
            , "type": "Note"
            , "category": "Problem"
            , "url" : "9"
            , "external_url": "https://launchpad.support.sap.com/#/notes/2824924"
            , "release_on" : "1 year ago"
            , "created_on" : "2021-01-28T05:00:09.000Z"
        }
        , {
            "ID": "10"
            , "title": "ist ein Blindtext, der nichts bedeuten soll, sondern als Platzhalter im Layout verwendet wird, um einen Eindruck vom fertigen Dokument zu erhalten."
            , "summary": "ein Blindtext, der nichts bedeuten soll, sondern als Platzhalter im Layout verwendet wird, um einen Eindruck vom fertigen Dokument zu erhalten."
            , "component": "SV-SMG-OST-FB"
            , "type": "Note"
            , "category": "Problem"
            , "url" : "10"
            , "external_url": "https://launchpad.support.sap.com/#/notes/2824924"
            , "release_on" : "1 year ago"
            , "created_on" : "2021-01-28T05:00:09.000Z"
        }
        , {
            "ID": "11"
            , "title": "ein Blindtext, der nichts bedeuten soll, sondern als Platzhalter im Layout verwendet wird, um einen Eindruck vom fertigen Dokument zu erhalten."
            , "summary": "Blindtext, der nichts bedeuten soll, sondern als Platzhalter im Layout verwendet wird, um einen Eindruck vom fertigen Dokument zu erhalten."
            , "component": "SV-SMG-OST-FB"
            , "type": "Note"
            , "category": "Problem"
            , "url" : "11"
            , "external_url": "https://launchpad.support.sap.com/#/notes/2824924"
            , "release_on" : "1 year ago"
            , "created_on" : "2021-01-28T05:00:09.000Z"
        }
        , {
            "ID": "12"
            , "title": "Blindtext, der nichts bedeuten soll, sondern als Platzhalter im Layout verwendet wird, um einen Eindruck vom fertigen Dokument zu erhalten."
            , "summary": "der nichts bedeuten soll, sondern als Platzhalter im Layout verwendet wird, um einen Eindruck vom fertigen Dokument zu erhalten."
            , "component": "SV-SMG-OST-FB"
            , "type": "Note"
            , "category": "Problem"
            , "url" : "12"
            , "external_url": "https://launchpad.support.sap.com/#/notes/2824924"
            , "release_on" : "1 year ago"
            , "created_on" : "2021-01-28T05:00:09.000Z"
        }
        , {
            "ID": "13"
            , "title": "der nichts bedeuten soll, sondern als Platzhalter im Layout verwendet wird, um einen Eindruck vom fertigen Dokument zu erhalten."
            , "summary": "nichts bedeuten soll, sondern als Platzhalter im Layout verwendet wird, um einen Eindruck vom fertigen Dokument zu erhalten."
            , "component": "SV-SMG-OST-FB"
            , "type": "Note"
            , "category": "Problem"
            , "url" : "13"
            , "external_url": "https://launchpad.support.sap.com/#/notes/2824924"
            , "release_on" : "1 year ago"
            , "created_on" : "2021-01-28T05:00:09.000Z"
        }
]
