[{
    "ID": 0,
    "systemName": "A11 - ",
    "installationName": "0020700116 - NW Standard Support",
    "installationNum": "0020700116",
    "isConnectionOpen": false,
    "accessDataError": "",
    "isAccessDataAuthorized": true,
    "isAccessDataMaintained": false,
    "isAccessDataRestricted": false,
    "secureAreaURL": "1",
    "sysnr": "000000000311834471",
    "reporter": "S0020916202",
    "dataProtection": "",
    "affectedURL": "",
    "relevantId": "",
    "apiKey": "",
    "swClass": "NW",
    "classifiedContent": "",
    "overruleAuth": false,
    "RampUpFlag": "X"
}]