{
  "run": [
    {
      "filePath": "/webapp/index.html",
      "previewMode": 1,
      "dataMode": 1,
      "workspace": "withoutWorkspace",
      "ui5ActiveVersion": null,
      "ui5VerSource": null,
      "isDefaultVersion": 0,
      "urlParameters": [],
      "hashParameter": "",
      "backendSystem": [],
      "_metadata": {
        "runnerId": "webapprunner",
        "id": 852745,
        "displayName": "Run index.html 1",
        "lastRunTimeStamp": 1522745113779
      }
    },
    {
      "filePath": "/webapp/test/unit/unitTests.qunit.html",
      "previewMode": 1,
      "dataMode": 1,
      "workspace": "withoutWorkspace",
      "ui5ActiveVersion": null,
      "ui5VerSource": null,
      "isDefaultVersion": 0,
      "urlParameters": [],
      "hashParameter": "",
      "backendSystem": [],
      "_metadata": {
        "runnerId": "webapprunner",
        "id": 4841634,
        "displayName": "Run unitTests.qunit.html",
        "lastRunTimeStamp": 1521714848013
      }
    },
    {
      "filePath": "/webapp/test/testsuite.qunit.html",
      "previewMode": 1,
      "dataMode": 1,
      "workspace": "withoutWorkspace",
      "ui5ActiveVersion": null,
      "ui5VerSource": null,
      "isDefaultVersion": 0,
      "urlParameters": [],
      "hashParameter": "",
      "backendSystem": [],
      "_metadata": {
        "runnerId": "webapprunner",
        "id": 5518955,
        "displayName": "Run testsuite.qunit.html",
        "lastRunTimeStamp": 1521710783447
      }
    },
    {
      "filePath": "/index.html",
      "previewMode": 1,
      "dataMode": 1,
      "workspace": "withoutWorkspace",
      "ui5ActiveVersion": null,
      "ui5VerSource": null,
      "isDefaultVersion": 0,
      "urlParameters": [],
      "hashParameter": "",
      "backendSystem": [],
      "_metadata": {
        "runnerId": "webapprunner",
        "id": 6021090,
        "displayName": "Run index.html",
        "lastRunTimeStamp": 1495085912585
      }
    },
    {
      "filePath": "/index.html",
      "previewMode": 1,
      "dataMode": 1,
      "workspace": "withoutWorkspace",
      "ui5ActiveVersion": null,
      "ui5VerSource": null,
      "isDefaultVersion": 0,
      "urlParameters": [],
      "hashParameter": "",
      "backendSystem": [],
      "urlParametersNotNeeded": false,
      "_metadata": {
        "runnerId": "webapprunner",
        "id": 9342967,
        "displayName": "Run index.html",
        "lastRunTimeStamp": 1493109876325
      }
    }
  ]
}