{
  "welcomeFile": "index.html",
  "routes": [
    {
      "path": "/services/odata",
      "target": {
        "type": "destination",
        "name": "SMP_NG_WEB",
        "entryPath": "/odata"
      },
      "description": "Odata Gateway"
    },
    {
      "path": "/resources",
      "target": {
        "type": "application",
        "name": "sapui5preview",
        "entryPath": "/resources"
      },
      "description": "SAPUI5 Resources"
    },
    {
      "path": "/resources",
      "target": {
        "type": "service",
        "name": "sapui5",
        "entryPath": "/resources"
      },
      "description": "SAPUI5 Resources"
    },
    {
      "path": "/test-resources",
      "target": {
        "type": "application",
        "name": "sapui5preview",
        "entryPath": "/test-resources"
      },
      "description": "SAPUI5 Test Resources"
    },
    {
      "path": "/test-resources",
      "target": {
        "type": "service",
        "name": "sapui5",
        "entryPath": "/test-resources"
      },
      "description": "SAPUI5 Test Resources"
    }
  ],
  "securityConstraints": [
    {
      "permission": "AccessApplicationDescriptor",
      "description": "Access application descriptor file (neo-app.json)",
      "protectedPaths": [
        "/neo-app.json"
      ]
    },
    {
      "permission": "EclipseWorkspaceFiles",
      "description": "Access to the eclipse workspace files",
      "protectedPaths": [
        "/.classpath",
        ".project",
        "/.settings",
        "/src",
        "/build",
        "/WebContent/META-INF",
        "/WebContent/WEB-INF"
      ]
    }
  ]
}