<project xmlns="http://maven.apache.org/POM/4.0.0" xmlns:xsi="http://www.w3.org/2001/XMLSchema-instance"
	xsi:schemaLocation="http://maven.apache.org/POM/4.0.0 http://maven.apache.org/xsd/maven-4.0.0.xsd">
	<modelVersion>4.0.0</modelVersion>

	<parent>
		<groupId>com.sap.fiori</groupId>
		<artifactId>fnf-parent-pom</artifactId>
		<version>1.17.11-SNAPSHOT</version>
	</parent>

	<!-- define the groupId for your project, e.g. com.sap.support.application -->
	<groupId>sap.support.contingentchecker</groupId>
	<!-- define the artifactId for your project, e.g. application -->
	<artifactId>sap.support.contingentchecker</artifactId>
	<!-- define the next wave / version for your application, it must be in format YEAR.WAVE.VERSION-SNAPSHOT, e.g. 2017.3.1-SNAPSHOT -->
	<version>2018.3.1-SNAPSHOT</version>
	
	<!-- define a human readable name for your application, e.g. Application -->
	<name>contingentchecker</name>
	<!-- describe your project, a quick comment to any readers of the POM -->
	<description>An application which customers can check customer contingent information.</description>
	
	<packaging>war</packaging>

</project>