{
    "d": {
        "results": [
            {
                "Kunnr": "0000000001",
                "Userid": "",
                "Type": "C"
            },
            {
                "Kunnr": "0000000002",
                "Userid": "",
                "Type": "C"
            },
            {
                "Kunnr": "0000000003",
                "Userid": "",
                "Type": "C"
            },
            {
                "Kunnr": "0000000004",
                "Userid": "",
                "Type": "C"
            },
            {
                "Kunnr": "0020252285",
                "Userid": "",
                "Type": "T"
            },
            {
                "Kunnr": "0020252284",
                "Userid": "",
                "Type": "T"
            },
            {
                "Kunnr": "0020252261",
                "Userid": "",
                "Type": "T"
            },
            {
                "Kunnr": "0020252263",
                "Userid": "",
                "Type": "T"
            },
            {
                "Kunnr": "0020252237",
                "Userid": "",
                "Type": "T"
            },
            {
                "Kunnr": "",
                "Userid": "0000000001",
                "Type": "U"
            },
            {
                "Kunnr": "",
                "Userid": "0000000002",
                "Type": "U"
            },
            {
                "Kunnr": "202419",
                "Userid": "",
                "Type": "C"
            },
             {
                "Kunnr": "202418",
                "Userid": "",
                "Type": "C"
            },
            {
                "Kunnr": "202420",
                "Userid": "",
                "Type": "C"
            },
            {
                "Kunnr": "203069",
                "Userid": "",
                "Type": "C"
            },
            {
                "Kunnr": "20251954",
                "Userid": "",
                "Type": "T"
            }
            
        ]
    }
}