<core:FragmentDefinition xmlns="sap.m" xmlns:core="sap.ui.core" xmlns:mvc="sap.ui.core.mvc" xmlns:f="sap.ui.layout.form">
	<!--	<Dialog showHeader="false" contentHeight="auto" contentWidth="85%">
		<content>-->
	<!--	<Panel id="employeePanel" width="auto" class="sapUiNoContentPadding">
				<headerToolbar>
					<Toolbar>
						<Title text="{i18n>EmployeeIDColon} {EmployeeID}" level="H2"/>
						<ToolbarSpacer/>
						<Link text="{i18n>FlipToResume}" tooltip="{i18n>FlipToResume.tooltip}" press=".onShowResume"/>
					</Toolbar>
				</headerToolbar>
				<content>
					<f:SimpleForm editable="false" layout="ResponsiveGridLayout" labelSpanL="3" labelSpanM="3" emptySpanL="4" emptySpanM="4" columnsL="1"
						columnsM="1">
						<f:content>
							<Label text="{i18n>formFirstName}"/>
							<Text text="{id}"/>
							<Label text="{i18n>formLastName}"/>
							<Text text="{title}"/>
							<Label text="{i18n>formAddress}"/>
							<Text text="{description}"/>
							<Label text="{i18n>formCity}"/>
							<Text text="{City}, {Region}"/>
							<Label text="{i18n>formPostalCode}"/>
							<Text text="{PostalCode}"/>
							<Label text="{i18n>formPhoneHome}"/>
							<Text text="{HomePhone}"/>
							<Label text="{i18n>formCountry}"/>
							<Text text="{Country}"/>
						</f:content>
					</f:SimpleForm>
				</content>
			</Panel>-->
	<Dialog id="mySelectDialog" title="Service Details" titleAlignment="Center" draggable="true" icon="sap-icon://open-folder" state="Information" >
		<content>
			<Label/>
		<List id="idListSBdetails" items="{/SelectedData/finalSelectData}">
		<StandardListItem title="Title is: {title} - {id}" description="Description is: {description}" iconDensityAware="false"
			iconInset="false" />
		</List>
		</content>
		<footer>
			<Toolbar>
				<content>
					<ToolbarSpacer/>
						<Button text="Close" press="onDialogClose"/>
				</content>
			</Toolbar>
		</footer>
	</Dialog>
	<!--	</content>
	</Dialog>-->
</core:FragmentDefinition>