<core:FragmentDefinition xmlns="sap.m" xmlns:core="sap.ui.core">
	<ViewSettingsDialog title="Filter" confirm="handleSortDialogConfirm">
	<!--	<sortItems>
			<ViewSettingsItem text="Solution" key="solution"/>
			<ViewSettingsItem text="Sub-Solution" key="subsolution"/>
		</sortItems>-->
		<filterItems>
			<!--	<ViewSettingsItem text="ID" key="id" selected="true" />
			<ViewSettingsItem text="Delivery Date" key="deldate" />
			<ViewSettingsItem text="Go-Live-Date" key="golive" />-->
			<ViewSettingsFilterItem text="Solution" key="solution" multiSelect="false">
				<items>
					<ViewSettingsItem text="Solution A" key="solution" selected="false"/>
					<ViewSettingsItem text="Solution B" key="solution" selected="false"/>
					<ViewSettingsItem text="Solution C" key="solution" selected="false"/>
					<ViewSettingsItem text="Solution D" key="solution" selected="false"/>
				</items>
				</ViewSettingsFilterItem>
				<ViewSettingsFilterItem text="Sub-Solution" key="subsolution" multiSelect="false">
					<items>
						<ViewSettingsItem text="Sub-Solution A" key="subsolution" selected="false"/>
						<ViewSettingsItem text="Sub-Solution B" key="subsolution" selected="false"/>
						<ViewSettingsItem text="Sub-Solution C" key="subsolution" selected="false"/>
						<ViewSettingsItem text="Sub-Solution D" key="subsolution" selected="false"/>
						<ViewSettingsItem text="Sub-Solution E" key="subsolution" selected="false"/>
						<ViewSettingsItem text="Sub-Solution F" key="subsolution" selected="false"/>
					</items>
				</ViewSettingsFilterItem>
			</filterItems>
		</ViewSettingsDialog>
	</core:FragmentDefinition>