[
      {
        "__metadata" : {
          "id" : "http://spwdfvm2306.wdf.sap.corp:1080/sap/opu/odata/SVT/ESR_SRV/CustomerSet('0000203069')",
          "uri" : "http://spwdfvm2306.wdf.sap.corp:1080/sap/opu/odata/SVT/ESR_SRV/CustomerSet('0000203069')",
          "type" : "/SVT/ESR_SRV.Customer"
        },
        "Customer_No" : "0000203069",
        "Customer_Name" : "Test value contracts OSS corp.  function",
        "S_User" : "",
        "ReportType" : ""
      },
      {
        "__metadata" : {
          "id" : "http://spwdfvm2306.wdf.sap.corp:1080/sap/opu/odata/SVT/ESR_SRV/CustomerSet('0000202418')",
          "uri" : "http://spwdfvm2306.wdf.sap.corp:1080/sap/opu/odata/SVT/ESR_SRV/CustomerSet('0000202418')",
          "type" : "/SVT/ESR_SRV.Customer"
        },
        "Customer_No" : "0000202418",
        "Customer_Name" : "0000202418 OSS Test function",
        "S_User" : "",
        "ReportType" : "CLD"
      },
      {
        "__metadata" : {
          "id" : "http://spwdfvm2306.wdf.sap.corp:1080/sap/opu/odata/SVT/ESR_SRV/CustomerSet('0000202419')",
          "uri" : "http://spwdfvm2306.wdf.sap.corp:1080/sap/opu/odata/SVT/ESR_SRV/CustomerSet('0000202419')",
          "type" : "/SVT/ESR_SRV.Customer"
        },
        "Customer_No" : "0000202419",
        "Customer_Name" : "0000202419 SAPNet R/3-Frontend Test custo",
        "S_User" : "",
        "ReportType" : ""
      },
      {
        "__metadata" : {
          "id" : "http://spwdfvm2306.wdf.sap.corp:1080/sap/opu/odata/SVT/ESR_SRV/CustomerSet('0000202420')",
          "uri" : "http://spwdfvm2306.wdf.sap.corp:1080/sap/opu/odata/SVT/ESR_SRV/CustomerSet('0000202420')",
          "type" : "/SVT/ESR_SRV.Customer"
        },
        "Customer_No" : "0000202420",
        "Customer_Name" : "0000202420 test cust. #3.",
        "S_User" : "",
        "ReportType" : ""
      }
    ]