[
	{
        
        "RequestId" : "S000031511920160907114815",
        "ReportId" : "ES1",
        "ReportLangu" : "E",
        "Creator" : "S0000315119",
        "CreatorName" : "",
        "CreatorKunnr" : "0000203069",
        "CreatedAt" : "07.09.2016 11:48:15",
        "Status" : "1",
        "ScmKey" : "",
        "RepGuKunnr" : "",
        "RepKunnr" : "0000202419;0000202420;",
        "Installation" : "",
        "TargetEmail" : "yan.zhitnitsky@sap.com",
        "RemoveChapter" : "",
        "ReportType" : "ES",
        "ReportName" : "SAP Enterprise Support Report (short version)",
        "CustomerName" : "(0000202420)test cust. #3. OSS corp. funct.@@(0000202419)SAPNet R/3-Frontend Test customer # LSDE",
        "LanguageName" : "English",
        "StatusName" : "New",
        "Total_Number" : "       4",
        "Number_New" : "       1",
        "Number_Inprocess" : "       2",
        "Number_Complete" : "       1",
        "CreatedTime" : "20160907114815",
        "Solution_key" : "",
        "Solution_Name" : "",
        "Time_Frame" : ""
      },
      {
        "RequestId" : "S000031511920160823065443",
        "ReportId" : "ES1",
        "ReportLangu" : "E",
        "Creator" : "S0000315119",
        "CreatorName" : "",
        "CreatorKunnr" : "0000203069",
        "CreatedAt" : "23.08.2016 06:54:43",
        "Status" : "2",
        "ScmKey" : "",
        "RepGuKunnr" : "",
        "RepKunnr" : "0000202420;",
        "Installation" : "",
        "TargetEmail" : "yan.zhitnitsky@sap.com",
        "RemoveChapter" : "",
        "ReportType" : "ES",
        "ReportName" : "SAP Enterprise Support Report (short version)",
        "CustomerName" : "(0000202420)test cust. #3. OSS corp. funct.",
        "LanguageName" : "English",
        "StatusName" : "Inprocess",
        "Total_Number" : "       4",
        "Number_New" : "       1",
        "Number_Inprocess" : "       2",
        "Number_Complete" : "       1",
        "CreatedTime" : "20160823065443",
        "Solution_key" : "",
        "Solution_Name" : "",
        "Time_Frame" : ""
      },
      {
        
        "RequestId" : "S000031511920160817110711",
        "ReportId" : "ESB",
        "ReportLangu" : "1",
        "Creator" : "S0000315119",
        "CreatorName" : "",
        "CreatorKunnr" : "0000203069",
        "CreatedAt" : "17.08.2016 11:07:11",
        "Status" : "2",
        "ScmKey" : "",
        "RepGuKunnr" : "",
        "RepKunnr" : "0000202420;",
        "Installation" : "",
        "TargetEmail" : "yan.zhitnitsky@sap.com",
        "RemoveChapter" : "PI730=R",
        "ReportType" : "ES",
        "ReportName" : "SAP Enterprise Support BO Report (short version)",
        "CustomerName" : "(0000202420)test cust. #3. OSS corp. funct.",
        "LanguageName" : "Chinese",
        "StatusName" : "Inprocess",
        "Total_Number" : "       4",
        "Number_New" : "       1",
        "Number_Inprocess" : "       2",
        "Number_Complete" : "       1",
        "CreatedTime" : "20160817110711",
        "Solution_key" : "",
        "Solution_Name" : "",
        "Time_Frame" : ""
      },
      {
        
        "RequestId" : "S000031511920160726072800",
        "ReportId" : "ESB",
        "ReportLangu" : "D",
        "Creator" : "S0000315119",
        "CreatorName" : "",
        "CreatorKunnr" : "0000203069",
        "CreatedAt" : "26.07.2016 07:28:00",
        "Status" : "3",
        "ScmKey" : "",
        "RepGuKunnr" : "",
        "RepKunnr" : "0000202418;0000202419;",
        "Installation" : "",
        "TargetEmail" : "testprofielchange@sap.com",
        "RemoveChapter" : "",
        "ReportType" : "ES",
        "ReportName" : "SAP Enterprise Support BO Report (short version)",
        "CustomerName" : "(0000202419)SAPNet R/3-Frontend Test customer # LSDE@@(0000202418)International Corp. Test + Demo Customer",
        "LanguageName" : "German",
        "StatusName" : "Complete",
        "Total_Number" : "       4",
        "Number_New" : "       1",
        "Number_Inprocess" : "       2",
        "Number_Complete" : "       1",
        "CreatedTime" : "20160726072800",
        "Solution_key" : "",
        "Solution_Name" : "",
        "Time_Frame" : ""
      },
      
      {
        
        "RequestId" : "S000031511920160113085340",
        "ReportId" : "PSL",
        "ReportLangu" : "E",
        "Creator" : "S0000315119",
        "CreatorName" : "",
        "CreatorKunnr" : "0000203069",
        "CreatedAt" : "13.01.2016 08:53:40",
        "Status" : "1",
        "ScmKey" : "",
        "RepGuKunnr" : "",
        "RepKunnr" : "0000202418;",
        "Installation" : "",
        "TargetEmail" : "guelay.gashi@sap.com",
        "RemoveChapter" : "",
        "ReportType" : "PSLE",
        "ReportName" : "SAP PSLE Report (Based on Data in SAP's Support Systems)",
        "CustomerName" : "(0000202418)International Corp. Test + Demo Customer",
        "LanguageName" : "English",
        "StatusName" : "New",
        "Total_Number" : "       3",
        "Number_New" : "       1",
        "Number_Inprocess" : "        1",
        "Number_Complete" : "       1",
        "CreatedTime" : "20160113085340",
        "Solution_key" : "",
        "Solution_Name" : "",
        "Time_Frame" : ""
      },
      {
        
        "RequestId" : "S000031511920150611025443",
        "ReportId" : "PSL",
        "ReportLangu" : "1",
        "Creator" : "S0000315119",
        "CreatorName" : "",
        "CreatorKunnr" : "0000203069",
        "CreatedAt" : "11.06.2015 02:54:43",
        "Status" : "2",
        "ScmKey" : "002006825000000009212015",
        "RepGuKunnr" : "0000203069",
        "RepKunnr" : "0000203069",
        "Installation" : "",
        "TargetEmail" : "guelay.gashi@sap.com",
        "RemoveChapter" : "PI500=R PI510=R PI511=R PI512=R PI520=R PI521=R PI523=R PI900=R PI910=R PI920=R PI930=R PIA00=R PIA10=R",
        "ReportType" : "PSLE",
        "ReportName" : "SAP PSLE Report (Based on Data in SAP's Support Systems)",
        "CustomerName" : "(0000203069)Test value contracts OSS corp.  function",
        "LanguageName" : "Chinese",
        "StatusName" : "New",
        "Total_Number" : "       3",
        "Number_New" : "       1",
        "Number_Inprocess" : "        1",
        "Number_Complete" : "       1",
        "CreatedTime" : "20150611025443",
        "Solution_key" : "",
        "Solution_Name" : "",
        "Time_Frame" : ""
      },
      {
        
        "RequestId" : "S000031511920150604060030",
        "ReportId" : "PSL",
        "ReportLangu" : "1",
        "Creator" : "S0000315119",
        "CreatorName" : "",
        "CreatorKunnr" : "0000203069",
        "CreatedAt" : "04.06.2015 06:00:30",
        "Status" : "3",
        "ScmKey" : "002006825000000008842015",
        "RepGuKunnr" : "",
        "RepKunnr" : "0000202418",
        "Installation" : "",
        "TargetEmail" : "guelay.gashi@sap.com",
        "RemoveChapter" : "",
        "ReportType" : "PSLE",
        "ReportName" : "SAP PSLE Report (Based on Data in SAP's Support Systems)",
        "CustomerName" : "(0000202418)International Corp. Test + Demo Customer",
        "LanguageName" : "Chinese",
        "StatusName" : "Complete",
        "Total_Number" : "       3",
        "Number_New" : "       1",
        "Number_Inprocess" : "       1",
        "Number_Complete" : "       1",
        "CreatedTime" : "20150604060030",
        "Solution_key" : "",
        "Solution_Name" : "",
        "Time_Frame" : ""
      },
      {
        
        "RequestId" : "S000031511920161118071353",
        "ReportId" : "CLD",
        "ReportLangu" : "1",
        "Creator" : "S0000315119",
        "CreatorName" : "",
        "CreatorKunnr" : "0000203069",
        "CreatedAt" : "17.08.2016 11:07:11",
        "Status" : "1",
        "ScmKey" : "",
        "RepGuKunnr" : "",
        "RepKunnr" : "0000202420;",
        "Installation" : "",
        "TargetEmail" : "yan.zhitnitsky@sap.com",
        "RemoveChapter" : "PI730=R",
        "ReportType" : "CLD",
        "ReportName" : "SAP Cloud Report Solution: ariba Time Frame: 6 month",
        "CustomerName" : "(0000202420)test cust. #3. OSS corp. funct.",
        "LanguageName" : "Chinese",
        "StatusName" : "New",
        "Total_Number" : "       2",
        "Number_New" : "       1",
        "Number_Inprocess" : "       0",
        "Number_Complete" : "       1",
        "CreatedTime" : "20160817110711",
        "Solution_key" : "",
        "Solution_Name" : "",
        "Time_Frame" : ""
      },
      {
        
        "RequestId" : "S000031511920161117111941",
        "ReportId" : "CLD",
        "ReportLangu" : "D",
        "Creator" : "S0000315119",
        "CreatorName" : "",
        "CreatorKunnr" : "0000203069",
        "CreatedAt" : "26.07.2016 07:28:00",
        "Status" : "3",
        "ScmKey" : "",
        "RepGuKunnr" : "",
        "RepKunnr" : "0000202418;0000202419;",
        "Installation" : "",
        "TargetEmail" : "testprofielchange@sap.com",
        "RemoveChapter" : "",
        "ReportType" : "CLD",
        "ReportName" : "SAP Cloud Report Solution: R3 Time Frame: 9 month",
        "CustomerName" : "(0000202419)SAPNet R/3-Frontend Test customer # LSDE@@(0000202418)International Corp. Test + Demo Customer",
        "LanguageName" : "German",
        "StatusName" : "Complete",
        "Total_Number" : "       2",
        "Number_New" : "       1",
        "Number_Inprocess" : "       0",
        "Number_Complete" : "       1",
        "CreatedTime" : "20160726072800",
        "Solution_key" : "",
        "Solution_Name" : "",
        "Time_Frame" : ""
      },
      {
        "RequestId" : "S000031511920160907114815",
        "ReportId" : "ES1",
        "ReportLangu" : "E",
        "Creator" : "S0000315119",
        "CreatorName" : "",
        "CreatorKunnr" : "0000203069",
        "CreatedAt" : "07.09.2016 11:48:15",
        "Status" : "1",
        "ScmKey" : "",
        "RepGuKunnr" : "",
        "RepKunnr" : "0000202419;0000202420;",
        "Installation" : "",
        "TargetEmail" : "yan.zhitnitsky@sap.com",
        "RemoveChapter" : "",
        "ReportType" : "ES_PSLE",
        "ReportName" : "SAP Enterprise Support Report (short version)",
        "CustomerName" : "(0000202420)test cust. #3. OSS corp. funct.@@(0000202419)SAPNet R/3-Frontend Test customer # LSDE",
        "LanguageName" : "English",
        "StatusName" : "New",
        "Total_Number" : "       9",
        "Number_New" : "       3",
        "Number_Inprocess" : "       3",
        "Number_Complete" : "       3",
        "CreatedTime" : "20160907114815",
        "Solution_key" : "",
        "Solution_Name" : "",
        "Time_Frame" : ""
      },
      {
        "RequestId" : "S000031511920160823065443",
        "ReportId" : "ES1",
        "ReportLangu" : "E",
        "Creator" : "S0000315119",
        "CreatorName" : "",
        "CreatorKunnr" : "0000203069",
        "CreatedAt" : "23.08.2016 06:54:43",
        "Status" : "2",
        "ScmKey" : "",
        "RepGuKunnr" : "",
        "RepKunnr" : "0000202420;",
        "Installation" : "",
        "TargetEmail" : "yan.zhitnitsky@sap.com",
        "RemoveChapter" : "",
        "ReportType" : "ES_PSLE",
        "ReportName" : "SAP Enterprise Support Report (short version)",
        "CustomerName" : "(0000202420)test cust. #3. OSS corp. funct.",
        "LanguageName" : "English",
        "StatusName" : "Inprocess",
        "Total_Number" : "       9",
        "Number_New" : "       3",
        "Number_Inprocess" : "       3",
        "Number_Complete" : "       3",
        "CreatedTime" : "20160823065443",
        "Solution_key" : "",
        "Sollution_Name" : "",
        "Time_Frame" : ""
      },
      {
        
        "RequestId" : "S000031511920160817110711",
        "ReportId" : "ESB",
        "ReportLangu" : "1",
        "Creator" : "S0000315119",
        "CreatorName" : "",
        "CreatorKunnr" : "0000203069",
        "CreatedAt" : "17.08.2016 11:07:11",
        "Status" : "2",
        "ScmKey" : "",
        "RepGuKunnr" : "",
        "RepKunnr" : "0000202420;",
        "Installation" : "",
        "TargetEmail" : "yan.zhitnitsky@sap.com",
        "RemoveChapter" : "PI730=R",
        "ReportType" : "ES_PSLE",
        "ReportName" : "SAP Enterprise Support BO Report (short version)",
        "CustomerName" : "(0000202420)test cust. #3. OSS corp. funct.",
        "LanguageName" : "Chinese",
        "StatusName" : "Inprocess",
        "Total_Number" : "       9",
        "Number_New" : "       3",
        "Number_Inprocess" : "       3",
        "Number_Complete" : "       3",
        "CreatedTime" : "20160817110711",
        "Solution_key" : "",
        "Solution_Name" : "",
        "Time_Frame" : ""
      },
      {
        
        "RequestId" : "S000031511920160726072800",
        "ReportId" : "ESB",
        "ReportLangu" : "D",
        "Creator" : "S0000315119",
        "CreatorName" : "",
        "CreatorKunnr" : "0000203069",
        "CreatedAt" : "26.07.2016 07:28:00",
        "Status" : "3",
        "ScmKey" : "",
        "RepGuKunnr" : "",
        "RepKunnr" : "0000202418;0000202419;",
        "Installation" : "",
        "TargetEmail" : "testprofielchange@sap.com",
        "RemoveChapter" : "",
        "ReportType" : "ES_PSLE",
        "ReportName" : "SAP Enterprise Support BO Report (short version)",
        "CustomerName" : "(0000202419)SAPNet R/3-Frontend Test customer # LSDE@@(0000202418)International Corp. Test + Demo Customer",
        "LanguageName" : "German",
        "StatusName" : "Complete",
        "Total_Number" : "       9",
        "Number_New" : "       3",
        "Number_Inprocess" : "       3",
        "Number_Complete" : "       3",
        "CreatedTime" : "20160726072800",
        "Solution_key" : "",
        "Solution_Name" : "",
        "Time_Frame" : ""
      },
      
      {
        
        "RequestId" : "S000031511920160113085340",
        "ReportId" : "PSL",
        "ReportLangu" : "E",
        "Creator" : "S0000315119",
        "CreatorName" : "",
        "CreatorKunnr" : "0000203069",
        "CreatedAt" : "13.01.2016 08:53:40",
        "Status" : "1",
        "ScmKey" : "",
        "RepGuKunnr" : "",
        "RepKunnr" : "0000202418;",
        "Installation" : "",
        "TargetEmail" : "guelay.gashi@sap.com",
        "RemoveChapter" : "",
        "ReportType" : "ES_PSLE",
        "ReportName" : "SAP PSLE Report (Based on Data in SAP's Support Systems)",
        "CustomerName" : "(0000202418)International Corp. Test + Demo Customer",
        "LanguageName" : "English",
        "StatusName" : "New",
        "Total_Number" : "       9",
        "Number_New" : "       3",
        "Number_Inprocess" : "        3",
        "Number_Complete" : "       3",
        "CreatedTime" : "20160113085340",
        "Solution_key" : "",
        "Solution_Name" : "",
        "Time_Frame" : ""
      },
      {
        
        "RequestId" : "S000031511920150611025443",
        "ReportId" : "PSL",
        "ReportLangu" : "1",
        "Creator" : "S0000315119",
        "CreatorName" : "",
        "CreatorKunnr" : "0000203069",
        "CreatedAt" : "11.06.2015 02:54:43",
        "Status" : "2",
        "ScmKey" : "002006825000000009212015",
        "RepGuKunnr" : "0000203069",
        "RepKunnr" : "0000203069",
        "Installation" : "",
        "TargetEmail" : "guelay.gashi@sap.com",
        "RemoveChapter" : "PI500=R PI510=R PI511=R PI512=R PI520=R PI521=R PI523=R PI900=R PI910=R PI920=R PI930=R PIA00=R PIA10=R",
        "ReportType" : "ES_PSLE",
        "ReportName" : "SAP PSLE Report (Based on Data in SAP's Support Systems)",
        "CustomerName" : "(0000203069)Test value contracts OSS corp.  function",
        "LanguageName" : "Chinese",
        "StatusName" : "New",
        "Total_Number" : "       9",
        "Number_New" : "       3",
        "Number_Inprocess" : "        3",
        "Number_Complete" : "       3",
        "CreatedTime" : "20150611025443",
        "Solution_key" : "",
        "Solution_Name" : "",
        "Time_Frame" : ""
      },
      {
        
        "RequestId" : "S000031511920150604060030",
        "ReportId" : "PSL",
        "ReportLangu" : "1",
        "Creator" : "S0000315119",
        "CreatorName" : "",
        "CreatorKunnr" : "0000203069",
        "CreatedAt" : "04.06.2015 06:00:30",
        "Status" : "3",
        "ScmKey" : "002006825000000008842015",
        "RepGuKunnr" : "",
        "RepKunnr" : "0000202418",
        "Installation" : "",
        "TargetEmail" : "guelay.gashi@sap.com",
        "RemoveChapter" : "",
        "ReportType" : "ES_PSLE",
        "ReportName" : "SAP PSLE Report (Based on Data in SAP's Support Systems)",
        "CustomerName" : "(0000202418)International Corp. Test + Demo Customer",
        "LanguageName" : "Chinese",
        "StatusName" : "Complete",
        "Total_Number" : "       9",
        "Number_New" : "       3",
        "Number_Inprocess" : "       3",
        "Number_Complete" : "       3",
        "CreatedTime" : "20150604060030",
        "Solution_key" : "",
        "Solution_Name" : "",
        "Time_Frame" : ""
      },
      
      {
        "RequestId" : "S000031511920160907114815",
        "ReportId" : "ES1",
        "ReportLangu" : "E",
        "Creator" : "S0000315119",
        "CreatorName" : "",
        "CreatorKunnr" : "0000203069",
        "CreatedAt" : "07.09.2016 11:48:15",
        "Status" : "1",
        "ScmKey" : "",
        "RepGuKunnr" : "",
        "RepKunnr" : "0000202419;0000202420;",
        "Installation" : "",
        "TargetEmail" : "yan.zhitnitsky@sap.com",
        "RemoveChapter" : "",
        "ReportType" : "ALL",
        "ReportName" : "SAP Enterprise Support Report (short version)",
        "CustomerName" : "(0000202420)test cust. #3. OSS corp. funct.@@(0000202419)SAPNet R/3-Frontend Test customer # LSDE",
        "LanguageName" : "English",
        "StatusName" : "New",
        "Total_Number" : "       9",
        "Number_New" : "       3",
        "Number_Inprocess" : "       3",
        "Number_Complete" : "       3",
        "CreatedTime" : "20160907114815",
        "Solution_key" : "",
        "Solution_Name" : "",
        "Time_Frame" : ""
      },
      {
        "RequestId" : "S000031511920160823065443",
        "ReportId" : "ES1",
        "ReportLangu" : "E",
        "Creator" : "S0000315119",
        "CreatorName" : "",
        "CreatorKunnr" : "0000203069",
        "CreatedAt" : "23.08.2016 06:54:43",
        "Status" : "2",
        "ScmKey" : "",
        "RepGuKunnr" : "",
        "RepKunnr" : "0000202420;",
        "Installation" : "",
        "TargetEmail" : "yan.zhitnitsky@sap.com",
        "RemoveChapter" : "",
        "ReportType" : "ALL",
        "ReportName" : "SAP Enterprise Support Report (short version)",
        "CustomerName" : "(0000202420)test cust. #3. OSS corp. funct.",
        "LanguageName" : "English",
        "StatusName" : "Inprocess",
        "Total_Number" : "       9",
        "Number_New" : "       3",
        "Number_Inprocess" : "       3",
        "Number_Complete" : "       3",
        "CreatedTime" : "20160823065443",
        "Solution_key" : "",
        "Sollution_Name" : "",
        "Time_Frame" : ""
      },
      {
        
        "RequestId" : "S000031511920160817110711",
        "ReportId" : "ESB",
        "ReportLangu" : "1",
        "Creator" : "S0000315119",
        "CreatorName" : "",
        "CreatorKunnr" : "0000203069",
        "CreatedAt" : "17.08.2016 11:07:11",
        "Status" : "2",
        "ScmKey" : "",
        "RepGuKunnr" : "",
        "RepKunnr" : "0000202420;",
        "Installation" : "",
        "TargetEmail" : "yan.zhitnitsky@sap.com",
        "RemoveChapter" : "PI730=R",
        "ReportType" : "ALL",
        "ReportName" : "SAP Enterprise Support BO Report (short version)",
        "CustomerName" : "(0000202420)test cust. #3. OSS corp. funct.",
        "LanguageName" : "Chinese",
        "StatusName" : "Inprocess",
        "Total_Number" : "       9",
        "Number_New" : "       3",
        "Number_Inprocess" : "       3",
        "Number_Complete" : "       3",
        "CreatedTime" : "20160817110711",
        "Solution_key" : "",
        "Solution_Name" : "",
        "Time_Frame" : ""
      },
      {
        
        "RequestId" : "S000031511920160726072800",
        "ReportId" : "ESB",
        "ReportLangu" : "D",
        "Creator" : "S0000315119",
        "CreatorName" : "",
        "CreatorKunnr" : "0000203069",
        "CreatedAt" : "26.07.2016 07:28:00",
        "Status" : "3",
        "ScmKey" : "",
        "RepGuKunnr" : "",
        "RepKunnr" : "0000202418;0000202419;",
        "Installation" : "",
        "TargetEmail" : "testprofielchange@sap.com",
        "RemoveChapter" : "",
        "ReportType" : "ALL",
        "ReportName" : "SAP Enterprise Support BO Report (short version)",
        "CustomerName" : "(0000202419)SAPNet R/3-Frontend Test customer # LSDE@@(0000202418)International Corp. Test + Demo Customer",
        "LanguageName" : "German",
        "StatusName" : "Complete",
        "Total_Number" : "       9",
        "Number_New" : "       3",
        "Number_Inprocess" : "       3",
        "Number_Complete" : "       3",
        "CreatedTime" : "20160726072800",
        "Solution_key" : "",
        "Solution_Name" : "",
        "Time_Frame" : ""
      },
      
      {
        
        "RequestId" : "S000031511920160113085340",
        "ReportId" : "PSL",
        "ReportLangu" : "E",
        "Creator" : "S0000315119",
        "CreatorName" : "",
        "CreatorKunnr" : "0000203069",
        "CreatedAt" : "13.01.2016 08:53:40",
        "Status" : "1",
        "ScmKey" : "",
        "RepGuKunnr" : "",
        "RepKunnr" : "0000202418;",
        "Installation" : "",
        "TargetEmail" : "guelay.gashi@sap.com",
        "RemoveChapter" : "",
        "ReportType" : "ALL",
        "ReportName" : "SAP PSLE Report (Based on Data in SAP's Support Systems)",
        "CustomerName" : "(0000202418)International Corp. Test + Demo Customer",
        "LanguageName" : "English",
        "StatusName" : "New",
        "Total_Number" : "       9",
        "Number_New" : "       3",
        "Number_Inprocess" : "        3",
        "Number_Complete" : "       3",
        "CreatedTime" : "20160113085340",
        "Solution_key" : "",
        "Solution_Name" : "",
        "Time_Frame" : ""
      },
      {
        
        "RequestId" : "S000031511920150611025443",
        "ReportId" : "PSL",
        "ReportLangu" : "1",
        "Creator" : "S0000315119",
        "CreatorName" : "",
        "CreatorKunnr" : "0000203069",
        "CreatedAt" : "11.06.2015 02:54:43",
        "Status" : "2",
        "ScmKey" : "002006825000000009212015",
        "RepGuKunnr" : "0000203069",
        "RepKunnr" : "0000203069",
        "Installation" : "",
        "TargetEmail" : "guelay.gashi@sap.com",
        "RemoveChapter" : "PI500=R PI510=R PI511=R PI512=R PI520=R PI521=R PI523=R PI900=R PI910=R PI920=R PI930=R PIA00=R PIA10=R",
        "ReportType" : "ALL",
        "ReportName" : "SAP PSLE Report (Based on Data in SAP's Support Systems)",
        "CustomerName" : "(0000203069)Test value contracts OSS corp.  function",
        "LanguageName" : "Chinese",
        "StatusName" : "New",
        "Total_Number" : "       9",
        "Number_New" : "       3",
        "Number_Inprocess" : "        3",
        "Number_Complete" : "       3",
        "CreatedTime" : "20150611025443",
        "Solution_key" : "",
        "Solution_Name" : "",
        "Time_Frame" : ""
      },
      {
        
        "RequestId" : "S000031511920150604060030",
        "ReportId" : "PSL",
        "ReportLangu" : "1",
        "Creator" : "S0000315119",
        "CreatorName" : "",
        "CreatorKunnr" : "0000203069",
        "CreatedAt" : "04.06.2015 06:00:30",
        "Status" : "3",
        "ScmKey" : "002006825000000008842015",
        "RepGuKunnr" : "",
        "RepKunnr" : "0000202418",
        "Installation" : "",
        "TargetEmail" : "guelay.gashi@sap.com",
        "RemoveChapter" : "",
        "ReportType" : "ALL",
        "ReportName" : "SAP PSLE Report (Based on Data in SAP's Support Systems)",
        "CustomerName" : "(0000202418)International Corp. Test + Demo Customer",
        "LanguageName" : "Chinese",
        "StatusName" : "Complete",
        "Total_Number" : "       9",
        "Number_New" : "       3",
        "Number_Inprocess" : "       3",
        "Number_Complete" : "       3",
        "CreatedTime" : "20150604060030",
        "Solution_key" : "",
        "Solution_Name" : "",
        "Time_Frame" : ""
      },
      {
        
        "RequestId" : "S000031511920161118071353",
        "ReportId" : "CLD",
        "ReportLangu" : "1",
        "Creator" : "S0000315119",
        "CreatorName" : "",
        "CreatorKunnr" : "0000203069",
        "CreatedAt" : "17.08.2016 11:07:11",
        "Status" : "1",
        "ScmKey" : "",
        "RepGuKunnr" : "",
        "RepKunnr" : "0000202420;",
        "Installation" : "",
        "TargetEmail" : "yan.zhitnitsky@sap.com",
        "RemoveChapter" : "PI730=R",
        "ReportType" : "ALL",
        "ReportName" : "SAP Cloud Report Solution: ariba Time Frame: 6 month",
        "CustomerName" : "(0000202420)test cust. #3. OSS corp. funct.",
        "LanguageName" : "Chinese",
        "StatusName" : "New",
        "Total_Number" : "       9",
        "Number_New" : "       3",
        "Number_Inprocess" : "       3",
        "Number_Complete" : "       3",
        "CreatedTime" : "20160817110711",
    	"Solution_key" : "R3",
        "Solution_Name" : "",
        "Time_Frame" : "9 month"
      },
      {
        
        "RequestId" : "S000031511920161117111941",
        "ReportId" : "CLD",
        "ReportLangu" : "D",
        "Creator" : "S0000315119",
        "CreatorName" : "",
        "CreatorKunnr" : "0000203069",
        "CreatedAt" : "26.07.2016 07:28:00",
        "Status" : "3",
        "ScmKey" : "",
        "RepGuKunnr" : "",
        "RepKunnr" : "0000202418;0000202419;",
        "Installation" : "",
        "TargetEmail" : "testprofielchange@sap.com",
        "RemoveChapter" : "",
        "ReportType" : "ALL",
        "ReportName" : "SAP Cloud Report Solution: R3 Time Frame: 9 month",
        "CustomerName" : "(0000202419)SAPNet R/3-Frontend Test customer # LSDE@@(0000202418)International Corp. Test + Demo Customer",
        "LanguageName" : "German",
        "StatusName" : "Complete",
        "Total_Number" : "       9",
        "Number_New" : "       3",
        "Number_Inprocess" : "       3",
        "Number_Complete" : "       3",
        "CreatedTime" : "20160726072800",
        "Solution_key" : "ariba",
        "Solution_Name" : "",
        "Time_Frame" : "6 month"
      }
      
      
]