[
      {
        "__metadata" : {
          "id" : "http://spwdfvm2306.wdf.sap.corp:1080/sap/opu/odata/SVT/ESR_SRV/LanguageSet(ReportId='ES1',ReportLangu='E')",
          "uri" : "http://spwdfvm2306.wdf.sap.corp:1080/sap/opu/odata/SVT/ESR_SRV/LanguageSet(ReportId='ES1',ReportLangu='E')",
          "type" : "/SVT/ESR_SRV.Language"
        },
        "ReportId" : "ES1",
        "ReportLangu" : "E",
        "Langu_key" : "E",
        "Langu_name" : "English"
      },
      {
        "__metadata" : {
          "id" : "http://spwdfvm2306.wdf.sap.corp:1080/sap/opu/odata/SVT/ESR_SRV/LanguageSet(ReportId='ES1',ReportLangu='E')",
          "uri" : "http://spwdfvm2306.wdf.sap.corp:1080/sap/opu/odata/SVT/ESR_SRV/LanguageSet(ReportId='ES1',ReportLangu='E')",
          "type" : "/SVT/ESR_SRV.Language"
        },
        "ReportId" : "ES1",
        "ReportLangu" : "E",
        "Langu_key" : "D",
        "Langu_name" : "German"
      },
      {
        "__metadata" : {
          "id" : "http://spwdfvm2306.wdf.sap.corp:1080/sap/opu/odata/SVT/ESR_SRV/LanguageSet(ReportId='ES1',ReportLangu='E')",
          "uri" : "http://spwdfvm2306.wdf.sap.corp:1080/sap/opu/odata/SVT/ESR_SRV/LanguageSet(ReportId='ES1',ReportLangu='E')",
          "type" : "/SVT/ESR_SRV.Language"
        },
        "ReportId" : "ES1",
        "ReportLangu" : "E",
        "Langu_key" : "F",
        "Langu_name" : "French"
      },
      {
        "__metadata" : {
          "id" : "http://spwdfvm2306.wdf.sap.corp:1080/sap/opu/odata/SVT/ESR_SRV/LanguageSet(ReportId='ES1',ReportLangu='E')",
          "uri" : "http://spwdfvm2306.wdf.sap.corp:1080/sap/opu/odata/SVT/ESR_SRV/LanguageSet(ReportId='ES1',ReportLangu='E')",
          "type" : "/SVT/ESR_SRV.Language"
        },
        "ReportId" : "ES1",
        "ReportLangu" : "E",
        "Langu_key" : "J",
        "Langu_name" : "Japanese"
      },
      {
        "__metadata" : {
          "id" : "http://spwdfvm2306.wdf.sap.corp:1080/sap/opu/odata/SVT/ESR_SRV/LanguageSet(ReportId='ES1',ReportLangu='E')",
          "uri" : "http://spwdfvm2306.wdf.sap.corp:1080/sap/opu/odata/SVT/ESR_SRV/LanguageSet(ReportId='ES1',ReportLangu='E')",
          "type" : "/SVT/ESR_SRV.Language"
        },
        "ReportId" : "ES1",
        "ReportLangu" : "E",
        "Langu_key" : "3",
        "Langu_name" : "Korean"
      },
      {
        "__metadata" : {
          "id" : "http://spwdfvm2306.wdf.sap.corp:1080/sap/opu/odata/SVT/ESR_SRV/LanguageSet(ReportId='ES1',ReportLangu='E')",
          "uri" : "http://spwdfvm2306.wdf.sap.corp:1080/sap/opu/odata/SVT/ESR_SRV/LanguageSet(ReportId='ES1',ReportLangu='E')",
          "type" : "/SVT/ESR_SRV.Language"
        },
        "ReportId" : "ES1",
        "ReportLangu" : "E",
        "Langu_key" : "1",
        "Langu_name" : "Chinese"
      },
      {
        "__metadata" : {
          "id" : "http://spwdfvm2306.wdf.sap.corp:1080/sap/opu/odata/SVT/ESR_SRV/LanguageSet(ReportId='ES1',ReportLangu='E')",
          "uri" : "http://spwdfvm2306.wdf.sap.corp:1080/sap/opu/odata/SVT/ESR_SRV/LanguageSet(ReportId='ES1',ReportLangu='E')",
          "type" : "/SVT/ESR_SRV.Language"
        },
        "ReportId" : "ES1",
        "ReportLangu" : "E",
        "Langu_key" : "I",
        "Langu_name" : "Italian"
      },
      {
        "__metadata" : {
          "id" : "http://spwdfvm2306.wdf.sap.corp:1080/sap/opu/odata/SVT/ESR_SRV/LanguageSet(ReportId='ES1',ReportLangu='E')",
          "uri" : "http://spwdfvm2306.wdf.sap.corp:1080/sap/opu/odata/SVT/ESR_SRV/LanguageSet(ReportId='ES1',ReportLangu='E')",
          "type" : "/SVT/ESR_SRV.Language"
        },
        "ReportId" : "ES1",
        "ReportLangu" : "E",
        "Langu_key" : "M",
        "Langu_name" : "Chinese trad."
      },
      {
        "__metadata" : {
          "id" : "http://spwdfvm2306.wdf.sap.corp:1080/sap/opu/odata/SVT/ESR_SRV/LanguageSet(ReportId='ES1',ReportLangu='E')",
          "uri" : "http://spwdfvm2306.wdf.sap.corp:1080/sap/opu/odata/SVT/ESR_SRV/LanguageSet(ReportId='ES1',ReportLangu='E')",
          "type" : "/SVT/ESR_SRV.Language"
        },
        "ReportId" : "ES1",
        "ReportLangu" : "E",
        "Langu_key" : "P",
        "Langu_name" : "Portuguese"
      },
      {
        "__metadata" : {
          "id" : "http://spwdfvm2306.wdf.sap.corp:1080/sap/opu/odata/SVT/ESR_SRV/LanguageSet(ReportId='ES1',ReportLangu='E')",
          "uri" : "http://spwdfvm2306.wdf.sap.corp:1080/sap/opu/odata/SVT/ESR_SRV/LanguageSet(ReportId='ES1',ReportLangu='E')",
          "type" : "/SVT/ESR_SRV.Language"
        },
        "ReportId" : "ES1",
        "ReportLangu" : "E",
        "Langu_key" : "R",
        "Langu_name" : "Russian"
      },
      {
        "__metadata" : {
          "id" : "http://spwdfvm2306.wdf.sap.corp:1080/sap/opu/odata/SVT/ESR_SRV/LanguageSet(ReportId='ES1',ReportLangu='E')",
          "uri" : "http://spwdfvm2306.wdf.sap.corp:1080/sap/opu/odata/SVT/ESR_SRV/LanguageSet(ReportId='ES1',ReportLangu='E')",
          "type" : "/SVT/ESR_SRV.Language"
        },
        "ReportId" : "ES1",
        "ReportLangu" : "E",
        "Langu_key" : "S",
        "Langu_name" : "Spanish"
      },
      {
        "__metadata" : {
          "id" : "http://spwdfvm2306.wdf.sap.corp:1080/sap/opu/odata/SVT/ESR_SRV/LanguageSet(ReportId='ESB',ReportLangu='E')",
          "uri" : "http://spwdfvm2306.wdf.sap.corp:1080/sap/opu/odata/SVT/ESR_SRV/LanguageSet(ReportId='ESB',ReportLangu='E')",
          "type" : "/SVT/ESR_SRV.Language"
        },
        "ReportId" : "ESB",
        "ReportLangu" : "E",
        "Langu_key" : "E",
        "Langu_name" : "English"
      },
      {
        "__metadata" : {
          "id" : "http://spwdfvm2306.wdf.sap.corp:1080/sap/opu/odata/SVT/ESR_SRV/LanguageSet(ReportId='ESB',ReportLangu='E')",
          "uri" : "http://spwdfvm2306.wdf.sap.corp:1080/sap/opu/odata/SVT/ESR_SRV/LanguageSet(ReportId='ESB',ReportLangu='E')",
          "type" : "/SVT/ESR_SRV.Language"
        },
        "ReportId" : "ESB",
        "ReportLangu" : "E",
        "Langu_key" : "D",
        "Langu_name" : "German"
      },
      {
        "__metadata" : {
          "id" : "http://spwdfvm2306.wdf.sap.corp:1080/sap/opu/odata/SVT/ESR_SRV/LanguageSet(ReportId='ESB',ReportLangu='E')",
          "uri" : "http://spwdfvm2306.wdf.sap.corp:1080/sap/opu/odata/SVT/ESR_SRV/LanguageSet(ReportId='ESB',ReportLangu='E')",
          "type" : "/SVT/ESR_SRV.Language"
        },
        "ReportId" : "ESB",
        "ReportLangu" : "E",
        "Langu_key" : "F",
        "Langu_name" : "French"
      },
      {
        "__metadata" : {
          "id" : "http://spwdfvm2306.wdf.sap.corp:1080/sap/opu/odata/SVT/ESR_SRV/LanguageSet(ReportId='ESB',ReportLangu='E')",
          "uri" : "http://spwdfvm2306.wdf.sap.corp:1080/sap/opu/odata/SVT/ESR_SRV/LanguageSet(ReportId='ESB',ReportLangu='E')",
          "type" : "/SVT/ESR_SRV.Language"
        },
        "ReportId" : "ESB",
        "ReportLangu" : "E",
        "Langu_key" : "J",
        "Langu_name" : "Japanese"
      },
      {
        "__metadata" : {
          "id" : "http://spwdfvm2306.wdf.sap.corp:1080/sap/opu/odata/SVT/ESR_SRV/LanguageSet(ReportId='ESB',ReportLangu='E')",
          "uri" : "http://spwdfvm2306.wdf.sap.corp:1080/sap/opu/odata/SVT/ESR_SRV/LanguageSet(ReportId='ESB',ReportLangu='E')",
          "type" : "/SVT/ESR_SRV.Language"
        },
        "ReportId" : "ESB",
        "ReportLangu" : "E",
        "Langu_key" : "3",
        "Langu_name" : "Korean"
      },
      {
        "__metadata" : {
          "id" : "http://spwdfvm2306.wdf.sap.corp:1080/sap/opu/odata/SVT/ESR_SRV/LanguageSet(ReportId='ESB',ReportLangu='E')",
          "uri" : "http://spwdfvm2306.wdf.sap.corp:1080/sap/opu/odata/SVT/ESR_SRV/LanguageSet(ReportId='ESB',ReportLangu='E')",
          "type" : "/SVT/ESR_SRV.Language"
        },
        "ReportId" : "ESB",
        "ReportLangu" : "E",
        "Langu_key" : "1",
        "Langu_name" : "Chinese"
      },
      {
        "__metadata" : {
          "id" : "http://spwdfvm2306.wdf.sap.corp:1080/sap/opu/odata/SVT/ESR_SRV/LanguageSet(ReportId='ESB',ReportLangu='E')",
          "uri" : "http://spwdfvm2306.wdf.sap.corp:1080/sap/opu/odata/SVT/ESR_SRV/LanguageSet(ReportId='ESB',ReportLangu='E')",
          "type" : "/SVT/ESR_SRV.Language"
        },
        "ReportId" : "ESB",
        "ReportLangu" : "E",
        "Langu_key" : "I",
        "Langu_name" : "Italian"
      },
      {
        "__metadata" : {
          "id" : "http://spwdfvm2306.wdf.sap.corp:1080/sap/opu/odata/SVT/ESR_SRV/LanguageSet(ReportId='ESB',ReportLangu='E')",
          "uri" : "http://spwdfvm2306.wdf.sap.corp:1080/sap/opu/odata/SVT/ESR_SRV/LanguageSet(ReportId='ESB',ReportLangu='E')",
          "type" : "/SVT/ESR_SRV.Language"
        },
        "ReportId" : "ESB",
        "ReportLangu" : "E",
        "Langu_key" : "M",
        "Langu_name" : "Chinese trad."
      },
      {
        "__metadata" : {
          "id" : "http://spwdfvm2306.wdf.sap.corp:1080/sap/opu/odata/SVT/ESR_SRV/LanguageSet(ReportId='ESB',ReportLangu='E')",
          "uri" : "http://spwdfvm2306.wdf.sap.corp:1080/sap/opu/odata/SVT/ESR_SRV/LanguageSet(ReportId='ESB',ReportLangu='E')",
          "type" : "/SVT/ESR_SRV.Language"
        },
        "ReportId" : "ESB",
        "ReportLangu" : "E",
        "Langu_key" : "P",
        "Langu_name" : "Portuguese"
      },
      {
        "__metadata" : {
          "id" : "http://spwdfvm2306.wdf.sap.corp:1080/sap/opu/odata/SVT/ESR_SRV/LanguageSet(ReportId='ESB',ReportLangu='E')",
          "uri" : "http://spwdfvm2306.wdf.sap.corp:1080/sap/opu/odata/SVT/ESR_SRV/LanguageSet(ReportId='ESB',ReportLangu='E')",
          "type" : "/SVT/ESR_SRV.Language"
        },
        "ReportId" : "ESB",
        "ReportLangu" : "E",
        "Langu_key" : "R",
        "Langu_name" : "Russian"
      },
      {
        "__metadata" : {
          "id" : "http://spwdfvm2306.wdf.sap.corp:1080/sap/opu/odata/SVT/ESR_SRV/LanguageSet(ReportId='ESB',ReportLangu='E')",
          "uri" : "http://spwdfvm2306.wdf.sap.corp:1080/sap/opu/odata/SVT/ESR_SRV/LanguageSet(ReportId='ESB',ReportLangu='E')",
          "type" : "/SVT/ESR_SRV.Language"
        },
        "ReportId" : "ESB",
        "ReportLangu" : "E",
        "Langu_key" : "S",
        "Langu_name" : "Spanish"
      },
      {
        "__metadata" : {
          "id" : "http://spwdfvm2306.wdf.sap.corp:1080/sap/opu/odata/SVT/ESR_SRV/LanguageSet(ReportId='PSL',ReportLangu='E')",
          "uri" : "http://spwdfvm2306.wdf.sap.corp:1080/sap/opu/odata/SVT/ESR_SRV/LanguageSet(ReportId='PSL',ReportLangu='E')",
          "type" : "/SVT/ESR_SRV.Language"
        },
        "ReportId" : "PSL",
        "ReportLangu" : "E",
        "Langu_key" : "E",
        "Langu_name" : "English"
      },
      {
        "__metadata" : {
          "id" : "http://spwdfvm2306.wdf.sap.corp:1080/sap/opu/odata/SVT/ESR_SRV/LanguageSet(ReportId='PSL',ReportLangu='E')",
          "uri" : "http://spwdfvm2306.wdf.sap.corp:1080/sap/opu/odata/SVT/ESR_SRV/LanguageSet(ReportId='PSL',ReportLangu='E')",
          "type" : "/SVT/ESR_SRV.Language"
        },
        "ReportId" : "PSL",
        "ReportLangu" : "E",
        "Langu_key" : "D",
        "Langu_name" : "German"
      },
      {
        "__metadata" : {
          "id" : "http://spwdfvm2306.wdf.sap.corp:1080/sap/opu/odata/SVT/ESR_SRV/LanguageSet(ReportId='PSL',ReportLangu='E')",
          "uri" : "http://spwdfvm2306.wdf.sap.corp:1080/sap/opu/odata/SVT/ESR_SRV/LanguageSet(ReportId='PSL',ReportLangu='E')",
          "type" : "/SVT/ESR_SRV.Language"
        },
        "ReportId" : "PSL",
        "ReportLangu" : "E",
        "Langu_key" : "1",
        "Langu_name" : "Chinese"
      },
      {
        "__metadata" : {
          "id" : "http://spwdfvm2306.wdf.sap.corp:1080/sap/opu/odata/SVT/ESR_SRV/LanguageSet(ReportId='PSL',ReportLangu='E')",
          "uri" : "http://spwdfvm2306.wdf.sap.corp:1080/sap/opu/odata/SVT/ESR_SRV/LanguageSet(ReportId='PSL',ReportLangu='E')",
          "type" : "/SVT/ESR_SRV.Language"
        },
        "ReportId" : "PSL",
        "ReportLangu" : "E",
        "Langu_key" : "M",
        "Langu_name" : "Chinese trad."
      },
      {
        "__metadata" : {
          "id" : "http://spwdfvm2306.wdf.sap.corp:1080/sap/opu/odata/SVT/ESR_SRV/LanguageSet(ReportId='PSL',ReportLangu='E')",
          "uri" : "http://spwdfvm2306.wdf.sap.corp:1080/sap/opu/odata/SVT/ESR_SRV/LanguageSet(ReportId='PSL',ReportLangu='E')",
          "type" : "/SVT/ESR_SRV.Language"
        },
        "ReportId" : "PSL",
        "ReportLangu" : "E",
        "Langu_key" : "R",
        "Langu_name" : "Russian"
      }
    ]