[
	{
    "__metadata" : {
      "id" : "http://spwdfvm2306.wdf.sap.corp:1080/sap/opu/odata/SVT/ESR_SRV/ReportSet(ReportId='ES1',ReportLangu='E')",
      "uri" : "http://spwdfvm2306.wdf.sap.corp:1080/sap/opu/odata/SVT/ESR_SRV/ReportSet(ReportId='ES1',ReportLangu='E')",
      "type" : "/SVT/ESR_SRV.Report"
    },
    "ReportId" : "ES1",
    "ReportName" : "SAP Enterprise Support Report (short version)",
    "ReportLangu" : "E",
    "ChapterSet" : {
      "__deferred" : {
        "uri" : "http://spwdfvm2306.wdf.sap.corp:1080/sap/opu/odata/SVT/ESR_SRV/ReportSet(ReportId='ES1',ReportLangu='E')/ChapterSet"
      }
    },
    "LanguageSet" : {
      "__deferred" : {
        "uri" : "http://spwdfvm2306.wdf.sap.corp:1080/sap/opu/odata/SVT/ESR_SRV/ReportSet(ReportId='ES1',ReportLangu='E')/LanguageSet"
      }
    }
  },
  {
    "__metadata" : {
      "id" : "http://spwdfvm2306.wdf.sap.corp:1080/sap/opu/odata/SVT/ESR_SRV/ReportSet(ReportId='ESB',ReportLangu='E')",
      "uri" : "http://spwdfvm2306.wdf.sap.corp:1080/sap/opu/odata/SVT/ESR_SRV/ReportSet(ReportId='ESB',ReportLangu='E')",
      "type" : "/SVT/ESR_SRV.Report"
    },
    "ReportId" : "ESB",
    "ReportName" : "SAP Enterprise Support BO Report (short version)",
    "ReportLangu" : "E",
    "ChapterSet" : {
      "__deferred" : {
        "uri" : "http://spwdfvm2306.wdf.sap.corp:1080/sap/opu/odata/SVT/ESR_SRV/ReportSet(ReportId='ESB',ReportLangu='E')/ChapterSet"
      }
    },
    "LanguageSet" : {
      "__deferred" : {
        "uri" : "http://spwdfvm2306.wdf.sap.corp:1080/sap/opu/odata/SVT/ESR_SRV/ReportSet(ReportId='ESB',ReportLangu='E')/LanguageSet"
      }
    }
  },
  {
    "__metadata" : {
      "id" : "http://spwdfvm2306.wdf.sap.corp:1080/sap/opu/odata/SVT/ESR_SRV/ReportSet(ReportId='PSL',ReportLangu='E')",
      "uri" : "http://spwdfvm2306.wdf.sap.corp:1080/sap/opu/odata/SVT/ESR_SRV/ReportSet(ReportId='PSL',ReportLangu='E')",
      "type" : "/SVT/ESR_SRV.Report"
    },
    "ReportId" : "PSL",
    "ReportName" : "SAP PSLE Report (Based on Data in SAP's Support Systems)",
    "ReportLangu" : "E",
    "ChapterSet" : {
      "__deferred" : {
        "uri" : "http://spwdfvm2306.wdf.sap.corp:1080/sap/opu/odata/SVT/ESR_SRV/ReportSet(ReportId='PSL',ReportLangu='E')/ChapterSet"
      }
    },
    "LanguageSet" : {
      "__deferred" : {
        "uri" : "http://spwdfvm2306.wdf.sap.corp:1080/sap/opu/odata/SVT/ESR_SRV/ReportSet(ReportId='PSL',ReportLangu='E')/LanguageSet"
      }
    }
  }
]