[
  {
	    "__metadata" : {
	      "id" : "http://spwdfvm2305.wdf.sap.corp:1080/sap/opu/odata/SVT/ESR_SRV/UserDataSet('ES')",
	      "uri" : "http://spwdfvm2305.wdf.sap.corp:1080/sap/opu/odata/SVT/ESR_SRV/UserDataSet('ES')",
	      "type" : "/SVT/ESR_SRV.UserData"
	    },
	    "UserName" : "Hans AMMER",
	    "UserEmail" : "yan.zhitnitsky@sap.com",
	    "Kunnr" : "0000203069",
	    "DownPopText" : "",
	    "DownBottomText" : "Maintenance activities are performed until 24 Sep. 2016. You are still able to create SAP Support Report requests, but these requests will not be processed during our maintenance activities.                                                                 If you have created requests, you will be notified automatically via email once the service is back again.",
	    "ErrorMsg" : "",
	    "UserID" : "S0000315119",
	    "ReportType" : "ES",
	    "Disable_New_Request" : "",
	    "Substitute" : "",
	    "Inside_User" : "Yes"
	},
	{
	    "__metadata" : {
	      "id" : "http://spwdfvm2305.wdf.sap.corp:1080/sap/opu/odata/SVT/ESR_SRV/UserDataSet('ES')",
	      "uri" : "http://spwdfvm2305.wdf.sap.corp:1080/sap/opu/odata/SVT/ESR_SRV/UserDataSet('ES')",
	      "type" : "/SVT/ESR_SRV.UserData"
	    },
	    "UserName" : "Hans AMMER",
	    "UserEmail" : "yan.zhitnitsky@sap.com",
	    "Kunnr" : "0000203069",
	    "DownPopText" : "",
	    "DownBottomText" : "Maintenance activities are performed until 24 Sep. 2016. You are still able to create SAP Support Report requests, but these requests will not be processed during our maintenance activities.                                                                 If you have created requests, you will be notified automatically via email once the service is back again.",
	    "ErrorMsg" : "",
	    "UserID" : "S0000315119",
	    "ReportType" : "PSLE",
	    "Disable_New_Request" : "",
	    "Substitute" : "",
	    "Inside_User" : "Yes"
	},
	{
	    "__metadata" : {
	      "id" : "http://spwdfvm2305.wdf.sap.corp:1080/sap/opu/odata/SVT/ESR_SRV/UserDataSet('ES')",
	      "uri" : "http://spwdfvm2305.wdf.sap.corp:1080/sap/opu/odata/SVT/ESR_SRV/UserDataSet('ES')",
	      "type" : "/SVT/ESR_SRV.UserData"
	    },
	    "UserName" : "Hans AMMER",
	    "UserEmail" : "yan.zhitnitsky@sap.com",
	    "Kunnr" : "0000203069",
	    "DownPopText" : "",
	    "DownBottomText" : "Maintenance activities are performed until 24 Sep. 2016. You are still able to create SAP Support Report requests, but these requests will not be processed during our maintenance activities.                                                                 If you have created requests, you will be notified automatically via email once the service is back again.",
	    "ErrorMsg" : "",
	    "UserID" : "S0000315119",
	    "ReportType" : "CLD",
	    "Disable_New_Request" : "",
	    "Substitute" : "",
	    "Inside_User" : "Yes"
	}
]