{
  "run": [
    {
      "filePath": "/webapp/mockServer.html",
      "previewMode": 1,
      "dataMode": 1,
      "workspace": "withoutWorkspace",
      "ui5ActiveVersion": null,
      "ui5VerSource": null,
      "isDefaultVersion": 0,
      "urlParameters": [
        {
          "paramName": "",
          "paramValue": ""
        }
      ],
      "hashParameter": "user/management",
      "backendSystem": [],
      "_metadata": {
        "id": 6102598,
        "runnerId": "webapprunner",
        "displayName": "Run mockServer.html",
        "lastRunTimeStamp": 1535539305362
      }
    }
  ]
}