{
	"welcomeFile": "/index.html",
	"sendWelcomeFileRedirect": false,
	"ui5CacheBuster": true,
	"headerWhiteList": ["X-Custom-Header", "X-Another-Header", "x-http-method"],	    
    "routes": [
		{
		   	"path": "/services/odata/i7p",
		   	"target": {
		   		"type": "destination",
				"name": "SMP_NG_WEB"
		   	},
		   	"description": "Gateway to I7P"
		},
		{
			"path": "/services/odata",
			"target": {
				"type": "destination",
				"name": "SMP_NG_WEB",
				"entryPath": "/odata"
			},
			"description": "Gateway to I7P"
		},		
		{
			"path": "/services/xse/i7p",
			"target": {
				"type": "destination",
				"name": "SMP_NG_XS"
			},
			"description": "XS Engine of I7D"
		},
		{
			"path": "/services/xse/bcx",
			"target": {
				"type": "destination",
				"name": "EXT_SBS_XS"
			},
			"description": "XS Engine of BCX"
		},		
        {
           	"path": "/applications",           
           	"target": {
           		"type": "application",
              	"name": "*"
           	},
           	"description": "Forward based on incoming path"
        },
        {
			"path": "/webapp/resources",
			"target": {
				"type": "service",
				"name": "sapui5",
				"entryPath": "/resources",
				"preferLocal": true
			},
			"description": "Web IDE resources"
		},
		{
			"path": "/resources",
			"target": {
				"type": "service",
				"name": "sapui5",
				"entryPath": "/resources",
				"preferLocal": true
			},
			"description": "SAP UI5 Application"
		} ,
		{
		    "path": "/sap/bc/lrep",
		    "target": {
		        "type": "destination",
		        "name": "SMP_NG_LREP"
		    },
		    "description": "Flexibility Services (LREP)"
		}		
    ],    
	"securityConstraints": [
	    {
	        "permission": "AccessApplicationDescriptor",
	        "description": "Access application descriptor file (neo-app.json)",
	        "protectedPaths": [
	            "/neo-app.json"
	        ]
	    },
	    {
	        "permission": "EclipseWorkspaceFiles",
	        "description": "Access to the eclipse workspace files",
	        "protectedPaths": [
	            "/.classpath",".project","/.settings","/src","/build","/webapp/META-INF","/webapp/WEB-INF"
	        ]
	    }
	]
 }