<?xml version="1.0" encoding="utf-8"?>
<edmx:Edmx Version="1.0" 
    xmlns:edmx="http://schemas.microsoft.com/ado/2007/06/edmx" 
    xmlns:m="http://schemas.microsoft.com/ado/2007/08/dataservices/metadata" 
    xmlns:sap="http://www.sap.com/Protocols/SAPData">
    <edmx:DataServices m:DataServiceVersion="2.0">
        <Schema Namespace="SVT.TOOL_SERVICE_SRV" xml:lang="en" sap:schema-version="1" 
            xmlns="http://schemas.microsoft.com/ado/2008/09/edm">
            <EntityType Name="get_rep_base_ship_user" sap:content-version="1">
                <Key>
                    <PropertyRef Name="UserId"/>
                </Key>
                <Property Name="CustName" Type="Edm.String" Nullable="false" MaxLength="35" sap:unicode="false" sap:label="Name" sap:creatable="false" sap:updatable="false" sap:sortable="false" sap:filterable="false"/>
                <Property Name="UserFirstName" Type="Edm.String" Nullable="false" MaxLength="35" sap:unicode="false" sap:label="First Name" sap:creatable="false" sap:updatable="false" sap:sortable="false" sap:filterable="false"/>
                <Property Name="CustNumber" Type="Edm.String" Nullable="false" MaxLength="10" sap:unicode="false" sap:label="Customer" sap:creatable="false" sap:updatable="false" sap:sortable="false" sap:filterable="false"/>
                <Property Name="UserLastName" Type="Edm.String" Nullable="false" MaxLength="35" sap:unicode="false" sap:label="Name" sap:creatable="false" sap:updatable="false" sap:sortable="false" sap:filterable="false"/>
                <Property Name="EMail" Type="Edm.String" Nullable="false" MaxLength="60" sap:unicode="false" sap:label="E-Mail" sap:creatable="false" sap:updatable="false" sap:sortable="false" sap:filterable="false"/>
                <Property Name="UserId" Type="Edm.String" Nullable="false" MaxLength="12" sap:unicode="false" sap:label="Customer" sap:creatable="false" sap:updatable="false" sap:sortable="false" sap:filterable="false"/>
                <Property Name="Flag" Type="Edm.String" Nullable="false" MaxLength="1" sap:unicode="false" sap:label="Indicator" sap:creatable="false" sap:updatable="false" sap:sortable="false" sap:filterable="false"/>
            </EntityType>
            <EntityType Name="get_cust_for_user" sap:content-version="1">
                <Key>
                    <PropertyRef Name="Userid"/>
                </Key>
                <Property Name="CustomerNumber" Type="Edm.String" Nullable="false" MaxLength="10" sap:unicode="false" sap:label="Customer" sap:creatable="false" sap:updatable="false" sap:sortable="false" sap:filterable="false"/>
                <Property Name="Userid" Type="Edm.String" Nullable="false" MaxLength="12" sap:unicode="false" sap:label="User" sap:creatable="false" sap:updatable="false" sap:sortable="false" sap:filterable="false"/>
            </EntityType>
            <EntityType Name="Check_selection" sap:content-version="1">
                <Key>
                    <PropertyRef Name="Kunnr"/>
                    <PropertyRef Name="Userid"/>
                </Key>
                <Property Name="Kunnr" Type="Edm.String" Nullable="false" MaxLength="10" sap:unicode="false" sap:label="Customer" sap:creatable="false" sap:updatable="false" sap:sortable="false" sap:filterable="false"/>
                <Property Name="Userid" Type="Edm.String" Nullable="false" MaxLength="12" sap:unicode="false" sap:label="User Name" sap:creatable="false" sap:updatable="false" sap:sortable="false" sap:filterable="false"/>
                <Property Name="Type" Type="Edm.String" Nullable="false" MaxLength="1" sap:unicode="false" sap:label="Single-Character Flag" sap:creatable="false" sap:updatable="false" sap:sortable="false" sap:filterable="false"/>
            </EntityType>
            <EntityContainer Name="SVT_TOOL_SERVICE_SRV_Entities" m:IsDefaultEntityContainer="true" sap:supported-formats="atom json xlsx">
                <EntitySet Name="get_rep_base_ship_userSet" EntityType="SVT.TOOL_SERVICE_SRV.get_rep_base_ship_user" sap:creatable="false" sap:updatable="false" sap:deletable="false" sap:pageable="false" sap:addressable="false" sap:content-version="1"/>
                <EntitySet Name="get_cust_for_userSet" EntityType="SVT.TOOL_SERVICE_SRV.get_cust_for_user" sap:creatable="false" sap:updatable="false" sap:deletable="false" sap:pageable="false" sap:addressable="false" sap:content-version="1"/>
                <EntitySet Name="Check_selectionSet" EntityType="SVT.TOOL_SERVICE_SRV.Check_selection" sap:creatable="false" sap:updatable="false" sap:deletable="false" sap:pageable="false" sap:content-version="1"/>
            </EntityContainer>
            <atom:link rel="self" href="https://supportshell-waeb84638.dispatcher.int.sap.hana.ondemand.com/services/odata/toolservicesrv/$metadata" 
                xmlns:atom="http://www.w3.org/2005/Atom"/>
            <atom:link rel="latest-version" href="https://supportshell-waeb84638.dispatcher.int.sap.hana.ondemand.com/services/odata/toolservicesrv/$metadata" 
                xmlns:atom="http://www.w3.org/2005/Atom"/>
        </Schema>
    </edmx:DataServices>
</edmx:Edmx>