{
  "generation": [
    {
      "templateId": "ui5template.basicSAPUI5ApplicationComponent",
      "templateVersion": "1.4.0",
      "dateTimeStamp": "Mon, 15 Aug 2016 10:04:51 GMT"
    },
    {
      "templateId": "servicecatalog.connectivityComponent",
      "templateVersion": "1.0.0",
      "dateTimeStamp": "Fri, 31 Jul 2015 06:52:16 GMT"
    }
  ],
  "mockpreview": {
    "mockUri": "/services/odata/svt/esr_srv/",
    "metadataFilePath": "localService/metadata.xml",
    "loadJSONFiles": false,
    "loadCustomRequests": false,
    "mockRequestsFilePath": ""
  },
  "translation": {
    "translationDomain": "",
    "supportedLanguages": "",
    "defaultLanguage": "",
    "defaultI18NPropertyFile": "",
    "resourceModelName": ""
  },
  "basevalidator": {
    "services": {
      "js": "fioriJsValidator",
      "xml": "fioriXmlAnalysis"
    }
  }
}