{
  "run": [
    {
      "filePath": "/webapp/index.html",
      "previewMode": 1,
      "dataMode": 1,
      "workspace": "withoutWorkspace",
      "ui5ActiveVersion": null,
      "ui5VerSource": null,
      "isDefaultVersion": 0,
      "urlParameters": [],
      "urlParametersNotNeeded": false,
      "hashParameter": "",
      "backendSystem": [],
      "_metadata": {
        "id": 9768439,
        "runnerId": "webapprunner",
        "displayName": "Run index.html",
        "lastRunTimeStamp": 1529551139193
      }
    },
    {
      "filePath": "/webapp/index.html",
      "previewMode": 1,
      "dataMode": 1,
      "ui5ActiveVersion": null,
      "ui5VerSource": null,
      "isDefaultVersion": 0,
      "workspace": "withoutWorkspace",
      "urlParameters": [],
      "backendSystem": [],
      "_metadata": {
        "runnerId": "qunitrunner",
        "id": 5227978,
        "displayName": "Run index.html 1",
        "lastRunTimeStamp": 1529551129561
      }
    },
    {
      "filePath": "/webapp/test/unit/unitTests.qunit.html",
      "previewMode": 1,
      "dataMode": 1,
      "workspace": "withoutWorkspace",
      "ui5ActiveVersion": null,
      "ui5VerSource": null,
      "isDefaultVersion": 0,
      "urlParameters": [
        {
          "paramName": "",
          "paramValue": ""
        }
      ],
      "hashParameter": "",
      "backendSystem": [],
      "_metadata": {
        "id": 3921969,
        "runnerId": "webapprunner",
        "displayName": "Run unitTests.qunit.html 1",
        "lastRunTimeStamp": 1529551120390
      }
    },
    {
      "filePath": "/webapp/test/integration/opaTests.qunit.html",
      "previewMode": 1,
      "dataMode": 1,
      "workspace": "withoutWorkspace",
      "ui5ActiveVersion": null,
      "ui5VerSource": null,
      "isDefaultVersion": 0,
      "urlParameters": [],
      "hashParameter": "",
      "backendSystem": [],
      "_metadata": {
        "runnerId": "webapprunner",
        "id": 2237130,
        "displayName": "Run opaTests.qunit.html 1",
        "lastRunTimeStamp": 1508762950574
      }
    },
    {
      "filePath": "/webapp/test/unit/unitTests.qunit.html",
      "previewMode": 1,
      "dataMode": 1,
      "ui5ActiveVersion": null,
      "ui5VerSource": null,
      "isDefaultVersion": 0,
      "workspace": "withoutWorkspace",
      "urlParameters": [],
      "backendSystem": [],
      "_metadata": {
        "runnerId": "qunitrunner",
        "id": 4416794,
        "displayName": "Run unitTests.qunit.html 2",
        "lastRunTimeStamp": 1506482955331
      }
    },
    {
      "filePath": "/webapp/test/mockserver.html",
      "previewMode": 1,
      "dataMode": 1,
      "ui5ActiveVersion": null,
      "ui5VerSource": null,
      "isDefaultVersion": 0,
      "workspace": "withoutWorkspace",
      "urlParameters": [],
      "backendSystem": [],
      "_metadata": {
        "runnerId": "qunitrunner",
        "id": 1763133,
        "displayName": "Run mockserver.html 2",
        "lastRunTimeStamp": 1506482926207
      }
    },
    {
      "filePath": "/test/mockserver.html",
      "previewMode": 1,
      "dataMode": 1,
      "workspace": "withoutWorkspace",
      "ui5ActiveVersion": null,
      "ui5VerSource": null,
      "isDefaultVersion": 0,
      "urlParameters": [],
      "hashParameter": "",
      "backendSystem": [],
      "_metadata": {
        "id": 6941181,
        "runnerId": "webapprunner",
        "displayName": "Run mockserver.html",
        "lastRunTimeStamp": 1482287008255
      }
    },
    {
      "filePath": "/esrrequest/index.html",
      "previewMode": 1,
      "dataMode": 1,
      "workspace": "withoutWorkspace",
      "ui5ActiveVersion": null,
      "ui5VerSource": null,
      "isDefaultVersion": 0,
      "urlParameters": [
        {
          "paramName": "",
          "paramValue": "",
          "paramActive": false
        },
        {
          "paramName": "",
          "paramValue": "",
          "paramActive": false
        }
      ],
      "hashParameter": "",
      "backendSystem": [
        {
          "source": "SMP_NG_WEB",
          "destinations": "SMP_NG_WEB"
        },
        {
          "source": "SMP_NG_WEB",
          "destinations": "SMP_NG_WEB"
        }
      ],
      "destBackendSystem": [
        "GW_PGP_WEB",
        "SMP_NG_WEBIDE",
        "CRM_AGS_WEBIDE"
      ],
      "_metadata": {
        "id": 6039495,
        "runnerId": "webapprunner",
        "displayName": "esrrequest"
      }
    },
    {
      "filePath": "/esrrequest/index.html",
      "previewMode": 1,
      "dataMode": 1,
      "workspace": "withoutWorkspace",
      "ui5ActiveVersion": null,
      "ui5VerSource": null,
      "isDefaultVersion": 0,
      "urlParameters": [
        {
          "paramName": "",
          "paramValue": "",
          "paramActive": false
        },
        {
          "paramName": "",
          "paramValue": "",
          "paramActive": false
        }
      ],
      "hashParameter": "",
      "backendSystem": [
        {
          "source": "SMP_NG_WEB",
          "destinations": "SMP_NG_WEB"
        },
        {
          "source": "SMP_NG_WEB",
          "destinations": "SMP_NG_WEB"
        }
      ],
      "destBackendSystem": [
        "GW_PGP_WEB",
        "SMP_NG_WEBIDE",
        "CRM_AGS_WEBIDE"
      ],
      "_metadata": {
        "id": 3639500,
        "runnerId": "webapprunner",
        "displayName": "New Web Application"
      }
    },
    {
      "filePath": "/test/integration/opaTests.qunit.html",
      "previewMode": 1,
      "dataMode": 1,
      "ui5ActiveVersion": null,
      "ui5VerSource": null,
      "workspace": "withoutWorkspace",
      "urlParameters": null,
      "backendSystem": [],
      "_metadata": {
        "id": 32261,
        "runnerId": "qunitrunner",
        "displayName": "Run opaTests.qunit.html",
        "lastRunTimeStamp": 1482211836261
      }
    },
    {
      "filePath": "/test/mockserver.html",
      "previewMode": 1,
      "dataMode": 1,
      "ui5ActiveVersion": null,
      "ui5VerSource": null,
      "workspace": "withoutWorkspace",
      "urlParameters": null,
      "backendSystem": [],
      "_metadata": {
        "id": 6232248,
        "runnerId": "qunitrunner",
        "displayName": "Run mockserver.html 1",
        "lastRunTimeStamp": 1479783407360
      }
    },
    {
      "filePath": "/test/unit/unitTests.qunit.html",
      "previewMode": 1,
      "dataMode": 1,
      "ui5ActiveVersion": null,
      "ui5VerSource": null,
      "workspace": "withoutWorkspace",
      "urlParameters": null,
      "backendSystem": [],
      "_metadata": {
        "id": 4272697,
        "runnerId": "qunitrunner",
        "displayName": "Run unitTests.qunit.html",
        "lastRunTimeStamp": 1474963436884
      }
    },
    {
      "filePath": "/esrrequest/Component.js",
      "previewMode": 0,
      "dataMode": 1,
      "workspace": "withoutWorkspace",
      "ui5ActiveVersion": null,
      "ui5VerSource": null,
      "isDefaultVersion": 0,
      "urlParameters": [
        {
          "paramName": "",
          "paramValue": "",
          "paramActive": false
        },
        {
          "paramName": "",
          "paramValue": "",
          "paramActive": false
        }
      ],
      "hashParameter": "",
      "backendSystem": [
        {
          "source": "SMP_NG_WEB",
          "destinations": "SMP_NG_WEB"
        },
        {
          "source": "SMP_NG_WEB",
          "destinations": "SMP_NG_WEB"
        }
      ],
      "destBackendSystem": [
        "GW_PGP_WEB",
        "SMP_NG_WEBIDE",
        "CRM_AGS_WEBIDE"
      ],
      "_metadata": {
        "id": 2186456,
        "runnerId": "fiorirunner",
        "displayName": "New SAP Fiori Component on Sandbox"
      }
    }
  ]
}