{
  "welcomeFile": "index.html",
  "routes": [
	{
		"path": "/services/odata",
		"target": {
			"type": "destination",
			"name": "SMP_NG_WEB",
			"entryPath": "/odata"
		},
		"description": "Odata Gateway"
	},
    {
      "path": "/resources",
      "target": {
        "type": "service",
        "name": "sapui5",
        "entryPath": "/resources"
      },
      "description": "SAPUI5 Resources"
    }
  ],
  "securityConstraints": [
		    {
		        "permission": "AccessApplicationDescriptor",
		        "description": "Access application descriptor file (neo-app.json)",
		        "protectedPaths": [
		            "/neo-app.json"
		        ]
		    },
		    {
		        "permission": "EclipseWorkspaceFiles",
		        "description": "Access to the eclipse workspace files",
		        "protectedPaths": [
		            "/.classpath",".project","/.settings","/src","/build","/WebContent/META-INF","/WebContent/WEB-INF"
		        ]
		    }
		]
}