<core:FragmentDefinition xmlns:cards="sap.me.cards" xmlns:core="sap.ui.core"
    xmlns="http://www.w3.org/1999/xhtml" xmlns:m="sap.m">
    <!--
        Card Base has no header and may be used for arbitrary cards (like a clock!)
    -->
    <cards:CardBase class="sapMeClockCard">
        <div id="clock" class="sapMeClock">
            <span id="hour" class="sapMeClockHour" />
            <span id="minute" class="sapMeClockMinute" />
            <span id="second" class="sapMeClockSecond" />
            <span class="sapMeClockDot" />
            <m:Text class="sapMeClockTimeZone" visible="{= !!${$this>timeZone} }"
                text="{= ${$this>timeZone}.replace(RegExp('_', 'g'), ' ') }" />
        </div>
    </cards:CardBase>
</core:FragmentDefinition>