<core:FragmentDefinition xmlns="sap.m" xmlns:core="sap.ui.core" xmlns:f="sap.f"
    xmlns:cards="sap.me.cards">
    <!--
        this card is freely resizable between 20rem and 60rem
        you can also choose to set any number of supported sizes using the supported sizes object like so:
    supportedSizes="{ 'S': '20rem', 'M': '40rem', 'L': '60rem' }"
    -->
    <cards:Card class="sapMeExampleCard" title="{$this.i18n>exampleCardTitle}"
        description="{$this.i18n>exampleCardDescription}"
        placeholderType="Generic" placeholderHeight="313px" resizable="true" minimumWidth="20rem"
        maximumWidth="60rem">
        <cards:headerContentRight>
            <Button text="{$this>/text}" />
        </cards:headerContentRight>
        <cards:headerMenuItems>
            <MenuItem text="{$this.i18n>exampleCardMyFirstMenuItem}" press="handleMenuItemPress"
                icon="sap-icon://save" />
            <MenuItem text="{$this.i18n>exampleCardMySecondMenuItem}" press="handleMenuItemPress" />
            <MenuItem text="{$this.i18n>exampleCardMyThirdMenuItem}">
                <MenuItem text="{$this.i18n>exampleCardMyFirstMenuSubItem}"
                    press="handleMenuItemPress" />
                <MenuItem text="{$this.i18n>exampleCardMySecondMenuSubItem}"
                    press="handleMenuItemPress" />
                <MenuItem text="{$this.i18n>exampleCardMyThirdMenuInactiveSubItem}" enabled="false" />
            </MenuItem>
        </cards:headerMenuItems>
        <HBox>
            <List class="sapUiSmallMargin" width="20rem"
                items="{ path: '$this.odata>/Birds', parameters: { $expand: 'livesInTree' } }">
                <CustomListItem>
                    <HBox alignItems="Center"
                        class="sapUiSmallMarginBeginEnd sapUiTinyMarginBottom">
                        <core:Icon src="sap-icon://Netweaver-business-client" />
                        <VBox class="sapUiSmallMarginBegin">
                            <layoutData>
                                <FlexItemData growFactor="1" />
                            </layoutData>
                            <Label text="{$this.odata>name}" design="Bold" />
                            <Label text="{$this.odata>family}" />
                        </VBox>
                        <!--
                            sometimes, especially in lists, it is favorable to the user to use links to trigger navigations,
                            compared to using buttons / press handlers only. in contrast to the latter, links provide the
                            benefit, that users can open them in a new browser tab / window if they prefer to do so. however
                            only providing the link would results in the page to reload on pressing the link, the setHash
                            utility method takes care of preferring to use the HashChanger to navigate in such cases
                        -->
                        <Link text="{$this.odata>livesInTree/name}"
                            href="/example/component/trees?highlight={$this.odata>livesInTree/ID}"
                            core:require="{setHash:'sap/me/shared/util/setHash'}"
                            press="setHash" textAlign="Right" />
                    </HBox>
                </CustomListItem>
            </List>

            <!--
                the /intrinsicWidth property can be used, to dynamically adapt the contents of the card,
                additionally you can use the sizeChanged event of the BaseCard or the CSS size breakpoints
                set to the card as CSS classes, to programatically adapt the sizes of the card
            -->
            <Text visible="{= ${$this>/intrinsicWidth} > ${$this.sizes>/M} }"
                class="sapUiSmallMargin sapUiNoMarginBegin"
                text="{$this.i18n>exampleCardLoremIpsum}" />
        </HBox>
    </cards:Card>
</core:FragmentDefinition>