<core:FragmentDefinition xmlns="sap.m" xmlns:core="sap.ui.core" xmlns:f="sap.f"
    xmlns:cards="sap.me.cards">
    <cards:Card title="{$this.i18n>exampleCardTitle}"
        description="{$this.i18n>exampleCardDescription}">
        <VBox width="100%">
            <List id="exampleList"
                items="{ path: '$this.odata>/Birds', parameters: { $expand: 'livesInTree' } }">
                <StandardListItem title="{$this.odata>name}" info="{$this.odata>family}" />
            </List>

            <cards:Paginator list="exampleList" pageSize="2" />
        </VBox>
    </cards:Card>
</core:FragmentDefinition>