<core:FragmentDefinition
    xmlns="sap.m"
    xmlns:core="sap.ui.core"
    xmlns:f="sap.f"
    xmlns:cards="sap.me.cards">
    <cards:Card
        title="{$this.i18n>exampleOverflowToolbarCardTitle}">
        <cards:headerContentLeft>
            <SegmentedButton>
                <items>
                    <SegmentedButtonItem
                        text="{$this.i18n>exampleOverflowToolbarCardButton}"/>
                    <SegmentedButtonItem
                        text="{$this.i18n>exampleOverflowToolbarCardButton}"/>
                </items>
            </SegmentedButton>
            <Select>
                <items>
                    <core:Item
                        key="1"
                        text="{$this.i18n>exampleOverflowToolbarCardListItem}"/>
                    <core:Item
                        key="2"
                        text="{$this.i18n>exampleOverflowToolbarCardListItem}"/>
                    <core:Item
                        key="3"
                        text="{$this.i18n>exampleOverflowToolbarCardListItem}"/>
                    <core:Item
                        key="4"
                        text="{$this.i18n>exampleOverflowToolbarCardListItem}"/>
                    <core:Item
                        key="5"
                        text="{$this.i18n>exampleOverflowToolbarCardListItem}"/>
                </items>
            </Select>
            <ToggleButton
                text="{$this.i18n>exampleOverflowToolbarCardButton}">
            </ToggleButton>
            <CheckBox
                text="{$this.i18n>exampleOverflowToolbarCardCheckbox}">
                <layoutData>
                    <OverflowToolbarLayoutData
                        shrinkable="true"/>
                </layoutData>
            </CheckBox>
            <Label
                text="{$this.i18n>exampleOverflowToolbarCardInput}"
                labelFor="labeledInputGroup2">
                <layoutData>
                    <OverflowToolbarLayoutData
                        group="2" />
                </layoutData>
            </Label>
            <Input
                id="labeledInputGroup2"
                width="5%"
                placeholder="{$this.i18n>exampleOverflowToolbarCardInput}">
                <layoutData>
                    <OverflowToolbarLayoutData
                        shrinkable="true"
                        group="2"/>
                </layoutData>
            </Input>
        </cards:headerContentLeft>
        <cards:headerContentRight>
            <SearchField
                width="10%"
                placeholder="{$this.i18n>exampleOverflowToolbarCardSearch}">
                <layoutData>
                    <OverflowToolbarLayoutData/>
                </layoutData>
            </SearchField>
            <ComboBox
                width="5%">
                <core:Item
                    key="item1"
                    text="{$this.i18n>exampleOverflowToolbarCardListItem}"/>
                <core:Item
                    key="item2"
                    text="{$this.i18n>exampleOverflowToolbarCardListItem}"/>
            </ComboBox>
            <DateTimeInput
                width="10%"/>
            <MenuButton
                text="{$this.i18n>exampleOverflowToolbarCardButton}"
                buttonMode="Split"
                useDefaultActionOnly="true">
                <menu>
                    <Menu>
                        <MenuItem
                            text="{$this.i18n>exampleOverflowToolbarCardListItem}"
                            icon="sap-icon://chalkboard">
                            <items>
                                <MenuItem
                                    text="{$this.i18n>exampleOverflowToolbarCardListItem}" 
                                    icon="sap-icon://add" />
                                <MenuItem
                                    text="{$this.i18n>exampleOverflowToolbarCardListItem}"
                                    icon="sap-icon://less" />
                                <MenuItem
                                    text="{$this.i18n>exampleOverflowToolbarCardListItem}"
                                    icon="sap-icon://decline" />
                            </items>
                        </MenuItem>
                    </Menu>
                </menu>
            </MenuButton>
            <GenericTag
                text="{$this.i18n>exampleOverflowToolbarCardGenericTag}"
                design="StatusIconHidden"
                status="Success">
                <ObjectNumber
                    state="Success"
                    emphasized="false"
                    number="1.6M"
                    unit="EUR" />
            </GenericTag>
        </cards:headerContentRight>
        <Table
            items="{ path: '$this.odata>/Birds',sorter:{path: 'family'}}">
            <ColumnListItem
                title="{$this.odata>name}"
                info="{$this.odata>family}">
                <cells>
                    <Text
                        text="{$this.odata>name}" />
                    <Text
                        text="{$this.odata>family}" />
                </cells>
            </ColumnListItem>
            <columns>
                <cards:Column
                    propertyName="name"
                    text="name" />
                <cards:Column
                    propertyName="family"
                    text="family" />
            </columns>
        </Table>
    </cards:Card>
</core:FragmentDefinition>